time_s,cmd_v_mps,odom_v_mps,cmd_w_radps,odom_w_radps,odom_x_m,odom_y_m
0.0,0.5,0.22359535542803116,0.0,-0.00046854658521570746,-2.49346813576131,0.9999215623938181
0.020000000000010232,0.5,0.22363360344577168,0.0,-0.0004680950727013647,-2.4934233784308577,0.9999215064833124
0.040000000000020464,0.5,0.2236718514635122,0.0,-0.00046764356018702194,-2.4933786211004048,0.9999214505728067
0.060000000000030695,0.5,0.22371009948125276,0.0,-0.0004671920476726792,-2.4933338637699523,0.9999213946623009
0.08000000000004093,0.5,0.22374834749899328,0.0,-0.00046674053515833637,-2.4932891064394997,0.9999213387517952
0.10000000000005116,0.5,0.49983428020193116,0.0,-0.00011858112895680045,-2.453029962438519,0.9999267729966693
0.12000000000006139,0.5,0.4998364839565242,0.0,-0.00011845165579201093,-2.4529299933811832,0.9999267869874371
0.14000000000007162,0.5,0.49983868771111717,0.0,-0.0001183221826272214,-2.452830024323847,0.9999268009782049
0.16000000000008185,0.5,0.4998408914657102,0.0,-0.00011819270946243187,-2.4527300552665112,0.9999268149689725
0.1800000000000921,0.5,0.49984309522030324,0.0,-0.00011806323629764235,-2.452630086209175,0.9999268289597403
0.20000000000010232,0.5,0.4999898860897539,0.0,0.0006291425406180154,-2.4030361906692015,0.9999393684464662
0.22000000000011255,0.5,0.49983973650424646,0.0,0.0006166977626719905,-2.402936341517259,0.9999392580348778
0.24000000000012278,0.5,0.49968958691873905,0.0,0.0006042529847259657,-2.4028364923653167,0.9999391476232894
0.260000000000133,0.5,0.49953943733323164,0.0,0.0005918082067799408,-2.402736643213374,0.9999390372117009
0.28000000000014325,0.5,0.49938928774772423,0.0,0.000579363428833916,-2.402636794061432,0.9999389268001124
0.3000000000001535,0.5,0.49989551682718436,0.0,-5.634234620889018e-05,-2.353043846700121,0.9999507881847002
0.3200000000001637,0.5,0.4999256881582978,0.0,-3.490913413040787e-05,-2.352943837831196,0.9999507443708169
0.34000000000017394,0.5,0.4999558594894113,0.0,-1.3475922051925564e-05,-2.3528438289622713,0.9999507005569336
0.3600000000001842,0.5,0.49998603082052473,0.0,7.957290026556738e-06,-2.3527438200933464,0.9999506567430502
0.3800000000001944,0.5,0.5000162021516382,0.0,2.9390502105039046e-05,-2.352643811224422,0.9999506129291669
0.40000000000020464,0.5,0.499917089339615,0.0,0.00015896928459416658,-2.303052990309065,0.9999692187181752
0.42000000000021487,0.5,0.49992923348097196,0.0,0.00015541001651301096,-2.302952994758115,0.999969233313263
0.4400000000002251,0.5,0.4999413776223289,0.0,0.00015185074843185534,-2.302852999207165,0.9999692479083508
0.46000000000023533,0.5,0.49995352176368585,0.0,0.00014829148035069972,-2.302753003656215,0.9999692625034386
0.48000000000024556,0.5,0.49996566590504277,0.0,0.0001447322122695441,-2.302653008105265,0.9999692770985265
0.5000000000002558,0.5,0.4999348032417834,0.0,0.0004603167122085809,-2.2530595834316336,0.9999868113362922
0.520000000000266,0.5,0.49993323383306104,0.0,0.0004243853990873267,-2.2529595980430357,0.999986845935782
0.5400000000002763,0.5,0.4999316644243387,0.0,0.0003884540859660725,-2.2528596126544373,0.9999868805352717
0.5600000000002865,0.5,0.4999300950156163,0.0,0.00035252277284481833,-2.2527596272658394,0.9999869151347616
0.5800000000002967,0.5,0.49992852560689394,0.0,0.00031659145972356414,-2.2526596418772415,0.9999869497342513
0.600000000000307,0.5,0.49981468902172677,0.0,-4.685817720913634e-06,-2.203070369616561,1.0000084043159672
0.6200000000003172,0.5,0.49982298256269986,0.0,-4.103736294992156e-06,-2.202970398390257,1.0000084445901565
0.6400000000003274,0.5,0.499831276103673,0.0,-3.521654869070678e-06,-2.2028704271639525,1.0000084848643458
0.6600000000003376,0.5,0.4998395696446461,0.0,-2.9395734431492e-06,-2.202770455937648,1.0000085251385349
0.6800000000003479,0.5,0.4998478631856192,0.0,-2.357492017227722e-06,-2.202670484711344,1.0000085654127242
0.7000000000003581,0.5,0.4999620500234697,0.0,6.442303680054098e-05,-2.152576216307975,1.0000249240417773
0.7200000000003683,0.5,0.499958770930715,0.0,5.290345212031344e-05,-2.15247622484244,1.000025001018696
0.7400000000003786,0.5,0.4999554918379603,0.0,4.13838674400859e-05,-2.152376233376905,1.0000250779956146
0.7600000000003888,0.5,0.49995221274520557,0.0,2.986428275985835e-05,-2.15227624191137,1.0000251549725332
0.780000000000399,0.5,0.4999489336524509,0.0,1.834469807963081e-05,-2.1521762504458355,1.0000252319494518
0.8000000000004093,0.5,0.5000234300876037,0.0,9.875390343946958e-05,-2.1030836241581476,1.0000343642731955
0.8200000000004195,0.5,0.5000132887663897,0.0,9.753756247994727e-05,-2.1029836296294677,1.0000344431709958
0.8400000000004297,0.5,0.5000031474451757,0.0,9.632122152042496e-05,-2.102883635100788,1.0000345220687963
0.86000000000044,0.5,0.4999930061239617,0.0,9.510488056090265e-05,-2.102783640572108,1.0000346009665966
0.8800000000004502,0.5,0.4999828648027477,0.0,9.388853960138035e-05,-2.102683646043428,1.000034679864397
0.9000000000004604,0.5,0.49935754968797863,0.0,0.0004946756459131941,-2.053090114858354,1.000048597624458
0.9200000000004707,0.5,0.4993770317550339,0.0,0.0004943452035939161,-2.052990223852255,1.0000485697669361
0.9400000000004809,0.5,0.49939651382208916,0.0,0.000494014761274638,-2.0528903328461556,1.000048541909414
0.9600000000004911,0.5,0.4994159958891445,0.0,0.00049368431895536,-2.0527904418400564,1.0000485140518922
0.9800000000005014,0.5,0.49943547795619975,0.0,0.0004933538766360821,-2.0526905508339572,1.0000484861943701
1.0000000000005116,0.5,0.4999879844178566,0.0,2.1232966599294992e-05,-2.0030990945613545,1.0000771194666507
1.0200000000005218,0.5,0.49998845246610657,0.0,2.2456561159727132e-05,-2.0029990965200795,1.0000771902450474
1.040000000000532,0.5,0.4999889205143565,0.0,2.3680155720159275e-05,-2.0028990984788044,1.000077261023444
1.0600000000005423,0.5,0.49998938856260644,0.0,2.4903750280591414e-05,-2.0027991004375294,1.0000773318018408
1.0800000000005525,0.5,0.49998985661085643,0.0,2.6127344841023557e-05,-2.002699102396255,1.0000774025802375
1.1000000000005627,0.5,0.49990313764128697,0.0,0.0003107606858520346,-1.953104489145956,1.0000992447381452
1.120000000000573,0.5,0.4998748135806241,0.0,0.0003066506577544685,-1.9530045365910895,1.0000992514055715
1.1400000000005832,0.5,0.4998464895199612,0.0,0.0003025406296569024,-1.952904584036223,1.0000992580729982
1.1600000000005934,0.5,0.4998181654592983,0.0,0.0002984306015593363,-1.9528046314813563,1.0000992647404245
1.1800000000006037,0.5,0.49978984139863536,0.0,0.0002943205734617702,-1.95270467892649,1.0000992714078512
1.200000000000614,0.5,0.4996042330583451,0.0,3.35050117272096e-05,-1.9031121626928404,1.0001196109965593
1.2200000000006241,0.5,0.4995571581970257,0.0,6.660379332450841e-05,-1.9030122265972051,1.0001196291355965
1.2400000000006344,0.5,0.49951008333570623,0.0,9.97025749218072e-05,-1.9029122905015696,1.0001196472746339
1.2600000000006446,0.5,0.49946300847438674,0.0,0.000132801356519106,-1.9028123544059343,1.000119665413671
1.2800000000006548,0.5,0.4994159336130673,0.0,0.0001659001381164048,-1.902712418310299,1.0001196835527084
1.300000000000665,0.5,0.5000240680281263,0.0,0.00031671644204383587,-1.8526291955917766,1.000148177176896
1.3200000000006753,0.5,0.5000242528459545,0.0,0.0003166368072366181,-1.8525291906222656,1.0001482722559871
1.3400000000006855,0.5,0.5000244376637828,0.0,0.00031655717242940043,-1.8524291856527548,1.000148367335078
1.3600000000006958,0.5,0.5000246224816112,0.0,0.0003164775376221827,-1.8523291806832438,1.000148462414169
1.380000000000706,0.5,0.5000248072994394,0.0,0.00031639790281496493,-1.852229175713733,1.0001485574932598
1.4000000000007162,0.5,0.4999846930268754,0.0,0.00018039449263280237,-1.8031380684354505,1.0001724539186698
1.4200000000007265,0.5,0.4999841549434625,0.0,0.00017887125813378932,-1.803038072040938,1.0001724847613245
1.4400000000007367,0.5,0.49998361686004955,0.0,0.00017734802363477623,-1.8029380756464253,1.0001725156039791
1.460000000000747,0.5,0.49998307877663667,0.0,0.00017582478913576315,-1.8028380792519128,1.000172546446634
1.4800000000007572,0.5,0.49998254069322373,0.0,0.00017430155463675007,-1.8027380828574,1.0001725772892887
1.5000000000007674,0.5,0.4997838222799035,0.0,0.000248298608316279,-1.7531401305977183,1.0001814364965915
1.5200000000007776,0.5,0.49976595501077165,0.0,0.0002490360543620643,-1.7530401916750744,1.0001813878605301
1.5400000000007878,0.5,0.4997480877416398,0.0,0.0002497735004078496,-1.7529402527524305,1.000181339224469
1.560000000000798,0.5,0.49973022047250804,0.0,0.00025051094645363493,-1.7528403138297866,1.0001812905884075
1.5800000000008083,0.5,0.4997123532033762,0.0,0.0002512483924994202,-1.7527403749071426,1.0001812419523464
1.6000000000008185,0.5,0.49946782961269,0.0,0.00040732336338740384,-1.7031460658153086,1.0002039184323475
1.6200000000008288,0.5,0.4995417139859323,0.0,0.0003549224461500567,-1.7030460979274755,1.000204012558129
1.640000000000839,0.5,0.49961559835917463,0.0,0.00030252152891270957,-1.7029461300396422,1.0002041066839107
1.6600000000008492,0.5,0.499689482732417,0.0,0.00025012061167536243,-1.702846162151809,1.000204200809692
1.6800000000008595,0.5,0.4997633671056593,0.0,0.00019771969443801524,-1.7027461942639757,1.0002042949354737
1.7000000000008697,0.5,0.4995614173712003,0.0,0.0006437820278338653,-1.6531503651594353,1.0002217119518408
1.72000000000088,0.5,0.49958189923710344,0.0,0.0006204178805707631,-1.6530504321140345,1.000221724543835
1.7400000000008902,0.5,0.49960238110300653,0.0,0.000597053733307661,-1.6529504990686337,1.000221737135829
1.7600000000009004,0.5,0.4996228629689096,0.0,0.0005736895860445589,-1.6528505660232329,1.0002217497278232
1.7800000000009106,0.5,0.49964334483481276,0.0,0.0005503254387814566,-1.652750632977832,1.0002217623198173
1.8000000000009209,0.5,0.49976497448599794,0.0,0.0001406010407438938,-1.603152437575704,1.0002423997636198
1.820000000000931,0.5,0.49980969368570405,0.0,8.982424918304736e-05,-1.6030524398552857,1.0002424144642146
1.8400000000009413,0.5,0.49985441288541016,0.0,3.9047457622200964e-05,-1.6029524421348673,1.0002424291648093
1.8600000000009516,0.5,0.49989913208511627,0.0,-1.1729333938645435e-05,-1.602852444414449,1.0002424438654043
1.8800000000009618,0.5,0.4999438512848224,0.0,-6.250612549949186e-05,-1.6027524466940306,1.000242458565999
1.900000000000972,0.5,0.49999063964891066,0.0,1.1014930584720446e-05,-1.5526619310316871,1.0002720679689765
1.9200000000009823,0.5,0.49999206795980355,0.0,1.1519761700533347e-05,-1.5525619314935097,1.0002721321656416
1.9400000000009925,0.5,0.4999934962706964,0.0,1.2024592816346248e-05,-1.5524619319553323,1.0002721963623067
1.9600000000010027,0.5,0.4999949245815893,0.0,1.2529423932159149e-05,-1.5523619324171547,1.0002722605589718
1.980000000001013,0.5,0.4999963528924822,0.0,1.303425504797205e-05,-1.5522619328789773,1.0002723247556369
2.000000000001023,0.5,0.5000110794555558,0.0,0.0002326998427474287,-1.5031719647296562,1.0003016718622533
2.0200000000010334,0.5,0.5000209559904513,0.0,0.00021649680408299365,-1.5030719532555907,1.0003017342062908
2.0400000000010436,0.5,0.5000308325253469,0.0,0.0002002937654185586,-1.5029719417815253,1.0003017965503282
2.060000000001054,0.5,0.5000407090602424,0.0,0.00018409072675412355,-1.5028719303074598,1.000301858894366
2.080000000001064,0.5,0.500050585595138,0.0,0.0001678876880896885,-1.5027719188333943,1.0003019212384034
2.1000000000010743,0.5,0.4999480987331437,0.0,0.00015065700491382695,-1.4531794154135371,1.0003239397292745
2.1200000000010846,0.5,0.49995221144037033,0.0,0.0001503280809960707,-1.45307942170288,1.0003240077196212
2.140000000001095,0.5,0.49995632414759694,0.0,0.0001499991570783144,-1.4529794279922228,1.000324075709968
2.160000000001105,0.5,0.49996043685482355,0.0,0.00014967023316055816,-1.4528794342815656,1.0003241437003147
2.1800000000011153,0.5,0.49996454956205016,0.0,0.0001493413092428019,-1.4527794405709082,1.0003242116906617
2.2000000000011255,0.5,0.4999930667721703,0.0,-4.0474194565887936e-05,-1.4031918767683302,1.000351008752314
2.2200000000011357,0.5,0.4999937662291283,0.0,-4.094875183835924e-05,-1.4030918774548846,1.0003510305714705
2.240000000001146,0.5,0.49999446568608624,0.0,-4.142330911083053e-05,-1.402991878141439,1.000351052390627
2.260000000001156,0.5,0.4999951651430442,0.0,-4.1897866383301834e-05,-1.4028918788279934,1.0003510742097834
2.2800000000011664,0.5,0.4999958646000022,0.0,-4.2372423655773135e-05,-1.4027918795145475,1.00035109602894
2.3000000000011767,0.5,0.49986365310172093,0.0,0.00038900903313257324,-1.3532005873080009,1.0003827297175254
2.320000000001187,0.5,0.4998676052005778,0.0,0.0003696623232164294,-1.3531006111541317,1.0003827226491075
2.340000000001197,0.5,0.49987155729943467,0.0,0.0003503156133002855,-1.3530006350002626,1.0003827155806895
2.3600000000012074,0.5,0.49987550939829156,0.0,0.0003309689033841417,-1.3529006588463934,1.0003827085122716
2.3800000000012176,0.5,0.49987946149714846,0.0,0.0003116221934679978,-1.3528006826925243,1.0003827014438536
2.400000000001228,0.5,0.5001516711004264,0.0,-0.00022516047791080402,-1.3032070621278429,1.000404839051141
2.420000000001238,0.5,0.500123871635076,0.0,-0.0002068426317454976,-1.3031070596166143,1.0004049050991675
2.4400000000012483,0.5,0.5000960721697256,0.0,-0.0001885247855801912,-1.3030070571053858,1.0004049711471938
2.4600000000012585,0.5,0.5000682727043753,0.0,-0.0001702069394148848,-1.302907054594157,1.0004050371952204
2.4800000000012687,0.5,0.500040473239025,0.0,-0.0001518890932495784,-1.3028070520829285,1.0004051032432468
2.500000000001279,0.5,0.4999962211736298,0.0,-5.155649615015122e-05,-1.2532120226564634,1.0004348927147468
2.520000000001289,0.5,0.49999704217217805,0.0,-5.152595373088455e-05,-1.2531120225987618,1.0004349284015028
2.5400000000012994,0.5,0.49999786317072636,0.0,-5.149541131161788e-05,-1.2530120225410601,1.0004349640882588
2.5600000000013097,0.5,0.4999986841692746,0.0,-5.1464868892351204e-05,-1.2529120224833588,1.0004349997750146
2.58000000000132,0.5,0.49999950516782293,0.0,-5.143432647308454e-05,-1.2528120224256571,1.0004350354617706
2.60000000000133,0.5,0.4999818913232397,0.0,-2.2235394111346276e-05,-1.2032266763276152,1.0004663217139567
2.6200000000013404,0.5,0.4999839822271398,0.0,-2.1010476951134993e-05,-1.2031266778603629,1.0004663572726464
2.6400000000013506,0.5,0.4999860731310399,0.0,-1.978555979092371e-05,-1.2030266793931104,1.0004663928313362
2.660000000001361,0.5,0.49998816403494,0.0,-1.8560642630712426e-05,-1.202926680925858,1.0004664283900258
2.680000000001371,0.5,0.4999902549388401,0.0,-1.7335725470501143e-05,-1.2028266824586058,1.0004664639487155
2.7000000000013813,0.0,0.1774512767867222,0.0,0.0011633594045699254,-1.165755609928383,1.000484169239171
2.7200000000013915,0.0,0.1773185763138093,0.0,0.0011634943187207513,-1.1657202523463257,1.000484135364735
2.7400000000014018,0.0,0.17718587584089637,0.0,0.001163629232871577,-1.1656848947642682,1.0004841014902985
2.760000000001412,0.0,0.17705317536798346,0.0,0.0011637641470224028,-1.1656495371822109,1.0004840676158624
2.7800000000014222,0.0,0.17692047489507054,0.0,0.0011638990611732287,-1.1656141796001536,1.000484033741426
2.8000000000014325,0.0,-3.767437851568989e-06,0.0,4.9671822357563196e-05,-1.161883433042446,1.0004871168862048
2.8200000000014427,0.0,-1.3485511190291916e-06,0.0,5.156425539958572e-05,-1.1618834313811834,1.0004871234679935
2.840000000001453,0.0,1.070335613510606e-06,0.0,5.345668844160824e-05,-1.1618834297199212,1.0004871300497822
2.860000000001463,0.0,3.4892223460504026e-06,0.0,5.534912148363075e-05,-1.1618834280586587,1.000487136631571
2.8800000000014734,0.0,5.9081090785902e-06,0.0,5.724155452565327e-05,-1.1618834263973965,1.0004871432133597
2.9000000000014836,0.0,-3.6950529320296016e-06,0.0,5.17317269806675e-05,-1.1618832241929657,1.0004897327308693
2.920000000001494,0.0,-1.3420797344241837e-06,0.0,5.2826164293172436e-05,-1.1618832225829299,1.0004897389822014
2.940000000001504,0.0,1.010893463181235e-06,0.0,5.392060160567736e-05,-1.1618832209728942,1.0004897452335335
2.9600000000015143,0.0,3.363866660786653e-06,0.0,5.50150389181823e-05,-1.1618832193628583,1.0004897514848656
2.9800000000015245,0.0,5.716839858392071e-06,0.0,5.6109476230687224e-05,-1.1618832177528227,1.0004897577361977
3.0000000000015348,0.0,8.047081112814361e-06,0.0,5.706223960721644e-05,-1.1618830077701905,1.0004924071270098
3.020000000001545,0.0,5.698676416285741e-06,0.0,5.6761249652685915e-05,-1.1618830085119212,1.0004924114552425
3.0400000000015552,0.0,3.3502717197571216e-06,0.0,5.646025969815539e-05,-1.1618830092536518,1.0004924157834754
3.0600000000015655,0.0,1.0018670232285024e-06,0.0,5.615926974362486e-05,-1.1618830099953825,1.000492420111708
3.0800000000015757,0.0,-1.3465376733001177e-06,0.0,5.585827978909433e-05,-1.1618830107371132,1.000492424439941
3.100000000001586,0.0,8.047136090253003e-06,0.0,5.711311405151113e-05,-1.1618827995058638,1.0004950795807463
3.120000000001596,0.0,5.697861819192493e-06,0.0,5.6809379874610254e-05,-1.1618828002485113,1.0004950839631743
3.1400000000016064,0.0,3.3485875481319827e-06,0.0,5.650564569770939e-05,-1.1618828009911588,1.0004950883456025
3.1600000000016166,0.0,9.993132770714723e-07,0.0,5.620191152080851e-05,-1.161882801733806,1.0004950927280305
3.180000000001627,0.0,-1.349960993989038e-06,0.0,5.5898177343907645e-05,-1.1618828024764536,1.0004950971104587
3.200000000001637,0.0,8.049882876040774e-06,0.0,5.717932628999331e-05,-1.1618825913545279,1.0004977815083185
3.2200000000016473,0.0,5.699504867979353e-06,0.0,5.687284238022634e-05,-1.16188259209779,1.0004977859472637
3.2400000000016576,0.0,3.349126859917932e-06,0.0,5.6566358470459364e-05,-1.161882592841052,1.0004977903862087
3.260000000001668,0.0,9.98748851856511e-07,0.0,5.625987456069239e-05,-1.1618825935843142,1.0004977948251539
3.280000000001678,0.0,-1.3516291562049102e-06,0.0,5.595339065092542e-05,-1.1618825943275763,1.0004977992640989
3.3000000000016882,0.0,-3.707839465436862e-06,0.0,5.2090681345890655e-05,-1.1618823912213192,1.0005004806850566
3.3200000000016985,0.0,-1.3434701407088108e-06,0.0,5.31139832849079e-05,-1.1618823896022517,1.0005004871550236
3.3400000000017087,0.0,1.0208991840192406e-06,0.0,5.413728522392515e-05,-1.161882387983184,1.0005004936249906
3.360000000001719,0.0,3.3852685087472916e-06,0.0,5.516058716294239e-05,-1.1618823863641168,1.0005005000949576
3.380000000001729,0.0,5.7496378334753425e-06,0.0,5.618388910195964e-05,-1.1618823847450492,1.0005005065649246
3.4000000000017394,-0.5,-0.29593017309357217,0.0,0.0005381779113642338,-1.1731175722791474,1.0004942777279255
3.4200000000017496,-0.5,-0.29751848030871086,0.0,0.000561613772825453,-1.1731783465957264,1.0004941870593795
3.44000000000176,-0.5,-0.2991067875238495,0.0,0.0005850496342866722,-1.1732391209123054,1.0004940963908335
3.46000000000177,-0.5,-0.30069509473898814,0.0,0.0006084854957478914,-1.1732998952288847,1.0004940057222877
3.4800000000017803,-0.5,-0.3022834019541268,0.0,0.0006319213572091105,-1.1733606695454637,1.0004939150537417
3.5000000000017906,-0.5,-0.500260835595053,0.0,0.0003125313678108019,-1.2180856676125762,1.0004702579565283
3.520000000001801,-0.5,-0.50019934765062,0.0,0.0003120100402558688,-1.2181856582566866,1.0004702471635956
3.540000000001811,-0.5,-0.500137859706187,0.0,0.00031148871270093566,-1.218285648900797,1.000470236370663
3.5600000000018213,-0.5,-0.5000763717617539,0.0,0.00031096738514600254,-1.2183856395449073,1.0004702255777302
3.5800000000018315,-0.5,-0.5000148838173208,0.0,0.0003104460575910695,-1.2184856301890177,1.0004702147847977
3.6000000000018417,-0.5,-0.49984846253152837,0.0,-0.00020326266900007144,-1.2685758643573897,1.0004428885447658
3.620000000001852,-0.5,-0.4998491362571838,0.0,-0.00021058827078982396,-1.2686758342436486,1.0004428749827077
3.640000000001862,-0.5,-0.49984980998283923,0.0,-0.0002179138725795765,-1.2687758041299075,1.0004428614206495
3.6600000000018724,-0.5,-0.49985048370849466,0.0,-0.00022523947436932902,-1.2688757740161667,1.0004428478585914
3.6800000000018827,-0.5,-0.4998511574341501,0.0,-0.00023256507615908154,-1.2689757439024256,1.0004428342965332
3.700000000001893,-0.5,-0.4998394601041277,0.0,7.044412575349447e-05,-1.3185639417520847,1.000409338130458
3.720000000001903,-0.5,-0.49985515028110766,0.0,7.027737102189218e-05,-1.3186639331007568,1.0004092160368483
3.7400000000019133,-0.5,-0.4998708404580876,0.0,7.01106162902899e-05,-1.318763924449429,1.0004090939432384
3.7600000000019236,-0.5,-0.49988653063506755,0.0,6.994386155868761e-05,-1.318863915798101,1.0004089718496287
3.780000000001934,-0.5,-0.49990222081204755,0.0,6.977710682708532e-05,-1.3189639071467731,1.0004088497560188
3.800000000001944,-0.5,-0.4998120390655664,0.0,-0.00011474111226689954,-1.36855517789144,1.0003790063952205
3.8200000000019543,-0.5,-0.49980818378513586,0.0,-0.00011369318965103245,-1.3686551364338428,1.000378953857639
3.8400000000019645,-0.5,-0.4998043285047053,0.0,-0.00011264526703516535,-1.3687550949762455,1.0003789013200577
3.8600000000019747,-0.5,-0.49980047322427473,0.0,-0.00011159734441929825,-1.3688550535186483,1.000378848782476
3.880000000001985,-0.5,-0.49979661794384417,0.0,-0.00011054942180343116,-1.368955012061051,1.0003787962448947
3.900000000001995,-0.5,-0.4998836552339175,0.0,-0.00023302408062667132,-1.4180459017253124,1.0003479472575907
3.9200000000020054,-0.5,-0.49988858264590097,0.0,-0.00022248781633263945,-1.4181458863945282,1.00034789116867
3.9400000000020157,-0.5,-0.49989351005788446,0.0,-0.0002119515520386076,-1.418245871063744,1.0003478350797497
3.960000000002026,-0.5,-0.499898437469868,0.0,-0.00020141528774457576,-1.4183458557329596,1.000347778990829
3.980000000002036,-0.5,-0.4999033648818515,0.0,-0.0001908790234505439,-1.4184458404021754,1.0003477229019087
4.000000000002046,-0.5,-0.5005407593015935,0.0,-7.481829632875496e-05,-1.4680313642318275,1.0003241570632857
4.020000000002057,-0.5,-0.500427995583137,0.0,-0.0001086137605391127,-1.468131359489019,1.0003239255762584
4.040000000002067,-0.5,-0.5003152318646805,0.0,-0.00014240922474947042,-1.468231354746211,1.000323694089231
4.060000000002077,-0.5,-0.500202468146224,0.0,-0.00017620468895982813,-1.4683313500034025,1.0003234626022037
4.080000000002087,-0.5,-0.5000897044277677,0.0,-0.00021000015317018585,-1.4684313452605942,1.0003232311151766
4.1000000000020975,-0.5,-0.49984549415996954,0.0,-0.0002075063280623049,-1.5180182625479028,1.0002964064491051
4.120000000002108,-0.5,-0.4998420104300454,0.0,-0.00020856635133111834,-1.5181182280717394,1.0002962368526958
4.140000000002118,-0.5,-0.4998385267001212,0.0,-0.00020962637459993178,-1.5182181935955756,1.0002960672562864
4.160000000002128,-0.5,-0.499835042970197,0.0,-0.00021068639786874524,-1.5183181591194121,1.0002958976598768
4.1800000000021384,-0.5,-0.4998315592402728,0.0,-0.00021174642113755868,-1.5184181246432484,1.0002957280634674
4.200000000002149,-0.5,-0.4998988566821341,0.0,1.954701956583643e-05,-1.5680082071377526,1.000271599698947
4.220000000002159,-0.5,-0.49989066817595845,0.0,2.034649257318133e-05,-1.5681081787168167,1.0002715653101029
4.240000000002169,-0.5,-0.4998824796697829,0.0,2.1145965580526236e-05,-1.568208150295881,1.0002715309212586
4.260000000002179,-0.5,-0.49987429116360726,0.0,2.1945438587871137e-05,-1.568308121874945,1.0002714965324144
4.28000000000219,-0.5,-0.49986610265743164,0.0,2.2744911595216042e-05,-1.5684080934540092,1.0002714621435702
4.3000000000022,-0.5,-0.4998533750245853,0.0,-0.00014815844731057133,-1.6179990507144935,1.0002422095008587
4.32000000000221,-0.5,-0.4998496573452202,0.0,-0.00014755636277608122,-1.6180990176468828,1.0002421425120809
4.34000000000222,-0.5,-0.49984593966585505,0.0,-0.00014695427824159112,-1.6181989845792721,1.000242075523303
4.3600000000022305,-0.5,-0.4998422219864899,0.0,-0.00014635219370710104,-1.6182989515116615,1.0002420085345252
4.380000000002241,-0.5,-0.4998385043071248,0.0,-0.00014575010917261094,-1.6183989184440508,1.0002419415457473
4.400000000002251,-0.5,-0.49982361593216507,0.0,-0.0002628285051107485,-1.6679911669992706,1.0002119175944904
4.420000000002261,-0.5,-0.49989377476393965,0.0,-0.000267121802096254,-1.668091204025263,1.0002119684105593
4.4400000000022715,-0.5,-0.4999639335957142,0.0,-0.00027141509908175946,-1.6681912410512554,1.0002120192266282
4.460000000002282,-0.5,-0.5000340924274889,0.0,-0.000275708396067265,-1.6682912780772479,1.0002120700426969
4.480000000002292,-0.5,-0.5001042512592634,0.0,-0.0002800016930527705,-1.6683913151032403,1.0002121208587658
4.500000000002302,0.0,-0.25627939973836705,0.0,-8.38581925079278e-05,-1.7105803480994024,1.0001842152999136
4.520000000002312,0.0,-0.25624126852891743,0.0,-8.32365203654656e-05,-1.7106315658264628,1.0001841652298757
4.540000000002323,0.0,-0.25620313731946776,0.0,-8.26148482230034e-05,-1.7106827835535234,1.0001841151598378
4.560000000002333,0.0,-0.25616500611001813,0.0,-8.19931760805412e-05,-1.710734001280584,1.0001840650898
4.580000000002343,0.0,-0.25612687490056846,0.0,-8.137150393807901e-05,-1.7107852190076445,1.000184015019762
4.600000000002353,0.0,0.00031271637447328815,0.0,0.00017085497624427884,-1.718746094281612,1.000181319305946
4.6200000000023635,0.0,0.00025865418868533096,0.0,0.0001493050785581388,-1.7187460857977912,1.0001813168225677
4.640000000002374,0.0,0.00020459200289737377,0.0,0.00012775518087199876,-1.7187460773139704,1.0001813143391896
4.660000000002384,0.0,0.00015052981710941658,0.0,0.00010620528318585872,-1.71874606883015,1.0001813118558112
4.680000000002394,0.0,9.64676313214594e-05,0.0,8.465538549971868e-05,-1.7187460603463292,1.000181309372433
4.7000000000024045,0.0,-2.3433323336177135e-05,0.0,-0.00014749688942177971,-1.7187451448180628,1.0001860901487976
4.720000000002415,0.0,-3.418666585539552e-05,0.0,-0.00015409951426092303,-1.718745160238672,1.0001860599070298
4.740000000002425,0.0,-4.494000837461391e-05,0.0,-0.00016070213910006633,-1.7187451756592813,1.0001860296652618
4.760000000002435,0.0,-5.56933508938323e-05,0.0,-0.00016730476393920964,-1.7187451910798905,1.000185999423494
4.780000000002445,0.0,-6.644669341305069e-05,0.0,-0.00017390738877835294,-1.7187452065004998,1.000185969181726
4.800000000002456,0.0,2.2146663975918864e-05,0.0,7.263298352319642e-05,-1.7187430142632805,1.0001920116179033
4.820000000002466,0.0,-1.598078759567936e-05,0.0,6.811235680903456e-05,-1.7187430479092332,1.0001919299681195
4.840000000002476,0.0,-5.410823916727759e-05,0.0,6.35917300948727e-05,-1.718743081555186,1.0001918483183354
4.860000000002486,0.0,-9.223569073887582e-05,0.0,5.9071103380710836e-05,-1.7187431152011388,1.0001917666685516
4.880000000002497,0.0,-0.00013036314231047405,0.0,5.4550476666548976e-05,-1.7187431488470917,1.0001916850187675
4.900000000002507,0.0,0.0001703352476304399,0.0,0.00031791392470291284,-1.7187423153957548,1.0001945926355553
4.920000000002517,0.0,0.00014315879315212975,0.0,0.00032883504454962135,-1.7187423085307003,1.000194632470143
4.940000000002527,0.0,0.00011598233867381961,0.0,0.00033975616439632986,-1.7187423016656458,1.0001946723047304
4.9600000000025375,0.0,8.880588419550948e-05,0.0,0.00035067728424303837,-1.7187422948005915,1.000194712139318
4.980000000002548,0.0,6.162942971719934e-05,0.0,0.00036159840408974694,-1.718742287935537,1.0001947519739054
5.000000000002558,0.0,0.02425340575227113,1.0,0.16720161690484558,-1.7199004073341364,0.9997653133910147
5.020000000002568,0.0,0.026653553919809184,1.0,0.16773133385128633,-1.719893243606421,0.9997750609213849
5.040000000002578,0.0,0.029053702087347234,1.0,0.16826105079772707,-1.7198860798787057,0.9997848084517551
5.060000000002589,0.0,0.031453850254885285,1.0,0.16879076774416782,-1.7198789161509904,0.9997945559821253
5.080000000002599,0.0,0.03385399842242334,1.0,0.16932048469060856,-1.719871752423275,0.9998043035124955
5.100000000002609,0.0,0.07795376347347832,1.0,0.47077571337556257,-1.7147153529829837,1.0020520323404642
5.120000000002619,0.0,0.07787155118472533,1.0,0.47077492232260354,-1.7147009025217952,1.0020775462022817
5.14000000000263,0.0,0.07778933889597232,1.0,0.47077413126964446,-1.7146864520606064,1.0021030600640994
5.16000000000264,0.0,0.07770712660721933,1.0,0.4707733402166854,-1.714672001599418,1.002128573925917
5.18000000000265,0.0,0.07762491431846633,1.0,0.47077254916372635,-1.7146575511382292,1.0021540877877346
5.20000000000266,0.0,0.035547813462058916,1.0,0.6515823893825688,-1.7144244484761082,1.0004535861863235
5.2200000000026705,0.0,0.030757345423187588,1.0,0.6530442969873446,-1.7144256419074695,1.0004892436716357
5.240000000002681,0.0,0.02596687738431626,1.0,0.6545062045921203,-1.7144268353388308,1.0005249011569477
5.260000000002691,0.0,0.02117640934544493,1.0,0.655968112196896,-1.714428028770192,1.00056055864226
5.280000000002701,0.0,0.0163859413065736,1.0,0.6574300198016717,-1.7144292222015534,1.0005962161275719
5.300000000002711,0.0,0.030816268896019964,1.0,0.7516766120810615,-1.7141324447823874,0.9920647217320994
5.320000000002722,0.0,0.030737432816736097,1.0,0.7516781345325732,-1.7141254837991422,0.9920601242320157
5.340000000002732,0.0,0.03065859673745223,1.0,0.7516796569840848,-1.7141185228158973,0.9920555267319321
5.360000000002742,0.0,0.030579760658168365,1.0,0.7516811794355964,-1.7141115618326521,0.9920509292318483
5.380000000002752,0.0,0.030500924578884498,1.0,0.7516827018871081,-1.714104600849407,0.9920463317317647
5.400000000002763,0.0,-0.03164019743036597,1.0,0.7277335298121389,-1.7153182505200972,0.9972279177338228
5.420000000002773,0.0,-0.03157881203621957,1.0,0.7277333723219523,-1.7153148686736013,0.997188106953197
5.440000000002783,0.0,-0.03151742664207317,1.0,0.7277332148317659,-1.715311486827105,0.9971482961725714
5.460000000002793,0.0,-0.031456041247926766,1.0,0.7277330573415794,-1.7153081049806091,0.9971084853919457
5.4800000000028035,0.0,-0.031394655853780366,1.0,0.7277328998513929,-1.7153047231341132,0.9970686746113201
5.500000000002814,0.0,-0.0790747036040318,1.0,0.712619837341715,-1.7112758498021412,1.0038755202014014
5.520000000002824,0.0,-0.08154657270172402,1.0,0.7112599359964608,-1.7112800919030464,1.0038298622887136
5.540000000002834,0.0,-0.08401844179941624,1.0,0.7099000346512067,-1.7112843340039516,1.003784204376026
5.5600000000028444,0.0,-0.08649031089710847,1.0,0.7085401333059526,-1.7112885761048569,1.0037385464633382
5.580000000002855,0.0,-0.08896217999480069,1.0,0.7071802319606983,-1.711292818205762,1.0036928885506504
5.600000000002865,0.0,0.12891837838000378,1.0,0.688706744197889,-1.710005324443802,0.9957916987352782
5.620000000002875,0.0,0.12886696732135938,1.0,0.6886356123842549,-1.7099955504948618,0.9958356686333725
5.640000000002885,0.0,0.128815556262715,1.0,0.6885644805706207,-1.7099857765459219,0.9958796385314669
5.660000000002896,0.0,0.12876414520407062,1.0,0.6884933487569865,-1.709976002596982,0.9959236084295613
5.680000000002906,0.0,0.12871273414542622,1.0,0.6884222169433524,-1.709966228648042,0.9959675783276556
5.700000000002916,0.0,0.10635064581624742,1.0,0.7529067210373539,-1.7100371489781698,0.9924476264341161
5.720000000002926,0.0,0.09881325636153121,1.0,0.7546798033855602,-1.7100066342574962,0.9924170951159688
5.7400000000029365,0.0,0.091275866906815,1.0,0.7564528857337666,-1.7099761195368228,0.9923865637978215
5.760000000002947,0.0,0.08373847745209877,1.0,0.7582259680819728,-1.7099456048161492,0.9923560324796743
5.780000000002957,0.0,0.07620108799738255,1.0,0.7599990504301792,-1.7099150900954756,0.992325501161527
5.800000000002967,0.0,-0.12478203201100671,1.0,0.6997646421268,-1.712254815424953,0.9962734443329037
5.8200000000029775,0.0,-0.12481207474293415,1.0,0.6997645820920362,-1.7122575002597873,0.9962288365784551
5.840000000002988,0.0,-0.1248421174748616,1.0,0.6997645220572724,-1.7122601850946217,0.9961842288240064
5.860000000002998,0.0,-0.12487216020678905,1.0,0.6997644620225085,-1.712262869929456,0.9961396210695578
5.880000000003008,0.0,-0.1249022029387165,1.0,0.6997644019877447,-1.7122655547642902,0.9960950133151092
5.900000000003018,0.0,-0.09544540513386124,1.0,0.7820933401035225,-1.7115584900522032,0.9984871242096206
5.920000000003029,0.0,-0.09547860387224559,1.0,0.7821000136747818,-1.711550644637437,0.9984424463209064
5.940000000003039,0.0,-0.09551180261062993,1.0,0.7821066872460409,-1.7115427992226706,0.9983977684321922
5.960000000003049,0.0,-0.09554500134901427,1.0,0.7821133608173002,-1.7115349538079043,0.9983530905434779
5.980000000003059,0.0,-0.0955782000873986,1.0,0.7821200343885595,-1.711527108393138,0.9983084126547637
6.0000000000030695,0.0,0.1284104679487434,1.0,0.6900907552998123,-1.7115089343434824,1.0009011734706739
6.02000000000308,0.0,0.12840820289730698,1.0,0.6900348780945538,-1.711511967497076,1.0009457117728597
6.04000000000309,0.0,0.12840593784587057,1.0,0.6899790008892952,-1.7115150006506694,1.0009902500750458
6.0600000000031,0.0,0.12840367279443415,1.0,0.6899231236840365,-1.711518033804263,1.001034788377232
6.0800000000031105,0.0,0.12840140774299774,1.0,0.689867246478778,-1.7115210669578567,1.001079326679418
6.100000000003121,0.0,0.030891817429113427,1.0,0.6074301558952009,-1.7123455788637076,0.9937360898007493
6.120000000003131,0.0,0.035791063687605144,1.0,0.6089086816385832,-1.7123148123486285,0.9937191430638398
6.140000000003141,0.0,0.04069030994609686,1.0,0.6103872073819656,-1.7122840458335495,0.9937021963269304
6.160000000003151,0.0,0.04558955620458857,1.0,0.611865733125348,-1.7122532793184704,0.9936852495900208
6.180000000003162,0.0,0.05048880246308029,1.0,0.6133442588687303,-1.7122225128033912,0.9936683028531113
6.200000000003172,0.0,-0.20504923374003106,1.0,0.47051986092753556,-1.7090343336861058,0.9913611783388417
6.220000000003182,0.0,-0.20506370296193288,1.0,0.4705198360547329,-1.7090449959211564,0.9913142236539422
6.240000000003192,0.0,-0.2050781721838347,1.0,0.47051981118193026,-1.709055658156207,0.9912672689690427
6.260000000003203,0.0,-0.20509264140573652,1.0,0.4705197863091276,-1.7090663203912577,0.9912203142841431
6.280000000003213,0.0,-0.20510711062763834,1.0,0.47051976143632496,-1.7090769826263086,0.9911733595992437
6.300000000003223,0.0,0.05659768118482538,1.0,0.6909838241831857,-1.7142237611819167,0.998248317997155
6.320000000003233,0.0,0.06120856514085308,1.0,0.6923285865210019,-1.7142408551918809,0.9982844127116015
6.3400000000032435,0.0,0.06581944909688077,1.0,0.693673348858818,-1.7142579492018453,0.998320507426048
6.360000000003254,0.0,0.07043033305290847,1.0,0.6950181111966341,-1.7142750432118095,0.9983566021404946
6.380000000003264,0.0,0.07504121700893616,1.0,0.6963628735344503,-1.7142921372217736,0.9983926968549411
6.400000000003274,0.0,0.0977298453324168,1.0,0.6852073792069183,-1.7059165713698394,0.9906624067106579
6.420000000003284,0.0,0.08970111765941646,1.0,0.6876993855339583,-1.7059387949682836,0.9906937384881663
6.440000000003295,0.0,0.08167238998641613,1.0,0.6901913918609981,-1.7059610185667278,0.9907250702656748
6.460000000003305,0.0,0.07364366231341579,1.0,0.692683398188038,-1.7059832421651722,0.9907564020431832
6.480000000003315,0.0,0.06561493464041546,1.0,0.6951754045150779,-1.7060054657636163,0.9907877338206916
6.500000000003325,0.0,0.09111147267232175,1.0,0.7971136304962552,-1.7052495901225242,0.9873998781898875
6.520000000003336,0.0,0.09107550221765799,1.0,0.7971157493720212,-1.705203388249717,0.9873916806502927
6.540000000003346,0.0,0.09103953176299422,1.0,0.7971178682477872,-1.70515718637691,0.9873834831106979
6.560000000003356,0.0,0.09100356130833046,1.0,0.7971199871235533,-1.7051109845041028,0.9873752855711032
6.580000000003366,0.0,0.0909675908536667,1.0,0.7971221059993193,-1.7050647826312957,0.9873670880315084
6.6000000000033765,0.0,-0.09732834805276416,1.0,0.7791458368718598,-1.7080315254945677,0.990845348583542
6.620000000003387,0.0,-0.0973610402146647,1.0,0.7791441818837838,-1.708004355503388,0.9908084891916891
6.640000000003397,0.0,-0.09739373237656522,1.0,0.7791425268957077,-1.7079771855122081,0.990771629799836
6.660000000003407,0.0,-0.09742642453846576,1.0,0.7791408719076317,-1.7079500155210283,0.9907347704079831
6.680000000003417,0.0,-0.09745911670036629,1.0,0.7791392169195557,-1.7079228455298485,0.9906979110161301
6.700000000003428,0.0,-0.08773886646040668,1.0,0.8063378677160301,-1.7066327474855645,0.991877925261535
6.720000000003438,0.0,-0.08774243894764522,1.0,0.8063072793286331,-1.706601051015588,0.9918447152061795
6.740000000003448,0.0,-0.08774601143488375,1.0,0.8062766909412361,-1.7065693545456113,0.991811505150824
6.760000000003458,0.0,-0.08774958392212229,1.0,0.8062461025538391,-1.7065376580756346,0.9917782950954684
6.780000000003469,0.0,-0.08775315640936081,1.0,0.8062155141664421,-1.7065059616056582,0.9917450850401129
6.800000000003479,0.0,0.10345374148689843,1.0,0.7618151357705307,-1.7115504746797991,0.9964356518311089
6.820000000003489,0.0,0.10349200894830718,1.0,0.7618131065037066,-1.711581657335547,0.9964686158653127
6.840000000003499,0.0,0.10353027640971593,1.0,0.7618110772368826,-1.7116128399912949,0.9965015798995165
6.8600000000035095,0.0,0.10356854387112469,1.0,0.7618090479700586,-1.7116440226470429,0.9965345439337202
6.88000000000352,0.0,0.10360681133253344,1.0,0.7618070187032344,-1.7116752053027908,0.996567507967924
6.90000000000353,0.0,0.019500824855285728,1.0,0.7618041040297704,-1.6984708136885154,0.9843973613517774
6.92000000000354,0.0,0.024311128928965135,1.0,0.7632847747583317,-1.698429622142063,0.9843951668795564
6.94000000000355,0.0,0.02912143300264454,1.0,0.7647654454868928,-1.6983884305956105,0.9843929724073355
6.960000000003561,0.0,0.033931737076323944,1.0,0.7662461162154541,-1.698347239049158,0.9843907779351145
6.980000000003571,0.0,0.03874204115000335,1.0,0.7677267869440153,-1.6983060475027056,0.9843885834628936
7.000000000003581,0.0,-0.10124922674107098,1.0,0.7678860646264728,-1.7111502709449584,0.9940601730648653
7.020000000003591,0.0,-0.10123537161164287,1.0,0.7679403912211679,-1.7111942792948422,0.9940481886939566
7.040000000003602,0.0,-0.10122151648221477,1.0,0.767994717815863,-1.711238287644726,0.994036204323048
7.060000000003612,0.0,-0.10120766135278665,1.0,0.7680490444105581,-1.7112822959946097,0.9940242199521392
7.080000000003622,0.0,-0.10119380622335854,1.0,0.7681033710052533,-1.7113263043444935,0.9940122355812305
7.100000000003632,0.0,0.021235525994119247,1.0,0.8618040130653204,-1.6971054681366007,0.990158257551083
7.1200000000036425,0.0,0.023564691039087725,1.0,0.8608798599378686,-1.6971443655988372,0.9901710436908445
7.140000000003653,0.0,0.025893856084056203,1.0,0.859955706810417,-1.6971832630610737,0.990183829830606
7.160000000003663,0.0,0.02822302112902468,1.0,0.8590315536829652,-1.6972221605233102,0.9901966159703676
7.180000000003673,0.0,0.030552186173993155,1.0,0.8581074005555136,-1.6972610579855465,0.990209402110129
7.2000000000036835,0.0,-0.08723517846747308,1.0,0.8081438012400697,-1.7072417863460025,0.9906704949617963
7.220000000003694,0.0,-0.08720979294366851,1.0,0.808093369781826,-1.7071993097001945,0.9906517029545546
7.240000000003704,0.0,-0.08718440741986393,1.0,0.8080429383235823,-1.7071568330543863,0.990632910947313
7.260000000003714,0.0,-0.08715902189605935,1.0,0.8079925068653387,-1.7071143564085782,0.9906141189400712
7.280000000003724,0.0,-0.08713363637225477,1.0,0.8079420754070951,-1.7070718797627702,0.9905953269328296
7.300000000003735,0.0,-0.019904360621091927,1.0,0.9403670569518771,-1.709479059901514,0.9925133306367466
7.320000000003745,0.0,-0.017563840541307177,1.0,0.9410018707713768,-1.7095297081440592,0.9925090818114745
7.340000000003755,0.0,-0.015223320461522426,1.0,0.9416366845908766,-1.7095803563866048,0.9925048329862023
7.360000000003765,0.0,-0.012882800381737676,1.0,0.9422714984103763,-1.70963100462915,0.9925005841609301
7.3800000000037755,0.0,-0.010542280301952926,1.0,0.9429063122298761,-1.7096816528716956,0.992496335335658
7.400000000003786,0.0,0.08017622891293888,1.0,0.8123868783673109,-1.697305109061707,0.9926399236133506
7.420000000003796,0.0,0.081983213662489,1.0,0.8109457978648703,-1.697363032966881,0.9926497384705365
7.440000000003806,0.0,0.08379019841203911,1.0,0.8095047173624298,-1.6974209568720549,0.9926595533277225
7.4600000000038165,0.0,0.08559718316158922,1.0,0.8080636368599893,-1.6974788807772287,0.9926693681849085
7.480000000003827,0.0,0.08740416791113934,1.0,0.8066225563575486,-1.6975368046824026,0.9926791830420943
7.500000000003837,0.0,-0.08417809578922765,1.0,0.816158968181004,-1.6994542682244003,0.9902684197798554
7.520000000003847,0.0,-0.08421840135150271,1.0,0.8161583101107754,-1.6994079311554937,0.990261688520772
7.540000000003857,0.0,-0.08425870691377776,1.0,0.8161576520405468,-1.6993615940865872,0.9902549572616886
7.560000000003868,0.0,-0.08429901247605283,1.0,0.8161569939703183,-1.6993152570176806,0.9902482260026051
7.580000000003878,0.0,-0.08433931803832788,1.0,0.8161563359000897,-1.699268919948774,0.9902414947435217
7.600000000003888,0.0,-0.11551848011244749,1.0,0.7309417834997245,-1.7090323429362653,0.9903522424753195
7.620000000003898,0.0,-0.11555256821044503,1.0,0.7309438911416299,-1.7089845462962898,0.9903429543220819
7.6400000000039086,0.0,-0.11558665630844256,1.0,0.7309459987835354,-1.7089367496563146,0.9903336661688443
7.660000000003919,0.0,-0.1156207444064401,1.0,0.7309481064254408,-1.7088889530163391,0.9903243780156067
7.680000000003929,0.0,-0.11565483250443764,1.0,0.7309502140673464,-1.7088411563763637,0.9903150898623692
7.700000000003939,0.0,0.0746034000598437,1.0,0.8436901368314927,-1.7035208734075713,0.9926879889043254
7.7200000000039495,0.0,0.0746127769689756,1.0,0.8436326830550003,-1.703568335016448,0.9926848676140899
7.74000000000396,0.0,0.07462215387810749,1.0,0.8435752292785078,-1.703615796625325,0.9926817463238544
7.76000000000397,0.0,0.07463153078723937,1.0,0.8435177755020155,-1.7036632582342015,0.9926786250336189
7.78000000000398,0.0,0.07464090769637126,1.0,0.843460321725523,-1.7037107198430783,0.9926755037433834
7.80000000000399,0.0,0.05472449263685629,1.0,0.8117433641793071,-1.698980415560078,0.9934374598950602
7.820000000004001,0.0,0.057943594575912444,1.0,0.8127564894906181,-1.6990267110727792,0.9934298872887374
7.840000000004011,0.0,0.0611626965149686,1.0,0.813769614801929,-1.6990730065854804,0.9934223146824145
7.860000000004021,0.0,0.06438179845402475,1.0,0.8147827401132399,-1.6991193020981816,0.9934147420760916
7.880000000004031,0.0,0.0676009003930809,1.0,0.8157958654245508,-1.6991655976108828,0.9934071694697687
7.900000000004042,0.0,-0.1011675109795475,1.0,0.7678313189563287,-1.701788430223057,0.9937106949260994
7.920000000004052,0.0,-0.10113620945873114,1.0,0.7677816480591333,-1.7017433786098355,0.9937145215489394
7.940000000004062,0.0,-0.10110490793791478,1.0,0.767731977161938,-1.701698326996614,0.9937183481717792
7.960000000004072,0.0,-0.10107360641709842,1.0,0.7676823062647427,-1.7016532753833924,0.9937221747946191
7.9800000000040825,0.0,-0.10104230489628206,1.0,0.7676326353675473,-1.7016082237701708,0.9937260014174589
8.000000000004093,0.0,0.013044278002157593,1.0,0.6443221577731545,-1.7059268466548143,0.9944002509832954
8.020000000004103,0.0,0.007810751049594659,1.0,0.635921403924708,-1.7059174886563537,0.9944036758609897
8.040000000004113,0.0,0.002577224097031724,1.0,0.6275206500762613,-1.705908130657893,0.9944071007386838
8.060000000004123,0.0,-0.002656302855531211,1.0,0.6191198962278148,-1.7058987726594323,0.9944105256163779
8.080000000004134,0.0,-0.007889829808094145,1.0,0.6107191423793683,-1.7058894146609715,0.994413950494072
8.100000000004144,0.0,0.15211018000874788,1.0,0.6212838423615943,-1.700148890173705,0.9935562859661748
8.120000000004154,0.0,0.1521442094649282,1.0,0.6212843598384697,-1.7001934901882807,0.9935594510492225
8.140000000004164,0.0,0.15217823892110854,1.0,0.6212848773153452,-1.7002380902028567,0.99356261613227
8.160000000004175,0.0,0.15221226837728888,1.0,0.6212853947922207,-1.7002826902174326,0.9935657812153177
8.180000000004185,0.0,0.1522462978334692,1.0,0.6212859122690961,-1.7003272902320086,0.9935689462983652
8.200000000004195,0.0,0.056351237548525716,1.0,0.7167930245674079,-1.700149550891007,0.9943523585839675
8.220000000004205,0.0,0.05187129903684893,1.0,0.7181240949289743,-1.7001260566229197,0.9943832257392472
8.240000000004216,0.0,0.04739136052517214,1.0,0.7194551652905409,-1.7001025623548325,0.9944140928945269
8.260000000004226,0.0,0.04291142201349535,1.0,0.7207862356521074,-1.7000790680867452,0.9944449600498064
8.280000000004236,0.0,0.03843148350181856,1.0,0.722117306013674,-1.700055573818658,0.9944758272050861
8.300000000004246,0.0,-0.08672712709736484,1.0,0.8086759238872241,-1.7076557688231748,0.9892839773386483
8.320000000004256,0.0,-0.08016188269881142,1.0,0.8099955903287401,-1.7076778945871431,0.9892443361624775
8.340000000004267,0.0,-0.073596638300258,1.0,0.8113152567702561,-1.7077000203511115,0.9892046949863068
8.360000000004277,0.0,-0.0670313939017046,1.0,0.8126349232117721,-1.7077221461150798,0.9891650538101361
8.380000000004287,0.0,-0.06046614950315117,1.0,0.8139545896532882,-1.707744271879048,0.9891254126339654
8.400000000004297,0.0,0.10661756100248847,1.0,0.7511628643789904,-1.6973607809871498,0.9992913363152133
8.420000000004308,0.0,0.10688696612160155,1.0,0.7512016770199932,-1.6974055639315861,0.999269456227021
8.440000000004318,0.0,0.10715637124071463,1.0,0.751240489660996,-1.6974503468760223,0.9992475761388286
8.460000000004328,0.0,0.10742577635982771,1.0,0.7512793023019989,-1.6974951298204584,0.9992256960506364
8.480000000004338,0.0,0.10769518147894079,1.0,0.7513181149430017,-1.6975399127648947,0.9992038159624441
8.500000000004349,0.0,-0.07712261390818703,1.0,0.8363143496284838,-1.699621033186568,0.9942737513985906
8.520000000004359,0.0,-0.07716088754020063,1.0,0.836313938522505,-1.699583742605602,0.9943019250437323
8.540000000004369,0.0,-0.07719916117221425,1.0,0.8363135274165263,-1.6995464520246357,0.9943300986888739
8.56000000000438,0.0,-0.07723743480422784,1.0,0.8363131163105475,-1.6995091614436695,0.9943582723340156
8.58000000000439,0.0,-0.07727570843624146,1.0,0.8363127052045687,-1.6994718708627035,0.9943864459791573
8.6000000000044,0.0,-0.023932908128740604,1.0,0.8090115337800264,-1.7079075285654468,0.988761323724654
8.62000000000441,0.0,-0.028354089450110025,1.0,0.8103947421679956,-1.7079207143182051,0.9887185410844271
8.64000000000442,0.0,-0.032775270771479445,1.0,0.8117779505559647,-1.7079339000709635,0.9886757584442002
8.66000000000443,0.0,-0.037196452092848865,1.0,0.8131611589439339,-1.7079470858237218,0.9886329758039734
8.68000000000444,0.0,-0.041617633414218286,1.0,0.814544367331903,-1.70796027157648,0.9885901931637464
8.70000000000445,0.0,0.09209112576776723,1.0,0.7947048934018885,-1.6961167064935498,1.0009018452703538
8.720000000004461,0.0,0.09405790440854638,1.0,0.7831541987653736,-1.6961384282716365,1.000903116564403
8.740000000004471,0.0,0.09602468304932553,1.0,0.7716035041288588,-1.6961601500497234,1.000904387858452
8.760000000004482,0.0,0.09799146169010468,1.0,0.7600528094923439,-1.69618187182781,1.0009056591525012
8.780000000004492,0.0,0.09995824033088384,1.0,0.7485021148558291,-1.696203593605897,1.0009069304465503
8.800000000004502,0.0,-0.10059402270042535,1.0,0.7622318632922104,-1.700292569166939,0.9908320510004283
8.820000000004512,0.0,-0.10095214341133894,1.0,0.7622783690859702,-1.700259304030337,0.9908627032494545
8.840000000004522,0.0,-0.10131026412225255,1.0,0.76232487487973,-1.7002260388937351,0.9908933554984807
8.860000000004533,0.0,-0.10166838483316615,1.0,0.7623713806734899,-1.7001927737571332,0.9909240077475068
8.880000000004543,0.0,-0.10202650554407976,1.0,0.7624178864672497,-1.7001595086205312,0.990954659996533
8.900000000004553,0.0,0.10440826767421856,1.0,0.7592384584235188,-1.7026420554929582,0.9928944682846476
8.920000000004563,0.0,0.10438083748916632,1.0,0.7591699548826802,-1.7026732996067269,0.9928610209824369
8.940000000004574,0.0,0.1043534073041141,1.0,0.7591014513418416,-1.7027045437204957,0.9928275736802262
8.960000000004584,0.0,0.10432597711906189,1.0,0.759032947801003,-1.7027357878342644,0.9927941263780155
8.980000000004594,0.0,0.10429854693400965,1.0,0.7589644442601645,-1.7027670319480332,0.9927606790758048
9.000000000004604,0.0,0.09279418648576819,1.0,0.7922243738131003,-1.6985752344673115,1.0001998038524547
9.020000000004615,0.0,0.09279791896808406,1.0,0.7922711474751374,-1.698584948299747,1.0002448464610438
9.040000000004625,0.0,0.09280165145039994,1.0,0.7923179211371745,-1.6985946621321826,1.0002898890696332
9.060000000004635,0.0,0.09280538393271581,1.0,0.7923646947992117,-1.698604375964618,1.0003349316782226
9.080000000004645,0.0,0.09280911641503169,1.0,0.7924114684612488,-1.6986140897970534,1.000379974286812
9.100000000004655,0.0,-0.0800376949874382,0.0,0.7854381115212696,-1.701160380484355,0.9927180160982774
9.120000000004666,0.0,-0.07856059315395961,0.0,0.7849696274672792,-1.7011407686178102,0.9927576873727186
9.140000000004676,0.0,-0.07708349132048103,0.0,0.7845011434132888,-1.7011211567512654,0.9927973586471599
9.160000000004686,0.0,-0.07560638948700245,0.0,0.7840326593592984,-1.7011015448847207,0.9928370299216012
9.180000000004696,0.0,-0.07412928765352386,0.0,0.7835641753053081,-1.701081933018176,0.9928767011960423
9.200000000004707,0.0,-0.002600302743564843,0.0,0.4802425133035738,-1.6922508569725891,0.9929708559865593
9.220000000004717,0.0,-9.226951963341124e-05,0.0,0.47947688013597367,-1.6922511890034164,0.9929996274874513
9.240000000004727,0.0,0.0024157637042980205,0.0,0.47871124696837347,-1.6922515210342437,0.9930283989883433
9.260000000004737,0.0,0.004923796928229453,0.0,0.47794561380077333,-1.6922518530650708,0.9930571704892353
9.280000000004748,0.0,0.007431830152160885,0.0,0.4771799806331732,-1.692252185095898,0.9930859419901272
9.300000000004758,0.0,-0.0205954860922266,0.0,0.1692804432424893,-1.6972913727053085,0.9963347040615335
9.320000000004768,0.0,-0.023086259521417404,0.0,0.16858163551844524,-1.6972850292694803,0.9963239671547969
9.340000000004778,0.0,-0.025577032950608203,0.0,0.16788282779440117,-1.6972786858336524,0.9963132302480604
9.360000000004788,0.0,-0.028067806379799005,0.0,0.1671840200703571,-1.6972723423978242,0.9963024933413238
9.380000000004799,0.0,-0.030558579808989808,0.0,0.16648521234631303,-1.697265998961996,0.9962917564345872
9.400000000004809,0.0,-0.0007540481624827603,0.0,0.001431656643737331,-1.6968437345333824,0.9953396188674233
9.42000000000482,0.0,-0.000616550861528358,0.0,0.0012883114547957732,-1.6968437225927417,0.9953395782843465
9.44000000000483,0.0,-0.00047905356057395554,0.0,0.0011449662658542155,-1.696843710652101,0.9953395377012698
9.46000000000484,0.0,-0.00034155625961955314,0.0,0.0010016210769126577,-1.6968436987114601,0.995339497118193
9.48000000000485,0.0,-0.00020405895866515075,0.0,0.0008582758879710999,-1.6968436867708194,0.9953394565351164
9.50000000000486,0.0,-7.9847638505677e-05,0.0,-8.189923731267407e-05,-1.6968431609706636,0.995339165747421
9.52000000000487,0.0,-7.948611913964721e-05,0.0,-8.546319287367414e-05,-1.6968431435401783,0.9953392723483939
9.54000000000488,0.0,-7.912459977361742e-05,0.0,-8.90271484346742e-05,-1.696843126109693,0.9953393789493669
9.56000000000489,0.0,-7.876308040758763e-05,0.0,-9.259110399567428e-05,-1.6968431086792075,0.9953394855503398
9.580000000004901,0.0,-7.840156104155784e-05,0.0,-9.615505955667435e-05,-1.6968430912487222,0.9953395921513126
9.600000000004911,0.0,-3.879962559083412e-05,0.0,-0.00010173231043504947,-1.6968419568807012,0.9953405251222482
9.620000000004922,0.0,-3.1737119540862734e-05,0.0,-0.00010340213332110501,-1.6968419585384171,0.9953403871579511
9.640000000004932,0.0,-2.467461349089135e-05,0.0,-0.00010507195620716054,-1.6968419601961329,0.995340249193654
9.660000000004942,0.0,-1.7612107440919964e-05,0.0,-0.00010674177909321608,-1.6968419618538488,0.9953401112293571
9.680000000004952,0.0,-1.054960139094858e-05,0.0,-0.0001084116019792716,-1.6968419635115646,0.99533997326506
9.700000000004962,0.0,5.657927006981845e-07,0.0,0.00016478077334261827,-1.6968412490453078,0.9953361790367639
9.720000000004973,0.0,3.290288372276734e-05,0.0,0.00015926805295349357,-1.6968412823622148,0.9953361285416884
9.740000000004983,0.0,6.52399747448365e-05,0.0,0.00015375533256436886,-1.6968413156791218,0.9953360780466131
9.760000000004993,0.0,9.757706576690567e-05,0.0,0.00014824261217524415,-1.696841348996029,0.9953360275515377
9.780000000005003,0.0,0.00012991415678897483,0.0,0.00014272989178611945,-1.696841382312936,0.9953359770564623
9.800000000005014,0.0,0.04965211697173324,-1.0,-0.17938559254157446,-1.6974214930013354,0.995452299221086
9.820000000005024,0.0,0.04956690120156845,-1.0,-0.17938441159688936,-1.697431124311529,0.9954621378667481
9.840000000005034,0.0,0.049481685431403674,-1.0,-0.17938323065220427,-1.6974407556217226,0.9954719765124102
9.860000000005044,0.0,0.04939646966123889,-1.0,-0.17938204970751917,-1.6974503869319164,0.9954818151580722
9.880000000005055,0.0,0.04931125389107411,-1.0,-0.17938086876283404,-1.69746001824211,0.9954916538037343
9.900000000005065,0.0,-0.010649793369881122,-1.0,-0.3622787447951656,-1.7028477835014435,0.9963087191318714
9.920000000005075,0.0,-0.015253659662924737,-1.0,-0.36371101265421973,-1.7028420307494314,0.9962886066362878
9.940000000005085,0.0,-0.019857525955968354,-1.0,-0.3651432805132739,-1.702836277997419,0.9962684941407043
9.960000000005095,0.0,-0.02446139224901197,-1.0,-0.36657554837232803,-1.7028305252454068,0.9962483816451208
9.980000000005106,0.0,-0.029065258542055585,-1.0,-0.36800781623138223,-1.7028247724933945,0.9962282691495373
10.000000000005116,0.0,-0.07529567322542974,-1.0,-0.6187984774503406,-1.7049178364517374,0.9994755321993392
10.020000000005126,0.0,-0.0753668868845599,-1.0,-0.6187981318355291,-1.7048994454723598,0.9995071635516679
10.040000000005136,0.0,-0.07543810054369007,-1.0,-0.6187977862207178,-1.7048810544929822,0.9995387949039966
10.060000000005147,0.0,-0.07550931420282024,-1.0,-0.6187974406059064,-1.7048626635136046,0.9995704262563253
10.080000000005157,0.0,-0.07558052786195041,-1.0,-0.6187970949910949,-1.704844272534227,0.9996020576086541
10.100000000005167,0.0,0.1230196277721569,-1.0,-0.7050590134123045,-1.704624526928365,0.993713808879066
10.120000000005177,0.0,0.12305281886791211,-1.0,-0.7050594874137076,-1.7046426684088725,0.993754493986304
10.140000000005188,0.0,0.12308600996366732,-1.0,-0.7050599614151107,-1.7046608098893798,0.993795179093542
10.160000000005198,0.0,0.12311920105942255,-1.0,-0.7050604354165139,-1.7046789513698872,0.99383586420078
10.180000000005208,0.0,0.12315239215517776,-1.0,-0.705060909417917,-1.7046970928503946,0.993876549308018
10.200000000005218,0.0,-0.03781023384339121,-1.0,-0.845654386066534,-1.7035247248480376,0.9880298098144508
10.220000000005228,0.0,-0.03789629808077154,-1.0,-0.8456451063702599,-1.7035282430331127,0.9879839705214793
10.240000000005239,0.0,-0.037982362318151865,-1.0,-0.8456358266739858,-1.7035317612181877,0.9879381312285078
10.260000000005249,0.0,-0.03806842655553219,-1.0,-0.8456265469777117,-1.7035352794032628,0.9878922919355364
10.28000000000526,0.0,-0.03815449079291252,-1.0,-0.8456172672814376,-1.7035387975883378,0.9878464526425649
10.30000000000527,0.0,-0.10818228075154888,-1.0,-0.7471698716801306,-1.7046171458685064,0.9955623143542193
10.32000000000528,0.0,-0.10821482895301979,-1.0,-0.7471675021405865,-1.704609143260312,0.9955177572920879
10.34000000000529,0.0,-0.1082473771544907,-1.0,-0.7471651326010423,-1.7046011406521178,0.9954732002299564
10.3600000000053,0.0,-0.1082799253559616,-1.0,-0.7471627630614982,-1.7045931380439232,0.9954286431678251
10.38000000000531,0.0,-0.10831247355743252,-1.0,-0.7471603935219541,-1.7045851354357289,0.9953840861056937
10.40000000000532,0.0,0.12185920413407064,-1.0,-0.7080566949141228,-1.7056539389547576,0.9905918493292396
10.42000000000533,0.0,0.12189335479021782,-1.0,-0.7080574341230106,-1.7056620980021955,0.9906356932147684
10.440000000005341,0.0,0.12192750544636499,-1.0,-0.7080581733318984,-1.7056702570496336,0.9906795371002972
10.460000000005351,0.0,0.12196165610251218,-1.0,-0.7080589125407861,-1.7056784160970715,0.9907233809858259
10.480000000005361,0.0,0.12199580675865936,-1.0,-0.7080596517496739,-1.7056865751445094,0.9907672248713547
10.500000000005372,0.0,-0.08139008108262427,-1.0,-0.7020344862915664,-1.7010007294626213,0.9931242271344672
10.520000000005382,0.0,-0.07471524205726814,-1.0,-0.7040355484663275,-1.7010095172579867,0.9930854809239357
10.540000000005392,0.0,-0.06804040303191201,-1.0,-0.7060366106410887,-1.7010183050533523,0.993046734713404
10.560000000005402,0.0,-0.06136556400655588,-1.0,-0.7080376728158498,-1.7010270928487177,0.9930079885028723
10.580000000005413,0.0,-0.054690724981199756,-1.0,-0.7100387349906109,-1.7010358806440833,0.9929692422923407
10.600000000005423,0.0,0.044463293808499775,-1.0,-0.78534871494628,-1.706873405041738,0.9954304486374739
10.620000000005433,0.0,0.044379790809343615,-1.0,-0.7853330553603766,-1.7068591209288677,0.9954711723837172
10.640000000005443,0.0,0.044296287810187455,-1.0,-0.7853173957744732,-1.7068448368159976,0.9955118961299605
10.660000000005454,0.0,0.0442127848110313,-1.0,-0.7853017361885698,-1.7068305527031276,0.9955526198762038
10.680000000005464,0.0,0.04412928181187514,-1.0,-0.7852860766026665,-1.7068162685902575,0.9955933436224471
10.700000000005474,0.0,0.005693010295581994,-1.0,-0.8443855216416025,-1.7055204818041194,0.9901261495678486
10.720000000005484,0.0,0.005716865098085291,-1.0,-0.8443877085201356,-1.7055477518803652,0.9900903219053058
10.740000000005494,0.0,0.00574071990058859,-1.0,-0.8443898953986686,-1.7055750219566113,0.9900544942427628
10.760000000005505,0.0,0.005764574703091887,-1.0,-0.8443920822772016,-1.7056022920328573,0.9900186665802199
10.780000000005515,0.0,0.005788429505595185,-1.0,-0.8443942691557347,-1.705629562109103,0.9899828389176769
10.800000000005525,0.0,-0.05441284176126046,-1.0,-0.8615333304181273,-1.7041556263741116,0.9956850136049231
10.820000000005535,0.0,-0.05734848931933374,-1.0,-0.8623472550330157,-1.704175494968094,0.9956406838259223
10.840000000005546,0.0,-0.06028413687740702,-1.0,-0.8631611796479042,-1.7041953635620766,0.9955963540469214
10.860000000005556,0.0,-0.06321978443548029,-1.0,-0.8639751042627927,-1.704215232156059,0.9955520242679206
10.880000000005566,0.0,-0.06615543199355357,-1.0,-0.8647890288776812,-1.7042351007500416,0.9955076944889196
10.900000000005576,0.0,0.09130059316375574,-1.0,-0.7966086675425185,-1.7037692577849795,0.9974198811724236
10.920000000005587,0.0,0.09129190097456151,-1.0,-0.7965436860866135,-1.7037516942730344,0.9974628252432897
10.940000000005597,0.0,0.09128320878536729,-1.0,-0.7964787046307085,-1.7037341307610894,0.9975057693141557
10.960000000005607,0.0,0.09127451659617307,-1.0,-0.7964137231748035,-1.7037165672491443,0.9975487133850217
10.980000000005617,0.0,0.09126582440697885,-1.0,-0.7963487417188986,-1.7036990037371995,0.9975916574558877
11.000000000005627,0.0,-0.13419675997039474,-1.0,-0.6731673923456087,-1.7066006155695572,0.9848875620826872
11.020000000005638,0.0,-0.1342291367083358,-1.0,-0.6731651800246432,-1.7066100197145149,0.9848440886945702
11.040000000005648,0.0,-0.13426151344627688,-1.0,-0.6731629677036776,-1.7066194238594725,0.984800615306453
11.060000000005658,0.0,-0.13429389018421795,-1.0,-0.6731607553827119,-1.70662882800443,0.984757141918336
11.080000000005668,0.0,-0.13432626692215902,-1.0,-0.6731585430617463,-1.7066382321493876,0.9847136685302189
11.100000000005679,0.0,0.16013094102186087,-1.0,-0.6007035824434602,-1.706423918767174,0.9969935915858892
11.120000000005689,0.0,0.16010745311066332,-1.0,-0.6007428036450317,-1.7064689839906169,0.9969997558200837
11.1400000000057,0.0,0.16008396519946574,-1.0,-0.6007820248466031,-1.7065140492140598,0.9970059200542782
11.16000000000571,0.0,0.16006047728826817,-1.0,-0.6008212460481746,-1.7065591144375025,0.9970120842884728
11.18000000000572,0.0,0.1600369893770706,-1.0,-0.600860467249746,-1.7066041796609455,0.9970182485226674
11.20000000000573,0.0,0.10667671431382253,-1.0,-0.46047439169856197,-1.7023753541910212,0.9892528117589962
11.22000000000574,0.0,0.11131517203237956,-1.0,-0.4619842147723297,-1.702368149119635,0.9892888616720159
11.24000000000575,0.0,0.11595362975093661,-1.0,-0.4634940378460975,-1.702360944048249,0.9893249115850357
11.26000000000576,0.0,0.12059208746949365,-1.0,-0.4650038609198653,-1.7023537389768628,0.9893609614980554
11.28000000000577,0.0,0.12523054518805068,-1.0,-0.4665136839936331,-1.7023465339054769,0.9893970114110752
11.300000000005781,0.0,-0.10884028399918105,-1.0,-0.41120971876916806,-1.7059600328819335,0.9909945376898402
11.320000000005791,0.0,-0.10390638066957573,-1.0,-0.41268516537214084,-1.7059702770080645,0.9909685193586891
11.340000000005801,0.0,-0.09897247733997042,-1.0,-0.4141606119751136,-1.7059805211341952,0.9909425010275381
11.360000000005812,0.0,-0.09403857401036511,-1.0,-0.4156360585780864,-1.705990765260326,0.990916482696387
11.380000000005822,0.0,-0.08910467068075979,-1.0,-0.4171115051810591,-1.7060010093864566,0.9908904643652359
11.400000000005832,0.0,-0.07661631799938912,-1.0,-0.6211719488112035,-1.7020345441860767,0.9932214287016145
11.420000000005842,0.0,-0.07167220092281293,-1.0,-0.6226693243930916,-1.7020585436486113,0.9931965128029572
11.440000000005853,0.0,-0.06672808384623675,-1.0,-0.6241666999749798,-1.7020825431111457,0.9931715969042999
11.460000000005863,0.0,-0.06178396676966057,-1.0,-0.6256640755568679,-1.70210654257368,0.9931466810056426
11.480000000005873,0.0,-0.05683984969308438,-1.0,-0.627161451138756,-1.7021305420362145,0.9931217651069854
11.500000000005883,0.0,0.10424848451613532,-1.0,-0.7590251954996741,-1.7030871068395885,0.9956554143541024
11.520000000005894,0.0,0.1042855921115242,-1.0,-0.759025320150711,-1.7030593376781136,0.9956909371242941
11.540000000005904,0.0,0.10432269970691309,-1.0,-0.7590254448017478,-1.7030315685166386,0.9957264598944858
11.560000000005914,0.0,0.10435980730230197,-1.0,-0.7590255694527847,-1.7030037993551637,0.9957619826646775
11.580000000005924,0.0,0.10439691489769086,-1.0,-0.7590256941038215,-1.7029760301936887,0.9957975054348692
11.600000000005934,0.0,0.12569717029459243,-1.0,-0.6971675448752623,-1.7085551302486541,0.991227079455394
11.620000000005945,0.0,0.12547665255057103,-1.0,-0.6974501574527703,-1.7085275695876303,0.9912636428745241
11.640000000005955,0.0,0.12525613480654962,-1.0,-0.6977327700302783,-1.7085000089266065,0.991300206293654
11.660000000005965,0.0,0.1250356170625282,-1.0,-0.6980153826077863,-1.7084724482655826,0.9913367697127841
11.680000000005975,0.0,0.12481509931850679,-1.0,-0.6982979951852943,-1.7084448876045588,0.9913733331319141
11.700000000005986,0.0,-0.010121869008510266,-1.0,-0.6276270544838874,-1.709156674058371,0.9875280185283198
11.720000000005996,0.0,-0.007753768344792397,-1.0,-0.628390291183516,-1.7091216272036471,0.9875382556710034
11.740000000006006,0.0,-0.005385667681074528,-1.0,-0.6291535278831445,-1.7090865803489232,0.987548492813687
11.760000000006016,0.0,-0.003017567017356659,-1.0,-0.6299167645827729,-1.7090515334941994,0.9875587299563705
11.780000000006027,0.0,-0.0006494663536387897,-1.0,-0.6306800012824014,-1.7090164866394755,0.9875689670990542
11.800000000006037,0.0,-0.1379047533470737,-1.0,-0.6626926488686995,-1.7035026174768335,0.9954057866182785
11.820000000006047,0.0,-0.13792776690469724,-1.0,-0.6626899729639081,-1.7035309993406444,0.9953715805855299
11.840000000006057,0.0,-0.1379507804623208,-1.0,-0.6626872970591167,-1.7035593812044556,0.9953373745527813
11.860000000006067,0.0,-0.1379737940199443,-1.0,-0.6626846211543254,-1.7035877630682665,0.9953031685200326
11.880000000006078,0.0,-0.13799680757756785,-1.0,-0.6626819452495339,-1.7036161449320775,0.995268962487284
11.900000000006088,0.0,0.14047889810405914,-1.0,-0.655552417864875,-1.7087638618151184,0.9940559769280791
11.920000000006098,0.0,0.14046166004640984,-1.0,-0.6554904689675279,-1.708732657187638,0.9940887567426636
11.940000000006108,0.0,0.1404444219887605,-1.0,-0.6554285200701808,-1.7087014525601574,0.994121536557248
11.960000000006119,0.0,0.14042718393111117,-1.0,-0.6553665711728337,-1.7086702479326767,0.9941543163718325
11.980000000006129,0.0,0.14040994587346187,-1.0,-0.6553046222754866,-1.7086390433051963,0.994187096186417
12.000000000006139,0.0,0.03024114020617437,-1.0,-0.8279967735455204,-1.707275445504365,0.9929509608280067
12.02000000000615,0.0,0.028315595801221644,-1.0,-0.8308972142566934,-1.7073205112303758,0.9929519764717067
12.04000000000616,0.0,0.026390051396268915,-1.0,-0.8337976549678663,-1.7073655769563865,0.9929529921154067
12.06000000000617,0.0,0.024464506991316186,-1.0,-0.8366980956790393,-1.707410642682397,0.9929540077591067
12.08000000000618,0.0,0.02253896258636346,-1.0,-0.8395985363902123,-1.7074557084084077,0.9929550234028067
12.10000000000619,0.0,-0.09540023400605137,-1.0,-0.7859036116573749,-1.6995644598525856,0.995840653171938
12.1200000000062,0.0,-0.09543187451756752,-1.0,-0.7859113694113227,-1.6996084648779537,0.9958222047963085
12.14000000000621,0.0,-0.09546351502908365,-1.0,-0.7859191271652705,-1.6996524699033215,0.995803756420679
12.160000000006221,0.0,-0.0954951555405998,-1.0,-0.7859268849192182,-1.6996964749286896,0.9957853080450495
12.180000000006231,0.0,-0.09552679605211593,-1.0,-0.7859346426731662,-1.6997404799540574,0.9957668596694199
12.200000000006241,0.0,0.11141046731005591,-1.0,-0.7383813079129018,-1.706253792979824,0.9960022065963718
12.220000000006252,0.0,0.11134561049085262,-1.0,-0.738513556563807,-1.7062128535435663,0.9960206971181994
12.240000000006262,0.0,0.11128075367164933,-1.0,-0.7386458052147121,-1.7061719141073086,0.9960391876400269
12.260000000006272,0.0,0.11121589685244604,-1.0,-0.7387780538656173,-1.706130974671051,0.9960576781618544
12.280000000006282,0.0,0.11115104003324275,-1.0,-0.7389103025165225,-1.7060900352347932,0.996076168683682
12.300000000006293,0.0,-0.011233694689446337,-1.0,-0.8111562066968075,-1.7102781379294292,0.9951013710142931
12.320000000006303,0.0,-0.015624931859210133,-1.0,-0.8124359930292707,-1.710321787797016,0.9951020971270975
12.340000000006313,0.0,-0.020016169028973928,-1.0,-0.8137157793617338,-1.710365437664603,0.9951028232399018
12.360000000006323,0.0,-0.024407406198737727,-1.0,-0.814995565694197,-1.7104090875321898,0.9951035493527063
12.380000000006333,0.0,-0.02879864336850152,-1.0,-0.8162753520266601,-1.7104527373997764,0.9951042754655106
12.400000000006344,0.0,-0.10616477379781597,-1.0,-0.7530758764031655,-1.7057148522574972,0.995504344111462
12.420000000006354,0.0,-0.10619537119407717,-1.0,-0.7530744891104731,-1.705758396107409,0.9954933396508969
12.440000000006364,0.0,-0.10622596859033837,-1.0,-0.7530731018177809,-1.7058019399573208,0.9954823351903319
12.460000000006374,0.0,-0.10625656598659956,-1.0,-0.7530717145250885,-1.7058454838072326,0.9954713307297668
12.480000000006385,0.0,-0.10628716338286076,-1.0,-0.7530703272323962,-1.7058890276571446,0.9954603262692018
12.500000000006395,0.0,0.11993256208537686,-1.0,-0.7138685534702484,-1.7060477979771131,0.9954664781390429
12.520000000006405,0.0,0.11987502395462435,-1.0,-0.7139995499801015,-1.7060044384983786,0.9954773444459628
12.540000000006415,0.0,0.11981748582387183,-1.0,-0.7141305464899546,-1.705961079019644,0.9954882107528827
12.560000000006426,0.0,0.11975994769311932,-1.0,-0.7142615429998077,-1.7059177195409094,0.9954990770598027
12.580000000006436,0.0,0.1197024095623668,-1.0,-0.7143925395096608,-1.7058743600621749,0.9955099433667227
12.600000000006446,0.0,0.004959418456000831,-1.0,-0.7345571057686131,-1.7057520315966235,0.992006327496293
12.620000000006456,0.0,0.009879022893176846,-1.0,-0.7360643862782906,-1.705786271315146,0.9920268567499761
12.640000000006467,0.0,0.014798627330352863,-1.0,-0.7375716667879683,-1.7058205110336684,0.9920473860036592
12.660000000006477,0.0,0.019718231767528877,-1.0,-0.7390789472976459,-1.705854750752191,0.9920679152573423
12.680000000006487,0.0,0.024637836204704895,-1.0,-0.7405862278073235,-1.7058889904707135,0.9920884445110254
12.700000000006497,0.0,0.1074866090675185,0.0,-0.77778463496953,-1.7044498691331704,0.9973859744603084
12.720000000006507,0.0,0.10604396309637495,0.0,-0.7772797146754808,-1.7044040434727772,0.9973852474688626
12.740000000006518,0.0,0.10460131712523142,0.0,-0.7767747943814318,-1.704358217812384,0.9973845204774167
12.760000000006528,0.0,0.10315867115408789,0.0,-0.7762698740873827,-1.7043123921519905,0.9973837934859708
12.780000000006538,0.0,0.10171602518294436,0.0,-0.7757649537933337,-1.7042665664915972,0.997383066494525
12.800000000006548,0.0,-0.06461924243409024,0.0,-0.5489077140766038,-1.6994431594707735,1.003295201332028
12.820000000006559,0.0,-0.06472304668734738,0.0,-0.5489120858928024,-1.699475453802981,1.0032992767460869
12.840000000006569,0.0,-0.06482685094060452,0.0,-0.548916457709001,-1.6995077481351883,1.0033033521601458
12.860000000006579,0.0,-0.06493065519386165,0.0,-0.5489208295251996,-1.6995400424673959,1.0033074275742044
12.88000000000659,0.0,-0.06503445944711879,0.0,-0.5489252013413982,-1.6995723367996034,1.0033115029882633
12.9000000000066,0.0,0.008889797078026075,0.0,-0.09057567220814854,-1.7013394412935103,1.0020785016923635
12.92000000000661,0.0,0.005408967771618124,0.0,-0.08965858891260128,-1.7013365095914106,1.0020746046341027
12.94000000000662,0.0,0.0019281384652101745,0.0,-0.08874150561705405,-1.7013335778893108,1.0020707075758417
12.96000000000663,0.0,-0.001552690841197777,0.0,-0.08782442232150679,-1.7013306461872113,1.002066810517581
12.98000000000664,0.0,-0.005033520147605726,0.0,-0.08690733902595955,-1.7013277144851116,1.0020629134593202
13.00000000000665,0.5,0.2175445643280402,0.0,0.013667183801143902,-1.6980500051620093,1.0071669675475707
13.020000000006661,0.5,0.21931588570496277,0.0,0.013719292704428563,-1.698026243982274,1.0072055217181897
13.040000000006671,0.5,0.22108720708188537,0.0,0.013771401607713223,-1.6980024828025386,1.0072440758888086
13.060000000006681,0.5,0.22285852845880794,0.0,0.013823510510997884,-1.6979787216228033,1.0072826300594278
13.080000000006692,0.5,0.22462984983573053,0.0,0.013875619414282545,-1.6979549604430677,1.0073211842300467
13.100000000006702,0.5,0.4998093915327127,0.0,0.002249074334788982,-1.6765204792855233,1.0411874464183415
13.120000000006712,0.5,0.49989992364242486,0.0,0.002156662875802385,-1.6764665434233315,1.041271716372254
13.140000000006722,0.5,0.4999904557521371,0.0,0.0020642514168157885,-1.6764126075611396,1.0413559863261663
13.160000000006733,0.5,0.5000809878618492,0.0,0.001971839957829192,-1.6763586716989478,1.0414402562800789
13.180000000006743,0.5,0.5001715199715614,0.0,0.001879428498842595,-1.676304735836756,1.0415245262339912
13.200000000006753,0.5,0.4990262149774617,0.0,-0.0001694619117058287,-1.6496347511769789,1.0833456491238758
13.220000000006763,0.5,0.49904992962528105,0.0,-0.0001723464971899135,-1.6495807875703081,1.0834296362985814
13.240000000006773,0.5,0.49907364427310036,0.0,-0.00017523108267399824,-1.6495268239636374,1.083513623473287
13.260000000006784,0.5,0.49909735892091966,0.0,-0.00017811566815808302,-1.6494728603569666,1.0835976106479923
13.280000000006794,0.5,0.49912107356873897,0.0,-0.0001810002536421678,-1.6494188967502958,1.083681597822698
13.300000000006804,0.5,0.4999983792719684,0.0,0.00037842540397095364,-1.6227342140619676,1.1254751830555807
13.320000000006814,0.5,0.4998130477936916,0.0,0.00035421969677714365,-1.622680230408663,1.1255591409257648
13.340000000006825,0.5,0.49962771631541486,0.0,0.00033001398958333367,-1.6226262467553583,1.1256430987959491
13.360000000006835,0.5,0.4994423848371381,0.0,0.0003058082823895237,-1.6225722631020536,1.1257270566661333
13.380000000006845,0.5,0.4992570533588614,0.0,0.0002816025751957137,-1.622518279448749,1.1258110145363174
13.400000000006855,0.5,0.5004065864565085,0.0,0.0006452565635012881,-1.5958233035727618,1.1676154463577202
13.420000000006866,0.5,0.500414330152222,0.0,0.0006453455648111378,-1.5957695669391856,1.1676998869251678
13.440000000006876,0.5,0.5004220738479356,0.0,0.0006454345661209876,-1.5957158303056094,1.1677843274926152
13.460000000006886,0.5,0.500429817543649,0.0,0.0006455235674308373,-1.5956620936720332,1.1678687680600628
13.480000000006896,0.5,0.5004375612393626,0.0,0.000645612568740687,-1.595608357038457,1.1679532086275104
13.500000000006906,0.5,0.5005506109909961,0.0,-0.0007103340292332061,-1.5689109715660887,1.2097525883470372
13.520000000006917,0.5,0.5004493708203023,0.0,-0.0006758831321734694,-1.568857234533688,1.2098369328779022
13.540000000006927,0.5,0.5003481306496086,0.0,-0.0006414322351137327,-1.5688034975012872,1.209921277408767
13.560000000006937,0.5,0.5002468904789148,0.0,-0.000606981338053996,-1.5687497604688863,1.210005621939632
13.580000000006947,0.5,0.500145650308221,0.0,-0.0005725304409942591,-1.5686960234364855,1.2100899664704967
13.600000000006958,0.0,0.35131148409824503,-1.0,-0.007790147041281946,-1.5438352701345002,1.2490193998961998
13.620000000006968,0.0,0.3487242280720846,-1.0,-0.008502295497332365,-1.5437993442901237,1.2490767546627217
13.640000000006978,0.0,0.3461369720459242,-1.0,-0.009214443953382783,-1.5437634184457474,1.2491341094292439
13.660000000006988,0.0,0.34354971601976375,-1.0,-0.0099265924094332,-1.543727492601371,1.249191464195766
13.680000000006999,0.0,0.34096245999360336,-1.0,-0.01063874086548362,-1.5436915667569948,1.249248818962288
13.700000000007009,0.0,0.19419017704299565,-1.0,-0.1990645700053964,-1.529658319341315,1.2721814997901593
13.720000000007019,0.0,0.19864143356053998,-1.0,-0.2003752989341793,-1.5296256903717567,1.2722118960981028
13.74000000000703,0.0,0.2030926900780843,-1.0,-0.2016860278629622,-1.5295930614021984,1.2722422924060466
13.76000000000704,0.0,0.20754394659562864,-1.0,-0.2029967567917451,-1.5295604324326402,1.2722726887139901
13.78000000000705,0.0,0.21199520311317296,-1.0,-0.20430748572052795,-1.5295278034630817,1.2723030850219337
13.80000000000706,0.0,-0.043898459568335615,-1.0,-0.429060232671331,-1.523379267036377,1.2820153736940592
13.82000000000707,0.0,-0.04851195720662524,-1.0,-0.430423722073171,-1.523405720072615,1.2820175217290104
13.84000000000708,0.0,-0.053125454844914856,-1.0,-0.431787211475011,-1.5234321731088531,1.2820196697639614
13.86000000000709,0.0,-0.05773895248320447,-1.0,-0.433150700876851,-1.523458626145091,1.2820218177989124
13.8800000000071,0.0,-0.062352450121494096,-1.0,-0.434514190278691,-1.523485079181329,1.2820239658338635
13.900000000007111,0.0,-0.07204395204550967,-1.0,-0.669849225771888,-1.52188373582665,1.281000255219281
13.920000000007121,0.0,-0.07708136280387522,-1.0,-0.671431091204829,-1.5218673061273016,1.2809625878136761
13.940000000007132,0.0,-0.08211877356224076,-1.0,-0.6730129566377702,-1.5218508764279532,1.2809249204080715
13.960000000007142,0.0,-0.08715618432060629,-1.0,-0.6745948220707112,-1.5218344467286051,1.2808872530024666
13.980000000007152,0.0,-0.09219359507897183,-1.0,-0.6761766875036522,-1.5218180170292568,1.280849585596862
14.000000000007162,0.0,0.14786338775709973,-1.0,-0.67942515033356,-1.5276349492950856,1.28297932794417
14.020000000007173,0.0,0.15065672793456733,-1.0,-0.6797731104345197,-1.527586486239322,1.2829791001439745
14.040000000007183,0.0,0.15345006811203496,-1.0,-0.6801210705354794,-1.5275380231835585,1.2829788723437792
14.060000000007193,0.0,0.1562434082895026,-1.0,-0.6804690306364392,-1.527489560127795,1.282978644543584
14.080000000007203,0.0,0.1590367484669702,-1.0,-0.6808169907373989,-1.5274410970720314,1.2829784167433886
14.100000000007213,0.0,0.07265598920010793,-1.0,-0.802756301026029,-1.5306424836477865,1.2847037813655218
14.120000000007224,0.0,0.07276708075103949,-1.0,-0.8026483535094432,-1.5306611784917745,1.2847447198786612
14.140000000007234,0.0,0.07287817230197105,-1.0,-0.8025404059928574,-1.5306798733357623,1.284785658391801
14.160000000007244,0.0,0.07298926385290261,-1.0,-0.8024324584762715,-1.5306985681797503,1.2848265969049406
14.180000000007254,0.0,0.07310035540383415,-1.0,-0.8023245109596856,-1.530717263023738,1.28486753541808
14.200000000007265,0.0,-0.0020850695664742787,0.0,-0.7442884933722492,-1.525470186255362,1.279980262822917
14.220000000007275,0.0,-0.0008840105022718532,0.0,-0.744630007201256,-1.5254944082286896,1.2800112537049482
14.240000000007285,0.0,0.0003170485619305723,0.0,-0.7449715210302629,-1.5255186302020176,1.2800422445869795
14.260000000007295,0.0,0.0015181076261329978,0.0,-0.7453130348592697,-1.5255428521753454,1.2800732354690108
14.280000000007306,0.0,0.002719166690335423,0.0,-0.7456545486882765,-1.5255670741486733,1.2801042263510418
14.300000000007316,0.0,0.07263725429836158,0.0,-0.34255040573890116,-1.527354406507893,1.280213547987512
14.320000000007326,0.0,0.06650524893187089,0.0,-0.33408840495453684,-1.5273534892945198,1.2802266074582946
14.340000000007336,0.0,0.06037324356538019,0.0,-0.3256264041701725,-1.5273525720811465,1.2802396669290774
14.360000000007346,0.0,0.054241238198889485,0.0,-0.31716440338580815,-1.5273516548677732,1.28025272639986
14.380000000007357,0.0,0.048109232832398784,0.0,-0.3087024026014438,-1.5273507376544,1.2802657858706428
14.400000000007367,0.5,0.1186049226057492,0.0,0.017031210027219412,-1.5267185803316192,1.2822488100893472
14.420000000007377,0.5,0.11819394756279508,0.0,0.01705013538887104,-1.5267002324803383,1.282263236273839
14.440000000007387,0.5,0.11778297251984095,0.0,0.01706906075052267,-1.5266818846290575,1.282277662458331
14.460000000007398,0.5,0.11737199747688681,0.0,0.017087986112174297,-1.5266635367777768,1.282292088642823
14.480000000007408,0.5,0.1169610224339327,0.0,0.017106911473825925,-1.526645188926496,1.282306514827315
14.500000000007418,0.5,0.50562131776299,0.0,0.017692750680695733,-1.5008625967057287,1.300714418034009
14.520000000007428,0.5,0.5056206472947304,0.0,0.0176927502038045,-1.5007796967949023,1.3007723331466299
14.540000000007439,0.5,0.5056199768264708,0.0,0.01769274972691327,-1.5006967968840759,1.300830248259251
14.560000000007449,0.5,0.5056193063582112,0.0,0.017692749250022042,-1.5006138969732494,1.3008881633718723
14.580000000007459,0.5,0.5056186358899516,0.0,0.01769274877313081,-1.500530997062423,1.3009460784844935
14.60000000000747,0.5,0.4998404661116633,0.0,0.000514538339187632,-1.460046359948257,1.3296833469617573
14.62000000000748,0.5,0.4999348003282247,0.0,0.0004901589100775054,-1.4599644040652948,1.3297409698985108
14.64000000000749,0.5,0.5000291345447861,0.0,0.0004657794809673788,-1.4598824481823327,1.3297985928352645
14.6600000000075,0.5,0.5001234687613475,0.0,0.00044140005185725216,-1.4598004922993704,1.329856215772018
14.68000000000751,0.5,0.5002178029779089,0.0,0.0004170206227471255,-1.4597185364164083,1.3299138387087714
14.70000000000752,0.5,0.49937785045587973,0.0,-0.0005533270527130574,-1.4192778340344403,1.3586452269039138
14.72000000000753,0.5,0.49940500075717975,0.0,-0.000520910836050446,-1.4191964527576275,1.358703172174154
14.74000000000754,0.5,0.49943215105847977,0.0,-0.0004884946193878344,-1.4191150714808147,1.3587611174443945
14.760000000007551,0.5,0.4994593013597798,0.0,-0.00045607840272522297,-1.4190336902040017,1.3588190627146348
14.780000000007561,0.5,0.4994864516610798,0.0,-0.0004236621860626115,-1.418952308927189,1.358877007984875
14.800000000007572,0.5,0.5008745425973694,0.0,0.0006420009442147317,-1.3785226851967747,1.387608626903517
14.820000000007582,0.5,0.50087741810361,0.0,0.0006417377912052863,-1.3784412563135564,1.387666980137835
14.840000000007592,0.5,0.5008802936098505,0.0,0.0006414746381958409,-1.3783598274303381,1.387725333372153
14.860000000007602,0.5,0.5008831691160911,0.0,0.0006412114851863954,-1.37827839854712,1.3877836866064712
14.880000000007612,0.5,0.5008860446223318,0.0,0.0006409483321769501,-1.3781969696639018,1.3878420398407891
14.900000000007623,0.5,0.5001997011921131,0.0,0.0004348792098454719,-1.3373489905898805,1.416852634194746
14.920000000007633,0.5,0.5002020028410905,0.0,0.00043449180208185857,-1.3372673585033679,1.4169104673097024
14.940000000007643,0.5,0.500204304490068,0.0,0.0004341043943182452,-1.3371857264168552,1.4169683004246587
14.960000000007653,0.5,0.5002066061390454,0.0,0.0004337169865546319,-1.3371040943303427,1.4170261335396153
14.980000000007664,0.5,0.500208907788023,0.0,0.0004333295787910185,-1.33702246224383,1.4170839666545716
15.000000000007674,0.5,0.5001551976474556,0.0,0.00015460212348602926,-1.2969918948527919,1.4455166424108625
15.020000000007684,0.5,0.5002811475613954,0.0,0.00020853248116737744,-1.2969102991404344,1.4455745399587054
15.040000000007694,0.5,0.5004070974753352,0.0,0.0002624628388487256,-1.296828703428077,1.4456324375065484
15.060000000007705,0.5,0.500533047389275,0.0,0.0003163931965300738,-1.2967471077157193,1.4456903350543913
15.080000000007715,0.5,0.5006589973032147,0.0,0.00037032355421142197,-1.2966655120033619,1.4457482326022342
15.100000000007725,0.5,0.4998284120161563,0.0,0.00021400843683400824,-1.2562286881823836,1.4744828242211279
15.120000000007735,0.5,0.4999224974738543,0.0,0.00019741864237207463,-1.256147185769958,1.4745408701425176
15.140000000007745,0.5,0.5000165829315524,0.0,0.00018082884791014104,-1.2560656833575323,1.4745989160639073
15.160000000007756,0.5,0.5001106683892503,0.0,0.00016423905344820745,-1.2559841809451067,1.474656961985297
15.180000000007766,0.5,0.5002047538469483,0.0,0.00014764925898627383,-1.255902678532681,1.4747150079066869
15.200000000007776,0.5,0.5000202255344627,0.0,0.0004971677912398665,-1.215467987142453,1.5034423412161522
15.220000000007786,0.5,0.5000237101625915,0.0,0.0004962980923258092,-1.2153864350481218,1.5035002270016593
15.240000000007797,0.5,0.5000271947907204,0.0,0.0004954283934117519,-1.2153048829537907,1.5035581127871664
15.260000000007807,0.5,0.5000306794188493,0.0,0.0004945586944976946,-1.2152233308594598,1.5036159985726738
15.280000000007817,0.5,0.5000341640469781,0.0,0.0004936889955836373,-1.2151417787651286,1.503673884358181
15.300000000007827,0.0,0.16829524062714762,0.0,0.012423105972540285,-1.1852834576328408,1.5248654137075164
15.320000000007838,0.0,0.16789662055997134,0.0,0.012113133987046344,-1.1852561362852154,1.5248843856629801
15.340000000007848,0.0,0.16749800049279503,0.0,0.011803162001552405,-1.18522881493759,1.524903357618444
15.360000000007858,0.0,0.16709938042561875,0.0,0.011493190016058464,-1.1852014935899648,1.524922329573908
15.380000000007868,0.0,0.16670076035844245,0.0,0.011183218030564525,-1.1851741722423395,1.524941301529372
15.400000000007878,0.0,3.330470434751104e-05,0.0,1.8001963490969804e-05,-1.1823417703508943,1.5269209787169558
15.420000000007889,0.0,2.883655359609079e-05,0.0,1.2359418821539835e-05,-1.1823417919807255,1.5269210127907193
15.440000000007899,0.0,2.4368402844670543e-05,0.0,6.716874152109867e-06,-1.182341813610557,1.526921046864483
15.46000000000791,0.0,1.9900252093250293e-05,0.0,1.074329482679899e-06,-1.1823418352403883,1.5269210809382463
15.48000000000792,0.0,1.5432101341830043e-05,0.0,-4.568215186750066e-06,-1.1823418568702198,1.5269211150120099
15.50000000000793,0.5,0.2274706257136485,-1.0,-0.058377784213444375,-1.1762346037127476,1.5311585438826183
15.52000000000794,0.5,0.22955759540012022,-1.0,-0.058918242380116274,-1.1761936056193627,1.5311830383235814
15.54000000000795,0.5,0.23164456508659195,-1.0,-0.059458700546788174,-1.1761526075259778,1.5312075327645445
15.56000000000796,0.5,0.23373153477306366,-1.0,-0.059999158713460066,-1.1761116094325927,1.5312320272055078
15.58000000000797,0.5,0.23581850445953537,-1.0,-0.060539616880131965,-1.1760706113392079,1.5312565216464709
15.60000000000798,0.5,0.21724614149879357,-1.0,-0.2583171268200117,-1.1517765146151688,1.5475725632837913
15.620000000007991,0.5,0.21780277304584833,-1.0,-0.25819195638946335,-1.1517479693336246,1.5476087381378043
15.640000000008001,0.5,0.21835940459290307,-1.0,-0.2580667859589151,-1.1517194240520805,1.547644912991817
15.660000000008012,0.5,0.21891603613995783,-1.0,-0.25794161552836675,-1.1516908787705364,1.54768108784583
15.680000000008022,0.5,0.21947266768701257,-1.0,-0.2578164450978185,-1.1516623334889924,1.5477172626998428
15.700000000008032,0.5,0.3219233957361027,-1.0,-0.5427138056090598,-1.1127834638677165,1.5727363193437969
15.720000000008042,0.5,0.32167668064277577,-1.0,-0.5427940069665097,-1.1127446133173533,1.572795068589333
15.740000000008052,0.5,0.3214299655494489,-1.0,-0.5428742083239597,-1.11270576276699,1.572853817834869
15.760000000008063,0.5,0.32118325045612206,-1.0,-0.5429544096814097,-1.112666912216627,1.572912567080405
15.780000000008073,0.5,0.3209365353627952,-1.0,-0.5430346110388597,-1.1126280616662638,1.5729713163259411
15.800000000008083,0.5,0.35773305978766606,-1.0,-0.6516872652203508,-1.0688376049819388,1.5974134158320943
15.820000000008093,0.5,0.3577125039646317,-1.0,-0.6516856346192129,-1.0687914620590961,1.5974782254478423
15.840000000008104,0.5,0.3576919481415973,-1.0,-0.6516840040180751,-1.0687453191362535,1.5975430350635902
15.860000000008114,0.5,0.357671392318563,-1.0,-0.6516823734169372,-1.0686991762134108,1.5976078446793383
15.880000000008124,0.5,0.3576508364955286,-1.0,-0.6516807428157995,-1.0686530332905682,1.597672654295086
15.900000000008134,0.5,0.45433860243077295,-1.0,-0.7893886554963926,-1.0244315217111728,1.6191306183274077
15.920000000008145,0.5,0.45430911175890465,-1.0,-0.7893769397775934,-1.0243313671024605,1.6191298361041562
15.940000000008155,0.5,0.4542796210870364,-1.0,-0.7893652240587943,-1.0242312124937483,1.6191290538809047
15.960000000008165,0.5,0.4542501304151681,-1.0,-0.7893535083399951,-1.0241310578850362,1.6191282716576532
15.980000000008175,0.5,0.4542206397432998,-1.0,-0.7893417926211959,-1.024030903276324,1.6191274894344017
16.000000000008185,0.5,0.6157701789397921,-1.0,-0.725683559046397,-0.9823287313054161,1.6431282765208035
16.020000000008196,0.5,0.6158036602088632,-1.0,-0.7256827091747585,-0.982199686247402,1.6431340242169372
16.040000000008206,0.5,0.6158371414779342,-1.0,-0.7256818593031199,-0.9820706411893878,1.643139771913071
16.060000000008216,0.5,0.6158706227470053,-1.0,-0.7256810094314814,-0.9819415961313737,1.6431455196092046
16.080000000008226,0.5,0.6159041040160763,-1.0,-0.7256801595598429,-0.9818125510733594,1.6431512673053383
16.100000000008237,0.5,0.40451591265523634,-1.0,-0.7849963951910939,-0.9380365916652843,1.6602694140438858
16.120000000008247,0.5,0.40456854319053076,-1.0,-0.7850066717687527,-0.9379698018464946,1.6603311715111708
16.140000000008257,0.5,0.4046211737258252,-1.0,-0.7850169483464114,-0.9379030120277049,1.6603929289784558
16.160000000008267,0.5,0.4046738042611196,-1.0,-0.7850272249240703,-0.9378362222089152,1.660454686445741
16.180000000008278,0.5,0.404726434796414,-1.0,-0.7850375015017291,-0.9377694323901254,1.660516443913026
16.200000000008288,0.5,0.3832592741879174,-1.0,-0.7069613547532956,-0.8810821130377385,1.6619537879488373
16.220000000008298,0.5,0.3832435198388002,-1.0,-0.706998725548559,-0.8810154977679698,1.6620111838068892
16.24000000000831,0.5,0.383227765489683,-1.0,-0.7070360963438225,-0.8809488824982012,1.662068579664941
16.26000000000832,0.5,0.3832120111405658,-1.0,-0.707073467139086,-0.8808822672284325,1.662125975522993
16.28000000000833,0.5,0.3831962567914486,-1.0,-0.7071108379343495,-0.8808156519586638,1.6621833713810445
16.30000000000834,0.5,0.6277801041679671,-1.0,-0.6922137676081719,-0.8388183887239281,1.682793791191127
16.32000000000835,0.5,0.6278068052304577,-1.0,-0.6922146112382273,-0.8386890662327114,1.6827723527223233
16.34000000000836,0.5,0.6278335062929482,-1.0,-0.6922154548682825,-0.8385597437414948,1.6827509142535197
16.36000000000837,0.5,0.6278602073554387,-1.0,-0.6922162984983379,-0.838430421250278,1.6827294757847162
16.38000000000838,0.5,0.6278869084179293,-1.0,-0.6922171421283932,-0.8383010987590613,1.6827080373159127
16.40000000000839,0.5,0.3885621714107159,-1.0,-0.7387898133633437,-0.7900095126903514,1.680829859167935
16.4200000000084,0.5,0.38853165343687757,-1.0,-0.7387894037016889,-0.7899340078519224,1.6808730792308828
16.44000000000841,0.5,0.38850113546303927,-1.0,-0.7387889940400341,-0.7898585030134935,1.680916299293831
16.46000000000842,0.5,0.388470617489201,-1.0,-0.7387885843783792,-0.7897829981750645,1.680959519356779
16.48000000000843,0.5,0.3884400995153627,-1.0,-0.7387881747167244,-0.7897074933366356,1.6810027394197269
16.50000000000844,0.5,0.41949751447678835,-1.0,-0.815380886256197,-0.7380832238023298,1.6794197648117388
16.52000000000845,0.5,0.41979804850603963,-1.0,-0.8152745141267469,-0.7380001454643715,1.6793738654881287
16.54000000000846,0.5,0.4200985825352909,-1.0,-0.8151681419972969,-0.7379170671264131,1.6793279661645188
16.560000000008472,0.5,0.4203991165645422,-1.0,-0.8150617698678468,-0.7378339887884547,1.679282066840909
16.580000000008482,0.5,0.4206996505937935,-1.0,-0.8149553977383968,-0.7377509104504965,1.6792361675172989
16.600000000008492,0.5,0.4809067730214027,-1.0,-0.7992836068176122,-0.6900486224346358,1.685315415078623
16.620000000008503,0.5,0.4809415520352208,-1.0,-0.7992914721254616,-0.6899574698988191,1.6852633772258996
16.640000000008513,0.5,0.4809763310490389,-1.0,-0.7992993374333109,-0.6898663173630024,1.685211339373176
16.660000000008523,0.5,0.48101111006285696,-1.0,-0.7993072027411603,-0.6897751648271856,1.6851593015204527
16.680000000008533,0.5,0.48104588907667506,-1.0,-0.7993150680490096,-0.6896840122913689,1.6851072636677291
16.700000000008544,0.5,0.38347096029041416,-1.0,-0.7234030819702054,-0.6405815434644365,1.6717449996989173
16.720000000008554,0.5,0.3834309387944798,-1.0,-0.7234010090862946,-0.6404991775172272,1.6717684572026836
16.740000000008564,0.5,0.38339091729854546,-1.0,-0.7233989362023837,-0.640416811570018,1.67179191470645
16.760000000008574,0.5,0.3833508958026111,-1.0,-0.7233968633184729,-0.6403344456228086,1.6718153722102163
16.780000000008584,0.5,0.38331087430667676,-1.0,-0.723394790434562,-0.6402520796755994,1.6718388297139826
16.800000000008595,0.0,0.36434417080616466,0.0,-0.47016583221639296,-0.6033977483742817,1.6643937558420403
16.820000000008605,0.0,0.362784199336013,0.0,-0.46977033522514894,-0.6033223195099285,1.6644013010657384
16.840000000008615,0.0,0.3612242278658614,0.0,-0.46937483823390497,-0.6032468906455754,1.6644088462894366
16.860000000008625,0.0,0.3596642563957098,0.0,-0.46897934124266094,-0.603171461781222,1.664416391513135
16.880000000008636,0.0,0.3581042849255582,0.0,-0.4685838442514169,-0.6030960329168689,1.6644239367368332
16.900000000008646,0.0,0.0544669842198877,0.0,-0.3339107015175353,-0.5852616398593489,1.6629873654746572
16.920000000008656,0.0,0.058369562802604566,0.0,-0.3327414572637145,-0.5852423502662858,1.6630003256410424
16.940000000008666,0.0,0.06227214138532143,0.0,-0.33157221300989365,-0.5852230606732228,1.6630132858074274
16.960000000008677,0.0,0.0661747199680383,0.0,-0.3304029687560728,-0.5852037710801598,1.6630262459738125
16.980000000008687,0.0,0.07007729855075516,0.0,-0.3292337245022519,-0.5851844814870967,1.6630392061401975
17.000000000008697,0.0,0.026270714039391265,0.0,-0.08020777044514488,-0.5829752314278751,1.6645665922332056
17.020000000008707,0.0,0.02660016708178339,0.0,-0.08014763199758411,-0.582968633357473,1.6645688933271134
17.040000000008718,0.0,0.02692962012417552,0.0,-0.08008749355002333,-0.5829620352870708,1.6645711944210213
17.060000000008728,0.0,0.027259073166567643,0.0,-0.08002735510246256,-0.5829554372166685,1.6645734955149292
17.080000000008738,0.0,0.027588526208959768,0.0,-0.0799672166549018,-0.5829488391462664,1.664575796608837
17.100000000008748,0.0,-2.5552862620950136e-05,0.0,-0.0001204379699999512,-0.5827519754037188,1.6647802659799376
17.12000000000876,0.0,-3.827828315958853e-05,0.0,-0.0001316931540410511,-0.5827519789589214,1.6647803148266098
17.14000000000877,0.0,-5.100370369822693e-05,0.0,-0.000142948338082151,-0.5827519825141241,1.664780363673282
17.16000000000878,0.0,-6.372912423686533e-05,0.0,-0.0001542035221232509,-0.5827519860693267,1.6647804125199541
17.18000000000879,0.0,-7.645454477550373e-05,0.0,-0.00016545870616435084,-0.5827519896245293,1.6647804613666264
17.2000000000088,0.0,-7.925369011935705e-05,0.0,0.00011608946408084944,-0.5827455704999188,1.66479703880905
17.22000000000881,0.0,-7.822643145103089e-05,0.0,0.00011367303476919942,-0.5827455782853378,1.6647970629459452
17.24000000000882,0.0,-7.719917278270472e-05,0.0,0.0001112566054575494,-0.5827455860707569,1.6647970870828404
17.26000000000883,0.0,-7.617191411437854e-05,0.0,0.0001088401761458994,-0.5827455938561759,1.6647971112197353
17.28000000000884,0.0,-7.514465544605237e-05,0.0,0.00010642374683424939,-0.582745601641595,1.6647971353566304
17.30000000000885,0.5,0.1917602320362728,1.0,0.1046399821402787,-0.5704977880973939,1.6612844134302076
17.32000000000886,0.5,0.19174256314924776,1.0,0.10463988030926377,-0.5704596614250773,1.6612777897904036
17.34000000000887,0.5,0.19172489426222275,1.0,0.10463977847824886,-0.5704215347527607,1.6612711661505997
17.36000000000888,0.5,0.19170722537519774,1.0,0.10463967664723393,-0.5703834080804442,1.6612645425107957
17.38000000000889,0.5,0.1916895564881727,1.0,0.10463957481621901,-0.5703452814081276,1.6612579188709917
17.4000000000089,0.5,0.4303022213346877,1.0,0.3070453410302867,-0.541831545113271,1.651892711846317
17.420000000008912,0.5,0.4304800713778101,1.0,0.3070637793520866,-0.5417436287376044,1.6518858203233813
17.440000000008922,0.5,0.4306579214209325,1.0,0.30708221767388655,-0.5416557123619378,1.6518789288004456
17.460000000008932,0.5,0.4308357714640549,1.0,0.3071006559956865,-0.5415677959862711,1.65187203727751
17.480000000008943,0.5,0.43101362150717726,1.0,0.3071190943174864,-0.5414798796106045,1.651865145754574
17.500000000008953,0.5,0.6798304546613366,1.0,0.5323209174425508,-0.49443553037097043,1.6417128539664003
17.520000000008963,0.5,0.6798420268734783,1.0,0.5323206825100161,-0.49429687938727923,1.6417069389712278
17.540000000008973,0.5,0.67985359908562,1.0,0.5323204475774814,-0.494158228403588,1.641701023976055
17.560000000008984,0.5,0.6798651712977618,1.0,0.5323202126449467,-0.49401957741989677,1.6416951089808824
17.580000000008994,0.5,0.6798767435099035,1.0,0.532319977712412,-0.49388092643620557,1.6416891939857097
17.600000000009004,0.5,0.6693466122105503,1.0,0.5800211894923368,-0.446553160263149,1.6248346742178326
17.620000000009014,0.5,0.6688264103655147,1.0,0.5805309317564283,-0.44641543280989354,1.6248455750399613
17.640000000009024,0.5,0.6683062085204792,1.0,0.5810406740205198,-0.4462777053566381,1.62485647586209
17.660000000009035,0.5,0.6677860066754436,1.0,0.5815504162846112,-0.4461399779033826,1.6248673766842188
17.680000000009045,0.5,0.6672658048304081,1.0,0.5820601585487027,-0.4460022504501271,1.6248782775063475
17.700000000009055,0.5,0.4372349964574463,1.0,0.7544961132306169,-0.39995310553034696,1.6165583770338472
17.720000000009065,0.5,0.43727999282867047,1.0,0.7544963137940496,-0.3998711113999549,1.6165072461591776
17.740000000009076,0.5,0.4373249891998946,1.0,0.7544965143574822,-0.3997891172695628,1.6164561152845083
17.760000000009086,0.5,0.4373699855711187,1.0,0.7544967149209149,-0.3997071231391707,1.616404984409839
17.780000000009096,0.5,0.43741498194234285,1.0,0.7544969154843476,-0.39962512900877856,1.6163538535351696
17.800000000009106,0.5,0.38035852609670157,1.0,0.7155663580221698,-0.3475074232601727,1.6198961858444323
17.820000000009117,0.5,0.3803296849159989,1.0,0.7155685823509521,-0.34743317049321243,1.6198540609455758
17.840000000009127,0.5,0.38030084373529627,1.0,0.7155708066797343,-0.3473589177262522,1.6198119360467194
17.860000000009137,0.5,0.3802720025545936,1.0,0.7155730310085165,-0.34728466495929194,1.619769811147863
17.880000000009147,0.5,0.38024316137389097,1.0,0.7155752553372988,-0.3472104121923317,1.6197276862490062
17.900000000009157,0.5,0.5100714824581328,1.0,0.7933417998992064,-0.2977945861875153,1.615990398587047
17.920000000009168,0.5,0.5100278451948922,1.0,0.7933442545556308,-0.29769394092132373,1.6160359998434328
17.940000000009178,0.5,0.5099842079316514,1.0,0.7933467092120553,-0.2975932956551321,1.6160816010998187
17.960000000009188,0.5,0.5099405706684108,1.0,0.7933491638684798,-0.29749265038894046,1.6161272023562046
17.9800000000092,0.5,0.5098969334051701,1.0,0.7933516185249041,-0.2973920051227488,1.6161728036125904
18.00000000000921,0.5,0.6114414712173879,1.0,0.7389683670979229,-0.24897784296326939,1.6118170801700542
18.02000000000922,0.5,0.6114709811326292,1.0,0.7389693615756917,-0.24886047643182693,1.6118694085392755
18.04000000000923,0.5,0.6115004910478705,1.0,0.7389703560534604,-0.24874310990038448,1.611921736908497
18.06000000000924,0.5,0.6115300009631118,1.0,0.7389713505312291,-0.24862574336894203,1.6119740652777186
18.08000000000925,0.5,0.611559510878353,1.0,0.7389723450089979,-0.24850837683749957,1.6120263936469401
18.10000000000926,0.5,0.44034411751436003,1.0,0.7767110409843059,-0.2029251374138381,1.616644887384731
18.12000000000927,0.5,0.4466364201686988,1.0,0.7784380679593176,-0.20282452113886112,1.616620445729152
18.14000000000928,0.5,0.4529287228230376,1.0,0.7801650949343293,-0.20272390486388414,1.6165960040735732
18.16000000000929,0.5,0.4592210254773763,1.0,0.781892121909341,-0.20262328858890719,1.6165715624179942
18.1800000000093,0.5,0.4655133281317151,1.0,0.7836191488843528,-0.2025226723139302,1.6165471207624151
18.20000000000931,0.5,0.37446474248502215,1.0,0.7015644853966255,-0.15384621531836098,1.6371825622676357
18.22000000000932,0.5,0.3744367482577184,1.0,0.7015651879574835,-0.15376368983481348,1.637163504591088
18.24000000000933,0.5,0.3744087540304147,1.0,0.7015658905183414,-0.15368116435126597,1.63714444691454
18.26000000000934,0.5,0.3743807598031109,1.0,0.7015665930791993,-0.15359863886771846,1.6371253892379922
18.280000000009352,0.5,0.3743527655758072,1.0,0.7015672956400573,-0.15351611338417098,1.6371063315614445
18.300000000009362,0.5,0.5920081978711095,1.0,0.7930540250497393,-0.10527579584280736,1.647415218104038
18.320000000009372,0.5,0.5920573513018789,1.0,0.7930485674618273,-0.1051779445152378,1.6474941049769902
18.340000000009383,0.5,0.5921065047326483,1.0,0.7930431098739154,-0.10508009318766824,1.6475729918499424
18.360000000009393,0.5,0.5921556581634178,1.0,0.7930376522860033,-0.10498224186009869,1.6476518787228949
18.380000000009403,0.5,0.5922048115941871,1.0,0.7930321946980913,-0.10488439053252913,1.647730765595847
18.400000000009413,0.5,0.4527630101363719,1.0,0.7733212041333213,-0.0596404880363576,1.657361512304271
18.420000000009424,0.5,0.45887214933013715,1.0,0.7750789616744324,-0.05953474872992626,1.6573613699642593
18.440000000009434,0.5,0.46498128852390236,1.0,0.7768367192155433,-0.05942900942349491,1.6573612276242478
18.460000000009444,0.5,0.47109042771766757,1.0,0.7785944767566543,-0.059323270117063565,1.6573610852842362
18.480000000009454,0.5,0.4771995669114328,1.0,0.7803522342977653,-0.05921753081063222,1.6573609429442246
18.500000000009464,0.5,0.3708569127643413,1.0,0.6927272976413102,-0.01631864525311421,1.6899687647290837
18.520000000009475,0.5,0.37083592296544177,1.0,0.6927288069347209,-0.01623459903962406,1.689968538787046
18.540000000009485,0.5,0.3708149331665423,1.0,0.6927303162281315,-0.016150552826133906,1.6899683128450083
18.560000000009495,0.5,0.37079394336764276,1.0,0.6927318255215421,-0.016066506612643756,1.6899680869029707
18.580000000009505,0.5,0.3707729535687433,1.0,0.6927333348149527,-0.015982460399153603,1.689967860960933
18.600000000009516,0.5,0.5407278816747626,1.0,0.7802436276456457,0.031175080429997355,1.7115961936018205
18.620000000009526,0.5,0.5406595318073901,1.0,0.7802405168122886,0.031244461848607782,1.711688659044347
18.640000000009536,0.5,0.5405911819400177,1.0,0.7802374059789315,0.03131384326721821,1.7117811244868735
18.660000000009546,0.5,0.5405228320726453,1.0,0.7802342951455745,0.03138322468582864,1.7118735899294
18.680000000009557,0.5,0.5404544822052728,1.0,0.7802311843122175,0.03145260610443906,1.7119660553719265
18.700000000009567,0.5,0.6277946361634307,1.0,0.6650685639041976,0.07190832673714627,1.7312058180512584
18.720000000009577,0.5,0.6278335024095719,1.0,0.6650614483399769,0.07198416365809726,1.7313143315843598
18.740000000009587,0.5,0.6278723686557133,1.0,0.6650543327757564,0.07206000057904824,1.731422845117461
18.760000000009597,0.5,0.6279112349018546,1.0,0.6650472172115358,0.07213583749999923,1.731531358650562
18.780000000009608,0.5,0.627950101147996,1.0,0.6650401016473152,0.07221167442095022,1.7316398721836634
18.800000000009618,0.5,0.5320865295411945,1.0,0.6420935106264578,0.10884137891879939,1.7580888535799024
18.820000000009628,0.5,0.5320691532744382,1.0,0.6420935314015291,0.10894495942324295,1.7581311848854075
18.84000000000964,0.5,0.5320517770076818,1.0,0.6420935521766004,0.10904853992768652,1.7581735161909129
18.86000000000965,0.5,0.5320344007409256,1.0,0.6420935729516717,0.1091521204321301,1.7582158474964182
18.88000000000966,0.5,0.5320170244741692,1.0,0.6420935937267429,0.10925570093657368,1.7582581788019234
18.90000000000967,0.5,0.38064522642962084,1.0,0.7162484098566503,0.14378665341382288,1.797102674818456
18.92000000000968,0.5,0.3806673010142931,1.0,0.7162646140494279,0.14386825519198462,1.797127879064574
18.94000000000969,0.5,0.38068937559896526,1.0,0.7162808182422055,0.14394985697014637,1.797153083310692
18.9600000000097,0.5,0.3807114501836375,1.0,0.7162970224349832,0.14403145874830814,1.7971782875568099
18.98000000000971,0.5,0.38073352476830974,1.0,0.7163132266277608,0.14411306052646988,1.7972034918029278
19.00000000000972,0.5,0.44354315452813675,1.0,0.732006143099073,0.17868294939283857,1.8327520054440691
19.02000000000973,0.5,0.4397863765895325,1.0,0.7333520209670019,0.1787697697639009,1.8327884219977033
19.04000000000974,0.5,0.4360295986509283,1.0,0.7346978988349309,0.17885659013496324,1.8328248385513375
19.06000000000975,0.5,0.4322728207123241,1.0,0.7360437767028597,0.17894341050602558,1.8328612551049717
19.08000000000976,0.5,0.42851604277371985,1.0,0.7373896545707886,0.1790302308770879,1.8328976716586058
19.10000000000977,0.5,0.6321391243619111,1.0,0.7156821146239953,0.20947901510168587,1.8735556591860238
19.12000000000978,0.5,0.6322240442536717,1.0,0.7156502926848162,0.2095269125178643,1.8736783974989428
19.140000000009792,0.5,0.6323089641454324,1.0,0.715618470745637,0.2095748099340427,1.8738011358118616
19.160000000009802,0.5,0.6323938840371929,1.0,0.7155866488064577,0.20962270735022112,1.8739238741247803
19.180000000009812,0.5,0.6324788039289535,1.0,0.7155548268672786,0.20967060476639954,1.874046612437699
19.200000000009823,0.5,0.5913885193623298,1.0,0.7710237384117533,0.2466319739364696,1.9007453510705505
19.220000000009833,0.5,0.5913568014950291,1.0,0.7710238288943353,0.24673206905275794,1.9008209491669124
19.240000000009843,0.5,0.5913250836277284,1.0,0.7710239193769173,0.24683216416904627,1.900896547263274
19.260000000009853,0.5,0.5912933657604277,1.0,0.7710240098594991,0.2469322592853346,1.9009721453596355
19.280000000009863,0.5,0.591261647893127,1.0,0.7710241003420811,0.24703235440162294,1.9010477434559971
19.300000000009874,0.5,0.4849104382169487,1.0,0.7006369956604978,0.2601400206524723,1.95355010546437
19.320000000009884,0.5,0.48492816000879574,1.0,0.7005114873251906,0.2602195060336258,1.9536167038063963
19.340000000009894,0.5,0.4849458818006428,1.0,0.7003859789898835,0.26029899141477925,1.9536833021484226
19.360000000009904,0.5,0.48496360359248986,1.0,0.7002604706545764,0.2603784767959327,1.953749900490449
19.380000000009915,0.5,0.48498132538433686,1.0,0.7001349623192693,0.26045796217708617,1.9538164988324753
19.400000000009925,0.5,0.598084336645151,1.0,0.7734604282727753,0.29277515043895835,1.9903647609892476
19.420000000009935,0.5,0.5981136237127578,1.0,0.7734608446248303,0.2927888245104844,1.9904903460757106
19.440000000009945,0.5,0.5981429107803645,1.0,0.7734612609768855,0.29280249858201035,1.9906159311621736
19.460000000009956,0.5,0.5981721978479713,1.0,0.7734616773289407,0.2928161726535364,1.9907415162486366
19.480000000009966,0.5,0.598201484915578,1.0,0.7734620936809957,0.29282984672506235,1.9908671013350996
19.500000000009976,0.5,0.45369474786249425,1.0,0.8047673181958663,0.30945752434674345,2.0349436754391568
19.520000000009986,0.5,0.45357913541012407,1.0,0.8047568148861931,0.30952994488723606,2.0350134800658144
19.540000000009996,0.5,0.4534635229577539,1.0,0.80474631157652,0.30960236542772873,2.0350832846924716
19.560000000010007,0.5,0.4533479105053837,1.0,0.8047358082668468,0.30967478596822134,2.035153089319129
19.580000000010017,0.5,0.45323229805301346,1.0,0.8047253049571736,0.309747206508714,2.0352228939457864
19.600000000010027,0.5,0.4010980366408595,1.0,0.7747816832695604,0.3222439103759443,2.0844578489204073
19.620000000010037,0.5,0.40110787009793736,1.0,0.774796994772832,0.3223055017150484,2.084523769354577
19.640000000010048,0.5,0.40111770355501525,1.0,0.7748123062761036,0.3223670930541525,2.084589689788746
19.660000000010058,0.5,0.4011275370120931,1.0,0.7748276177793753,0.3224286843932566,2.084655610222915
19.680000000010068,0.5,0.401137370469171,1.0,0.7748429292826469,0.3224902757323608,2.0847215306570845
19.70000000001008,0.5,0.37559825990647705,1.0,0.7019023459897621,0.3336708777350945,2.1345672781285625
19.72000000001009,0.5,0.37566726904617753,1.0,0.7020058097773295,0.3337227066328078,2.13463342234213
19.7400000000101,0.5,0.375736278185878,1.0,0.7021092735648969,0.33377453553052105,2.1346995665556983
19.76000000001011,0.5,0.3758052873255785,1.0,0.7022127373524644,0.3338263644282343,2.134765710769266
19.78000000001012,0.5,0.375874296465279,1.0,0.7023162011400318,0.3338781933259476,2.1348318549828336
19.80000000001013,0.5,0.4842904959636826,1.0,0.7165770350968445,0.34214349244736114,2.1846013279004377
19.82000000001014,0.5,0.4797036826961231,1.0,0.7180254822906292,0.3421943278908483,2.1846877845797383
19.84000000001015,0.5,0.4751168694285636,1.0,0.719473929484414,0.3422451633343355,2.1847742412590394
19.86000000001016,0.5,0.47053005616100413,1.0,0.7209223766781988,0.3422959987778227,2.1848606979383405
19.88000000001017,0.5,0.46594324289344463,1.0,0.7223708238719836,0.34234683422130985,2.184947154617641
19.90000000001018,0.5,0.6220899911765664,1.0,0.708169891090463,0.3487388975905748,2.234182878319094
19.92000000001019,0.5,0.6221228952342338,1.0,0.7080489471599473,0.3487082232531729,2.2343092341478568
19.9400000000102,0.5,0.6221557992919012,1.0,0.7079280032294314,0.34867754891577096,2.23443558997662
19.96000000001021,0.5,0.6221887033495687,1.0,0.7078070592989156,0.34864687457836907,2.2345619458053827
19.98000000001022,0.5,0.6222216074072361,1.0,0.7076861153683999,0.3486162002409672,2.234688301634146
20.000000000010232,0.5,0.6073116039607096,1.0,0.6988209261782186,0.35784851837532633,2.28173102847435
20.020000000010242,0.5,0.6097429659173654,1.0,0.699355445529842,0.35781001856255995,2.2818543280734143
20.040000000010252,0.5,0.6121743278740214,1.0,0.6998899648814654,0.3577715187497935,2.2819776276724784
20.060000000010263,0.5,0.6146056898306772,1.0,0.7004244842330887,0.35773301893702714,2.2821009272715425
20.080000000010273,0.5,0.6170370517873331,1.0,0.7009590035847121,0.35769451912426076,2.2822242268706066
20.100000000010283,0.5,0.5388596727057993,1.0,0.789158053550585,0.3554155849770308,2.3306508420718295
20.120000000010293,0.5,0.5388144509300025,1.0,0.7891567621829015,0.3554485829451366,2.33076203373606
20.140000000010303,0.5,0.5387692291542057,1.0,0.7891554708152181,0.3554815809132424,2.3308732254002904
20.160000000010314,0.5,0.5387240073784088,1.0,0.7891541794475347,0.35551457888134824,2.330984417064521
20.180000000010324,0.5,0.538678785602612,1.0,0.7891528880798513,0.35554757684945404,2.3310956087287518
20.200000000010334,0.5,0.3935234399378634,1.0,0.7525545726975985,0.34508190550888634,2.3794424428011265
20.220000000010344,0.5,0.3934953841684856,1.0,0.7525554806506243,0.34510828503959845,2.379526762775699
20.240000000010355,0.5,0.3934673283991079,1.0,0.75255638860365,0.34513466457031056,2.379611082750271
20.260000000010365,0.5,0.3934392726297302,1.0,0.7525572965566758,0.34516104410102266,2.379695402724843
20.280000000010375,0.5,0.39341121686035246,1.0,0.7525582045097016,0.34518742363173477,2.379779722699415
20.300000000010385,0.5,0.46735254867602094,1.0,0.7269796383949071,0.3308252536934626,2.4309366924442832
20.320000000010396,0.5,0.46723883801972904,1.0,0.7269838392084754,0.3308422014898273,2.4310372957985065
20.340000000010406,0.5,0.46712512736343714,1.0,0.7269880400220438,0.330859149286192,2.4311378991527297
20.360000000010416,0.5,0.46701141670714524,1.0,0.7269922408356121,0.3308760970825567,2.431238502506953
20.380000000010426,0.5,0.46689770605085334,1.0,0.7269964416491804,0.3308930448789214,2.431339105861176
20.400000000010436,0.5,0.6374287392267528,1.0,0.6634477768603121,0.32768666762374465,2.4774165198386675
20.420000000010447,0.5,0.6372732154865358,1.0,0.6634699918387204,0.32761340825750235,2.4775263277168187
20.440000000010457,0.5,0.6371176917463188,1.0,0.6634922068171285,0.32754014889126004,2.4776361355949703
20.460000000010467,0.5,0.6369621680061018,1.0,0.6635144217955368,0.32746688952501773,2.477745943473122
20.480000000010477,0.5,0.6368066442658848,1.0,0.6635366367739449,0.32739363015877543,2.477855751351273
20.500000000010488,0.5,0.35920049539472326,1.0,0.6542182106188751,0.3039242960845263,2.522150770963882
20.520000000010498,0.5,0.35917952285466137,1.0,0.6542253786274173,0.30392942065140044,2.522230451196711
20.540000000010508,0.5,0.35915855031459953,1.0,0.6542325466359594,0.3039345452182746,2.52231013142954
20.56000000001052,0.5,0.3591375777745377,1.0,0.6542397146445016,0.30393966978514875,2.5223898116623693
20.58000000001053,0.5,0.3591166052344758,1.0,0.6542468826530438,0.3039447943520229,2.5224694918951984
20.60000000001054,0.5,0.5337372720500615,1.0,0.7453385842939977,0.2841464208704064,2.574081380996525
20.62000000001055,0.5,0.5336781971300647,1.0,0.7453376433088275,0.28406337342459165,2.5741592789607903
20.64000000001056,0.5,0.5336191222100678,1.0,0.7453367023236573,0.28398032597877687,2.5742371769250556
20.66000000001057,0.5,0.5335600472900709,1.0,0.7453357613384871,0.28389727853296204,2.574315074889321
20.68000000001058,0.5,0.5335009723700741,1.0,0.745334820353317,0.28381423108714726,2.5743929728535857
20.70000000001059,0.5,0.5650285695305998,1.0,0.8365334102544735,0.2636300498766238,2.616090052119943
20.7200000000106,0.5,0.5649914209574468,1.0,0.8365334404878717,0.2636111385105052,2.616210449952906
20.74000000001061,0.5,0.5649542723842939,1.0,0.83653347072127,0.2635922271443866,2.6163308477858696
20.76000000001062,0.5,0.5649171238111409,1.0,0.8365335009546683,0.263573315778268,2.616451245618833
20.78000000001063,0.5,0.5648799752379879,1.0,0.8365335311880665,0.2635544044121494,2.6165716434517963
20.80000000001064,0.5,0.4465610154141292,1.0,0.8798099835781481,0.23246212958798615,2.6564094964676666
20.82000000001065,0.5,0.4466852330771235,1.0,0.8797784762935842,0.23237174675617805,2.656454516305446
20.84000000001066,0.5,0.4468094507401178,1.0,0.8797469690090203,0.23228136392436996,2.656499536143226
20.860000000010672,0.5,0.4469336684031121,1.0,0.8797154617244564,0.23219098109256187,2.6565445559810055
20.880000000010682,0.5,0.4470578860661064,1.0,0.8796839544398923,0.2321005982607538,2.6565895758187854
20.900000000010692,0.5,0.5619448317238406,1.0,0.878885722950282,0.21246613621059315,2.7018046352336667
20.920000000010702,0.5,0.561960036718757,1.0,0.8790621683699507,0.21242825663129153,2.701920380025999
20.940000000010713,0.5,0.5619752417136735,1.0,0.8792386137896192,0.2123903770519899,2.702036124818331
20.960000000010723,0.5,0.5619904467085899,1.0,0.8794150592092879,0.21235249747268828,2.7021518696106632
20.980000000010733,0.5,0.5620056517035064,1.0,0.8795915046289564,0.21231461789338668,2.702267614402995
21.000000000010743,0.5,0.41264281122347746,1.0,0.8078730551105368,0.17130670127361372,2.733807988636968
21.020000000010754,0.5,0.4126078844442901,1.0,0.8078741450103839,0.17127862431701524,2.733897041777034
21.040000000010764,0.5,0.4125729576651027,1.0,0.8078752349102309,0.17125054736041678,2.7339860949171
21.060000000010774,0.5,0.41253803088591534,1.0,0.8078763248100781,0.17122247040381833,2.734075148057167
21.080000000010784,0.5,0.41250310410672797,1.0,0.8078774147099252,0.17119439344721987,2.734164201197233
21.100000000010795,0.5,0.5276157767357944,1.0,0.7761187103419009,0.13470116229688459,2.7706708613767996
21.120000000010805,0.5,0.5219823884582058,1.0,0.7777396361319782,0.1345980553756148,2.770703352478922
21.140000000010815,0.5,0.516349000180617,1.0,0.7793605619220554,0.13449494845434506,2.7707358435810447
21.160000000010825,0.5,0.5107156119030284,1.0,0.7809814877121326,0.1343918415330753,2.7707683346831673
21.180000000010835,0.5,0.5050822236254396,1.0,0.7826024135022099,0.13428873461180552,2.77080082578529
21.200000000010846,0.5,0.5426270242805008,1.0,0.801163093599527,0.10341341519828166,2.8014348796294364
21.220000000010856,0.5,0.5425884320505111,1.0,0.8011628113843635,0.1033499937140912,2.8015327156780154
21.240000000010866,0.5,0.5425498398205213,1.0,0.8011625291692,0.10328657222990073,2.8016305517265945
21.260000000010876,0.5,0.5425112475905316,1.0,0.8011622469540366,0.10322315074571026,2.8017283877751735
21.280000000010887,0.5,0.5424726553605418,1.0,0.8011619647388731,0.1031597292615198,2.8018262238237526
21.300000000010897,0.5,0.4024894764274249,1.0,0.7786173224571975,0.05876710335973598,2.827401664745763
21.320000000010907,0.5,0.4024598056800827,1.0,0.7786181847437293,0.058719933550789305,2.827479281259594
21.340000000010917,0.5,0.4024301349327405,1.0,0.7786190470302611,0.058672763741842625,2.827556897773425
21.360000000010928,0.5,0.4024004641853983,1.0,0.7786199093167929,0.058625593932895945,2.8276345142872557
21.380000000010938,0.5,0.4023707934380561,1.0,0.7786207716033248,0.058578424123949265,2.8277121308010864
21.400000000010948,0.5,0.6121219521394078,1.0,0.7373117962610202,0.009098813574152233,2.847788547222934
21.42000000001096,0.5,0.6118855937192357,1.0,0.7372523520200999,0.00897233253887804,2.8478088747792745
21.44000000001097,0.5,0.6116492352990635,1.0,0.7371929077791796,0.008845851503603848,2.8478292023356144
21.46000000001098,0.5,0.6114128768788912,1.0,0.7371334635382593,0.008719370468329655,2.847849529891955
21.48000000001099,0.5,0.6111765184587191,1.0,0.737074019297339,0.008592889433055462,2.8478698574482952
21.500000000011,0.5,0.5669635584258776,1.0,0.775047464449209,-0.025580286907755056,2.877257610483933
21.52000000001101,0.5,0.5669664803278109,1.0,0.7750512585183711,-0.025669246696378926,2.8773390561668943
21.54000000001102,0.5,0.5669694022297441,1.0,0.7750550525875332,-0.025758206485002797,2.8774205018498558
21.56000000001103,0.5,0.5669723241316774,1.0,0.7750588466566952,-0.025847166273626664,2.877501947532817
21.58000000001104,0.5,0.5669752460336106,1.0,0.7750626407258574,-0.025936126062250535,2.877583393215778
21.60000000001105,0.5,0.6064225779328362,1.0,0.6733189872198216,-0.07793691930815605,2.8857929123261705
21.62000000001106,0.5,0.5984218511418198,1.0,0.6759791986266079,-0.07803295916654537,2.8858656856215528
21.64000000001107,0.5,0.5904211243508033,1.0,0.6786394100333943,-0.0781289990249347,2.8859384589169355
21.66000000001108,0.5,0.5824203975597869,1.0,0.6812996214401806,-0.07822503888332404,2.8860112322123177
21.68000000001109,0.5,0.5744196707687705,1.0,0.6839598328469669,-0.07832107874171336,2.8860840055077004
21.7000000000111,0.0,0.33609871580710965,0.0,0.737657618106354,-0.12144123903772717,2.9062556785833324
21.72000000001111,0.0,0.3360288109279296,0.0,0.7376554907719449,-0.12151594952251792,2.9062348532246265
21.740000000011122,0.0,0.33595890604874945,0.0,0.7376533634375358,-0.12159066000730866,2.9062140278659205
21.760000000011132,0.0,0.3358890011695693,0.0,0.7376512361031268,-0.1216653704920994,2.9061932025072146
21.780000000011142,0.0,0.3358190962903892,0.0,0.7376491087687177,-0.12174008097689015,2.906172377148509
21.800000000011153,0.0,0.10782718671494324,0.0,0.6027590998547359,-0.14431435731129902,2.918200618547951
21.820000000011163,0.0,0.10639409933404743,0.0,0.6023106609930018,-0.1443400326633988,2.9181721482911236
21.840000000011173,0.0,0.10496101195315165,0.0,0.6018622221312676,-0.14436570801549856,2.918143678034296
21.860000000011183,0.0,0.10352792457225585,0.0,0.6014137832695335,-0.14439138336759832,2.9181152077774684
21.880000000011194,0.0,0.10209483719136006,0.0,0.6009653444077995,-0.1444170587196981,2.9180867375206403
21.900000000011204,0.0,0.003981472254373499,0.0,0.27457680166448223,-0.1508467564391384,2.9189994730860196
21.920000000011214,0.0,0.008880699245172555,0.0,0.2731150234467373,-0.15085042342088018,2.9190145640981133
21.940000000011224,0.0,0.013779926235971612,0.0,0.2716532452289924,-0.15085409040262193,2.919029655110207
21.960000000011235,0.0,0.018679153226770665,0.0,0.27019146701124747,-0.15085775738436372,2.9190447461223012
21.980000000011245,0.0,0.023578380217569722,0.0,0.26872968879350256,-0.1508614243661055,2.919059837134395
22.000000000011255,0.0,-0.0005524211219412568,0.0,0.0031221680790077954,-0.1513814859119091,2.9200313024225837
22.020000000011265,0.0,-0.0005155854798453314,0.0,0.0031095670254793523,-0.15138135638045794,2.9200317392356205
22.040000000011275,0.0,-0.00047874983774940597,0.0,0.0030969659719509096,-0.15138122684900676,2.9200321760486574
22.060000000011286,0.0,-0.00044191419565348057,0.0,0.003084364918422467,-0.15138109731755556,2.9200326128616942
22.080000000011296,0.0,-0.0004050785535575551,0.0,0.003071763864894024,-0.15138096778610438,2.920033049674731
22.100000000011306,0.0,3.743197317388711e-05,0.0,8.871313728823643e-05,-0.15138862571146333,2.9200629723148084
22.120000000011316,0.0,3.7427202985039014e-05,0.0,8.854962984511764e-05,-0.15138863939406086,2.9200629237610083
22.140000000011327,0.0,3.742243279619091e-05,0.0,8.838612240199886e-05,-0.15138865307665836,2.920062875207208
22.160000000011337,0.0,3.741766260734281e-05,0.0,8.822261495888007e-05,-0.15138866675925589,2.9200628266534085
22.180000000011347,0.0,3.7412892418494714e-05,0.0,8.805910751576127e-05,-0.1513886804418534,2.9200627780996085
22.200000000011357,0.0,6.614456240671156e-05,0.0,-6.69881484399446e-05,-0.1513902384683698,2.92007769071452
22.220000000011368,0.0,4.873063280500931e-05,0.0,-5.303555512184323e-05,-0.15139023316118935,2.9200777001016793
22.240000000011378,0.0,3.1316703203307056e-05,0.0,-3.908296180374187e-05,-0.15139022785400894,2.9200777094888393
22.260000000011388,0.0,1.390277360160481e-05,0.0,-2.513036848564051e-05,-0.15139022254682852,2.9200777188759988
22.2800000000114,0.0,-3.5111560000974435e-06,0.0,-1.1177775167539144e-05,-0.15139021723964807,2.9200777282631587
22.30000000001141,0.0,0.00011102217917281097,0.0,-8.613124973966259e-05,-0.15139060524654255,2.9200894204527503
22.32000000001142,0.0,8.549040287502319e-05,0.0,-7.778998476599565e-05,-0.15139059815678518,2.9200894498989274
22.34000000001143,0.0,5.9958626577235406e-05,0.0,-6.944871979232872e-05,-0.15139059106702782,2.9200894793451044
22.36000000001144,0.0,3.4426850279447625e-05,0.0,-6.110745481866179e-05,-0.15139058397727045,2.920089508791282
22.38000000001145,0.0,8.895073981659844e-06,0.0,-5.276618984499486e-05,-0.1513905768875131,2.920089538237459
22.40000000001146,0.0,0.00015911912797664834,0.0,-2.0529927903461346e-05,-0.15139108803791848,2.9200993119392926
22.42000000001147,0.0,0.0001337454652477344,0.0,-3.3177315724770205e-05,-0.15139109815383262,2.920099283400444
22.44000000001148,0.0,0.0001083718025188205,0.0,-4.582470354607906e-05,-0.15139110826974675,2.920099254861596
22.46000000001149,0.0,8.299813978990659e-05,0.0,-5.847209136738792e-05,-0.15139111838566088,2.920099226322747
22.4800000000115,0.0,5.762447706099267e-05,0.0,-7.111947918869679e-05,-0.151391128501575,2.920099197783899
22.50000000001151,0.0,4.4571923199359045e-06,0.0,9.284831805363764e-06,-0.1513918737889104,2.92010760162775
22.52000000001152,0.0,1.960134343658714e-06,0.0,2.083929636653273e-05,-0.15139187330022455,2.9201075926965427
22.54000000001153,0.0,-5.369236326184764e-07,0.0,3.2393760927701694e-05,-0.15139187281153868,2.9201075837653354
22.56000000001154,0.0,-3.0339816088956665e-06,0.0,4.394822548887066e-05,-0.15139187232285284,2.920107574834128
22.58000000001155,0.0,-5.531039585172856e-06,0.0,5.550269005003962e-05,-0.15139187183416697,2.9201075659029208
22.600000000011562,-0.5,-0.08879327108815764,1.0,-0.025327687693509567,-0.15043270191277983,2.919976875106662
22.620000000011572,-0.5,-0.09164507393392123,1.0,-0.026082274727378913,-0.15041242677228495,2.919972931042038
22.640000000011582,-0.5,-0.09449687677968482,1.0,-0.026836861761248262,-0.15039215163179007,2.919968986977415
22.660000000011593,-0.5,-0.09734867962544841,1.0,-0.027591448795117608,-0.1503718764912952,2.919965042912791
22.680000000011603,-0.5,-0.10020048247121201,1.0,-0.028346035828986954,-0.1503516013508003,2.9199610988481672
22.700000000011613,-0.5,-0.24078812314367176,1.0,0.04618261938011244,-0.13220254861571498,2.9176563063433023
22.720000000011623,-0.5,-0.24069436841111147,1.0,0.04617994519425291,-0.13215452562042304,2.917653017751945
22.740000000011634,-0.5,-0.24060061367855118,1.0,0.04617727100839339,-0.1321065026251311,2.9176497291605874
22.760000000011644,-0.5,-0.24050685894599091,1.0,0.04617459682253386,-0.13205847962983913,2.91764644056923
22.780000000011654,-0.5,-0.24041310421343062,1.0,0.046171922636674335,-0.1320104566345472,2.9176431519778725
22.800000000011664,-0.5,-0.5355869715673164,1.0,0.3461609113872329,-0.10008711720155317,2.9136504334419184
22.820000000011675,-0.5,-0.5377162087017898,1.0,0.3468718402199677,-0.09997712935259385,2.9136585121592997
22.840000000011685,-0.5,-0.5398454458362633,1.0,0.3475827690527026,-0.09986714150363454,2.9136665908766815
22.860000000011695,-0.5,-0.5419746829707366,1.0,0.3482936978854374,-0.09975715365467523,2.9136746695940627
22.880000000011705,-0.5,-0.54410392010521,1.0,0.34900462671817223,-0.09964716580571593,2.9136827483114445
22.900000000011715,-0.5,-0.6433334813037462,1.0,0.5513003276051353,-0.05285588064860876,2.9085463644004568
22.920000000011726,-0.5,-0.6433483412682772,1.0,0.5513051240993484,-0.05272584761556263,2.908568680386548
22.940000000011736,-0.5,-0.6433632012328083,1.0,0.5513099205935615,-0.052595814582516505,2.9085909963726384
22.960000000011746,-0.5,-0.6433780611973393,1.0,0.5513147170877747,-0.052465781549470375,2.908613312358729
22.980000000011756,-0.5,-0.6433929211618703,1.0,0.5513195135819878,-0.05233574851642425,2.9086356283448196
23.000000000011767,-0.5,-0.624099722070065,1.0,0.6337736137283159,-0.0043529301378857875,2.9045621955976824
23.020000000011777,-0.5,-0.6241212325204988,1.0,0.6337795615846976,-0.004228436488664841,2.9045938134190106
23.040000000011787,-0.5,-0.6241427429709325,1.0,0.6337855094410794,-0.004103942839443894,2.9046254312403392
23.060000000011797,-0.5,-0.6241642534213663,1.0,0.6337914572974612,-0.003979449190222947,2.9046570490616674
23.080000000011808,-0.5,-0.6241857638718,1.0,0.633797405153843,-0.003854955541002,2.904688666882996
23.100000000011818,-0.5,-0.503591040393909,1.0,0.7435458192934022,0.04370866770768039,2.9056144447048142
23.120000000011828,-0.5,-0.5036294955723292,1.0,0.743459941672015,0.04381235212522712,2.905582385139831
23.140000000011838,-0.5,-0.5036679507507494,1.0,0.7433740640506279,0.04391603654277385,2.9055503255748474
23.16000000001185,-0.5,-0.5037064059291696,1.0,0.7432881864292408,0.044019720960320585,2.9055182660098637
23.18000000001186,-0.5,-0.5037448611075898,1.0,0.7432023088078537,0.04412340537786732,2.9054862064448805
23.20000000001187,-0.5,-0.39292039917953714,1.0,0.7538360740075588,0.09416378347273394,2.91677080603842
23.22000000001188,-0.5,-0.3930120229372205,1.0,0.7539095771397667,0.09424790901546574,2.9167417542891236
23.24000000001189,-0.5,-0.3931036466949038,1.0,0.7539830802719746,0.09433203455819757,2.9167127025398267
23.2600000000119,-0.5,-0.39319527045258706,1.0,0.7540565834041825,0.09441616010092939,2.91668365079053
23.28000000001191,-0.5,-0.3932868942102704,1.0,0.7541300865363904,0.0945002856436612,2.9166545990412334
23.30000000001192,-0.5,-0.44512187612753873,1.0,0.7747677901464787,0.14461254918957353,2.9275495760399024
23.32000000001193,-0.5,-0.44105447562510736,1.0,0.7759540017391161,0.1446856950791813,2.9276098788637963
23.34000000001194,-0.5,-0.4369870751226759,1.0,0.7771402133317535,0.1447588409687891,2.9276701816876898
23.36000000001195,-0.5,-0.4329196746202445,1.0,0.778326424924391,0.14483198685839688,2.9277304845115837
23.38000000001196,-0.5,-0.4288522741178131,1.0,0.7795126365170284,0.14490513274800465,2.9277907873354776
23.40000000001197,-0.5,-0.6292224978146558,1.0,0.6875040691844648,0.19133024437143895,2.934265543389338
23.42000000001198,-0.5,-0.6292038898539134,1.0,0.6874006745792609,0.19143948249960452,2.9343381170176634
23.44000000001199,-0.5,-0.629185281893171,1.0,0.687297279974057,0.19154872062777012,2.9344106906459895
23.460000000012002,-0.5,-0.6291666739324288,1.0,0.6871938853688532,0.1916579587559357,2.934483264274315
23.480000000012012,-0.5,-0.6291480659716864,1.0,0.6870904907636493,0.19176719688410127,2.934555837902641
23.500000000012022,-0.5,-0.5126264153646971,1.0,0.7314742024597335,0.23826317798293772,2.9466921966599298
23.520000000012033,-0.5,-0.5128474834264996,1.0,0.7314697379957062,0.23834528233407437,2.9467641962790982
23.540000000012043,-0.5,-0.513068551488302,1.0,0.7314652735316791,0.238427386685211,2.9468361958982667
23.560000000012053,-0.5,-0.5132896195501044,1.0,0.7314608090676519,0.23850949103634764,2.946908195517435
23.580000000012063,-0.5,-0.5135106876119069,1.0,0.7314563446036246,0.23859159538748426,2.9469801951366033
23.600000000012074,0.0,-0.2574472627401927,0.0,0.7356580425180639,0.2778546141179538,2.967644383602272
23.620000000012084,0.0,-0.2574413297005628,0.0,0.7356450760075127,0.27791792391962716,2.9676314982295855
23.640000000012094,0.0,-0.25743539666093296,0.0,0.7356321094969616,0.2779812337213005,2.967618612856899
23.660000000012104,0.0,-0.25742946362130303,0.0,0.7356191429864104,0.27804454352297386,2.9676057274842123
23.680000000012114,0.0,-0.25742353058167317,0.0,0.7356061764758591,0.2781078533246472,2.9675928421115256
23.700000000012125,0.0,-0.001518204818692238,0.0,0.5411172650088684,0.2965022522748893,2.970215303072223
23.720000000012135,0.0,-0.0015372391065446834,0.0,0.5411103200786016,0.2964884809155145,2.970240359386258
23.740000000012145,0.0,-0.001556273394397129,0.0,0.5411033751483348,0.2964747095561397,2.9702654157002932
23.760000000012155,0.0,-0.0015753076822495745,0.0,0.541096430218068,0.29646093819676483,2.970290472014328
23.780000000012166,0.0,-0.00159434197010202,0.0,0.5410894852878012,0.29644716683739003,2.970315528328363
23.800000000012176,0.0,0.07228401965994652,0.0,0.20186812491000808,0.3015903819603279,2.9695996796443396
23.820000000012186,0.0,0.07187502204556588,0.0,0.2016843009444163,0.3015720547967387,2.9696026882169275
23.840000000012196,0.0,0.07146602443118524,0.0,0.2015004769788245,0.3015537276331495,2.9696056967895155
23.860000000012207,0.0,0.0710570268168046,0.0,0.20131665301323273,0.30153540046956034,2.9696087053621034
23.880000000012217,0.0,0.07064802920242397,0.0,0.20113282904764093,0.30151707330597116,2.969611713934691
23.900000000012227,0.0,-0.0005819199671219876,0.0,0.0013164576458478282,0.3018621569241521,2.9704824325204005
23.920000000012237,0.0,-0.0005801888597610159,0.0,0.0013132017548563722,0.3018622345943265,2.970482524689958
23.940000000012247,0.0,-0.0005784577524000443,0.0,0.0013099458638649165,0.30186231226450083,2.970482616859516
23.960000000012258,0.0,-0.0005767266450390726,0.0,0.0013066899728734606,0.30186238993467523,2.9704827090290737
23.980000000012268,0.0,-0.0005749955376781008,0.0,0.0013034340818820049,0.30186246760484964,2.970482801198631
24.000000000012278,0.0,1.6031764587507808e-05,0.0,1.978312551269499e-05,0.301863003981235,2.970482673548757
24.02000000001229,0.0,5.243823329353674e-06,0.0,1.4445897186825671e-05,0.3018630296927666,2.9704826466768752
24.0400000000123,0.0,-5.544117928800463e-06,0.0,9.108668860956352e-06,0.3018630554042982,2.9704826198049936
24.06000000001231,0.0,-1.6332059186954595e-05,0.0,3.771440535087032e-06,0.30186308111582977,2.9704825929331125
24.08000000001232,0.0,-2.7120000445108734e-05,0.0,-1.5657877907822843e-06,0.3018631068273614,2.970482566061231
24.10000000001233,0.0,-9.95450203189294e-06,0.0,7.249249752601962e-05,0.3018638955408473,2.970485178104546
24.12000000001234,0.0,-1.2250158169199155e-05,0.0,6.894140169305594e-05,0.3018638532034345,2.970485254200306
24.14000000001235,0.0,-1.454581430650537e-05,0.0,6.539030586009224e-05,0.3018638108660217,2.970485330296066
24.16000000001236,0.0,-1.6841470443811582e-05,0.0,6.183921002712856e-05,0.30186376852860897,2.970485406391826
24.18000000001237,0.0,-1.9137126581117797e-05,0.0,5.8288114194164875e-05,0.30186372619119617,2.9704854824875864
24.20000000001238,0.0,1.868602637791582e-05,0.0,5.116213980247066e-05,0.3018639898886362,2.9704865649926275
24.22000000001239,0.0,1.6901509562953813e-05,0.0,4.938297493148528e-05,0.30186398918562396,2.970486562427553
24.2400000000124,0.0,1.5116992747991806e-05,0.0,4.7603810060499905e-05,0.3018639884826117,2.970486559862479
24.26000000001241,0.0,1.3332475933029798e-05,0.0,4.5824645189514526e-05,0.3018639877795994,2.970486557297404
24.28000000001242,0.0,1.154795911806779e-05,0.0,4.404548031852914e-05,0.3018639870765871,2.9704865547323296
24.30000000001243,0.0,1.6826968489807473e-05,0.0,0.00020559668484528584,0.30186562620921864,2.9704871176500007
24.320000000012442,0.0,1.079683330656649e-05,0.0,0.00021640804662053802,0.30186560669299883,2.9704871540111215
24.340000000012452,0.0,4.766698123325511e-06,0.0,0.0002272194083957902,0.3018655871767791,2.9704871903722423
24.360000000012462,0.0,-1.2634370599154718e-06,0.0,0.00023803077017104233,0.30186556766055933,2.9704872267333635
24.380000000012473,0.0,-7.293572243156451e-06,0.0,0.0002488421319462945,0.3018655481443395,2.9704872630944843
24.400000000012483,0.0,2.6793167364763615e-05,0.0,0.00018330407323316115,0.3018661304697096,2.970490121308852
24.420000000012493,0.0,-1.9449752955206644e-05,0.0,0.0001635798195846158,0.3018661691324238,2.970490136566042
24.440000000012503,0.0,-6.56926732751769e-05,0.0,0.00014385556593607044,0.301866207795138,2.9704901518232316
24.460000000012514,0.0,-0.00011193559359514715,0.0,0.0001241313122875251,0.30186624645785215,2.9704901670804214
24.480000000012524,0.0,-0.00015817851391511741,0.0,0.00010440705863897976,0.30186628512056635,2.970490182337611
24.500000000012534,0.0,-2.978632156214278e-05,0.0,3.5860654226501036e-05,0.3018667158887064,2.9704920863887465
24.520000000012544,0.0,-1.4990475230293039e-05,0.0,5.5423749247526585e-05,0.30186672069949927,2.970492061947599
24.540000000012554,0.0,-1.9462889844329661e-07,0.0,7.498684426855214e-05,0.3018667255102921,2.970492037506452
24.560000000012565,0.0,1.4601217433406442e-05,0.0,9.454993928957768e-05,0.30186673032108496,2.970492013065305
24.580000000012575,0.0,2.9397063765256188e-05,0.0,0.00011411303431060324,0.3018667351318778,2.9704919886241576
24.600000000012585,0.0,4.017971514538302e-05,0.0,9.022517114547073e-05,0.30186718383006367,2.97049196534452
24.620000000012595,0.0,3.823990206372464e-05,0.0,8.90565176424603e-05,0.3018671876227849,2.9704919477233704
24.640000000012606,0.0,3.630008898206626e-05,0.0,8.788786413944989e-05,0.30186719141550616,2.9704919301022206
24.660000000012616,0.0,3.4360275900407877e-05,0.0,8.671921063643946e-05,0.30186719520822747,2.970491912481071
24.680000000012626,0.0,3.2420462818749496e-05,0.0,8.555055713342904e-05,0.3018671990009487,2.9704918948599213
24.700000000012636,0.0,-0.00019941196194097683,0.0,4.611933453612489e-05,0.3018668031133555,2.970494368146851
24.720000000012647,0.0,-0.00010242369458827735,0.0,5.097525919703225e-05,0.30186682239069496,2.9704942331993305
24.740000000012657,0.0,-5.435427235577894e-06,0.0,5.5831183857939616e-05,0.3018668416680344,2.97049409825181
24.760000000012667,0.0,9.155284011712157e-05,0.0,6.0687108518846975e-05,0.30186686094537385,2.97049396330429
24.780000000012677,0.0,0.00018854110746982107,0.0,6.554303317975433e-05,0.30186688022271324,2.9704938283567692
24.800000000012687,0.0,-0.0002082999159448343,0.0,9.148644393426727e-05,0.3018668611906192,2.9704956584577293
24.820000000012698,0.0,-0.0001395554863605181,0.0,9.716055231100174e-05,0.3018668818719209,2.9704955740874466
24.840000000012708,0.0,-7.08110567762019e-05,0.0,0.00010283466068773621,0.30186690255322257,2.9704954897171643
24.860000000012718,0.0,-2.0666271918856702e-06,0.0,0.00010850876906447067,0.30186692323452424,2.970495405346882
24.88000000001273,0.0,6.66778023924305e-05,0.0,0.00011418287744120514,0.30186694391582597,2.970495320976599
24.90000000001274,0.0,-3.327629310413043e-05,0.0,0.00024147202921743263,0.3018678409818627,2.9704981828014194
24.92000000001275,0.0,-2.106412113480139e-05,0.0,0.00022988365384061596,0.30186783676382406,2.970498179064572
24.94000000001276,0.0,-8.851949165472348e-06,0.0,0.0002182952784637993,0.30186783254578536,2.9704981753277253
24.96000000001277,0.0,3.360222803856692e-06,0.0,0.00020670690308698263,0.3018678283277467,2.970498171590878
24.98000000001278,0.0,1.5572394773185732e-05,0.0,0.00019511852771016597,0.301867824109708,2.970498167854031
25.00000000001279,0.0,-0.00015427825168703543,0.0,-0.00010911296901959792,0.30186821871142416,2.9704973994199655
25.0200000000128,0.0,-0.00011780183478716479,0.0,-0.00011468319843728879,0.3018682117500302,2.970497399963645
25.04000000001281,0.0,-8.132541788729413e-05,0.0,-0.00012025342785497966,0.3018682047886362,2.9704974005073246
25.06000000001282,0.0,-4.4849000987423485e-05,0.0,-0.00012582365727267054,0.3018681978272422,2.970497401051004
25.08000000001283,0.0,-8.372584087552827e-06,0.0,-0.0001313938866903614,0.3018681908658482,2.9704974015946837
25.10000000001284,0.0,-0.0001403474981638968,0.0,-4.382791947602152e-05,0.30186810184689583,2.970500434014437
25.12000000001285,0.0,-0.00010373595135731047,0.0,-2.5364059302331407e-05,0.3018680999377241,2.970500420923106
25.14000000001286,0.0,-6.712440455072413e-05,0.0,-6.9001991286412885e-06,0.30186809802855236,2.970500407831775
25.16000000001287,0.0,-3.0512857744137797e-05,0.0,1.1563661045048823e-05,0.30186809611938065,2.9705003947404434
25.180000000012882,0.0,6.098689062448547e-06,0.0,3.0027521218738934e-05,0.3018680942102089,2.9705003816491122
25.200000000012892,0.0,6.333249887826736e-08,0.0,0.00023624004245513517,0.3018677512713132,2.9705012953911343
25.220000000012902,0.0,-3.824474585585167e-06,0.0,0.00023353925829603493,0.3018677396355867,2.970501321400366
25.240000000012913,0.0,-7.712281670048602e-06,0.0,0.0002308384741369347,0.3018677279998603,2.9705013474095976
25.260000000012923,0.0,-1.1600088754512036e-05,0.0,0.00022813768997783447,0.30186771636413384,2.9705013734188297
25.280000000012933,0.0,-1.548789583897547e-05,0.0,0.00022543690581873426,0.30186770472840735,2.9705013994280614
25.300000000012943,0.0,-3.9121023682870444e-05,0.0,0.00020275498876462256,0.30186857442206994,2.9705015918676856
25.320000000012953,0.0,-4.609759611416295e-05,0.0,0.00019043155780217331,0.3018685964116646,2.9705015845414495
25.340000000012964,0.0,-5.3074168545455465e-05,0.0,0.00017810812683972404,0.3018686184012592,2.970501577215214
25.360000000012974,0.0,-6.005074097674797e-05,0.0,0.00016578469587727476,0.30186864039085387,2.970501569888978
25.380000000012984,0.0,-6.702731340804048e-05,0.0,0.0001534612649148255,0.3018686623804485,2.9705015625627422
25.400000000012994,-0.5,-0.0646534855558686,-1.0,-0.016797182111456577,0.3023767317929933,2.970772367427695
25.420000000013005,-0.5,-0.06635664460250675,-1.0,-0.017072699272932142,0.30238965199915147,2.9707793036591554
25.440000000013015,-0.5,-0.06805980364914488,-1.0,-0.017348216434407704,0.3024025722053096,2.9707862398906157
25.460000000013025,-0.5,-0.06976296269578303,-1.0,-0.01762373359588327,0.30241549241146776,2.970793176122076
25.480000000013035,-0.5,-0.07146612174242116,-1.0,-0.01789925075735883,0.3024284126176259,2.9708001123535364
25.500000000013046,-0.5,-0.3026704821231319,-1.0,-0.1695135648172597,0.31785135009095844,2.9801304400148005
25.520000000013056,-0.5,-0.3082134477300364,-1.0,-0.16762168888789197,0.31790433642385496,2.9801703104380444
25.540000000013066,-0.5,-0.3137564133369409,-1.0,-0.1657298129585242,0.3179573227567514,2.980210180861288
25.560000000013076,-0.5,-0.3192993789438454,-1.0,-0.16383793702915647,0.31801030908964795,2.980250051284532
25.580000000013086,-0.5,-0.3248423445507499,-1.0,-0.1619460610997887,0.31806329542254447,2.9802899217077763
25.600000000013097,-0.5,-0.4587061504243653,-1.0,-0.39039526572563293,0.3458482505484815,2.9964515237393465
25.620000000013107,-0.5,-0.46321769236055027,-1.0,-0.39185069531115013,0.3459426119686743,2.9964805085674726
25.640000000013117,-0.5,-0.46772923429673524,-1.0,-0.3933061248966673,0.34603697338886713,2.996509493395599
25.660000000013127,-0.5,-0.4722407762329202,-1.0,-0.3947615544821844,0.34613133480905994,2.996538478223725
25.680000000013138,-0.5,-0.4767523181691052,-1.0,-0.3962169840677016,0.3462256962292527,2.9965674630518517
25.700000000013148,-0.5,-0.6095353406575739,-1.0,-0.547694396480655,0.38626128253347397,3.0201349660434893
25.720000000013158,-0.5,-0.6135004570498306,-1.0,-0.548831130710846,0.3863876453222008,3.0201641453335304
25.74000000001317,-0.5,-0.6174655734420873,-1.0,-0.549967864941037,0.3865140081109277,3.0201933246235715
25.76000000001318,-0.5,-0.621430689834344,-1.0,-0.551104599171228,0.3866403708996545,3.0202225039136126
25.78000000001319,-0.5,-0.6253958062266006,-1.0,-0.552241333401419,0.3867667336883813,3.0202516832036537
25.8000000000132,-0.5,-0.5352782879138906,-1.0,-0.7118731840995555,0.430772268855909,3.039927264744521
25.82000000001321,-0.5,-0.5352497531173862,-1.0,-0.7118735632920622,0.4308557146036459,3.040004234724057
25.84000000001322,-0.5,-0.5352212183208818,-1.0,-0.7118739424845688,0.43093916035138274,3.0400812047035926
25.86000000001323,-0.5,-0.5351926835243772,-1.0,-0.7118743216770754,0.4310226060991196,3.0401581746831288
25.88000000001324,-0.5,-0.5351641487278728,-1.0,-0.7118747008695822,0.4311060518468564,3.0402351446626645
25.90000000001325,-0.5,-0.38473838325839166,-1.0,-0.7266646319996506,0.4805420447992412,3.053772189301492
25.92000000001326,-0.5,-0.3847028167415101,-1.0,-0.7266697259932112,0.4806018352484326,3.0538347046433123
25.94000000001327,-0.5,-0.38466725022462855,-1.0,-0.7266748199867719,0.48066162569762394,3.053897219985132
25.96000000001328,-0.5,-0.384631683707747,-1.0,-0.7266799139803325,0.48072141614681535,3.0539597353269516
25.98000000001329,-0.5,-0.3845961171908654,-1.0,-0.7266850079738931,0.4807812065960067,3.0540222506687713
26.0000000000133,0.0,-0.32485769254862795,0.0,-0.7743683180223094,0.5241622060093315,3.069040378568027
26.02000000001331,0.0,-0.32128712047431746,0.0,-0.7752369694539195,0.5242323259569168,3.069015213134493
26.040000000013322,0.0,-0.317716548400007,0.0,-0.7761056208855297,0.5243024459045021,3.068990047700959
26.060000000013332,0.0,-0.3141459763256965,0.0,-0.7769742723171399,0.5243725658520876,3.068964882267425
26.080000000013342,0.0,-0.310575404251386,0.0,-0.7778429237487501,0.5244426857996729,3.0689397168338908
26.100000000013353,0.0,-0.05328547966408578,0.0,-0.5539979742032307,0.5423010735179372,3.0857085532616377
26.120000000013363,0.0,-0.051738660328332166,0.0,-0.5536143941291742,0.542315648367884,3.0856809573462463
26.140000000013373,0.0,-0.05019184099257855,0.0,-0.5532308140551178,0.5423302232178309,3.085653361430855
26.160000000013383,0.0,-0.04864502165682494,0.0,-0.5528472339810612,0.5423447980677777,3.0856257655154633
26.180000000013393,0.0,-0.04709820232107132,0.0,-0.5524636539070047,0.5423593729177245,3.085598169600072
26.200000000013404,0.0,0.036162802952258155,0.0,-0.17002580225746625,0.5465930749580994,3.0844750967959276
26.220000000013414,0.0,0.038646673326708327,0.0,-0.16928394871684346,0.5465847833409924,3.0844650185923923
26.240000000013424,0.0,0.0411305437011585,0.0,-0.16854209517622068,0.5465764917238852,3.0844549403888566
26.260000000013434,0.0,0.04361441407560866,0.0,-0.16780024163559787,0.5465682001067782,3.0844448621853213
26.280000000013445,0.0,0.04609828445005884,0.0,-0.16705838809497509,0.5465599084896712,3.084434783981786
26.300000000013455,0.0,-9.787477034081653e-06,0.0,-5.352950584482563e-05,0.5462708151656956,3.084253863288238
26.320000000013465,0.0,-1.5864038297145036e-05,0.0,-8.571859210720416e-05,0.546270828076652,3.0842538675685773
26.340000000013475,0.0,-2.1940599560208423e-05,0.0,-0.0001179076783695827,0.5462708409876083,3.0842538718489165
26.360000000013486,0.0,-2.8017160823271803e-05,0.0,-0.00015009676463196122,0.5462708538985644,3.084253876129256
26.380000000013496,0.0,-3.409372208633519e-05,0.0,-0.00018228585089433976,0.5462708668095207,3.0842538804095954
26.400000000013506,0.0,6.15359639521869e-06,0.0,-0.0002551951128208693,0.5462708988743531,3.084264766708436
26.420000000013516,0.0,-3.2995280070917607e-06,0.0,-0.0002636213796003097,0.5462709053317418,3.084264779058409
26.440000000013526,0.0,-1.275265240940221e-05,0.0,-0.00027204764637975016,0.5462709117891305,3.0842647914083816
26.460000000013537,0.0,-2.220577681171266e-05,0.0,-0.00028047391315919057,0.5462709182465192,3.0842648037583547
26.480000000013547,0.0,-3.1658901214023114e-05,0.0,-0.00028890017993863103,0.5462709247039078,3.0842648161083273
26.500000000013557,0.0,4.925264907565184e-05,0.0,-0.0003088959160656606,0.5462688109230008,3.084272604254578
26.520000000013567,0.0,5.3847695692151485e-05,0.0,-0.0002911419065837008,0.5462688013791296,3.0842725701195524
26.540000000013578,0.0,5.8442742308651125e-05,0.0,-0.0002733878971017411,0.5462687918352584,3.0842725359845264
26.560000000013588,0.0,6.303778892515078e-05,0.0,-0.0002556338876197813,0.5462687822913872,3.084272501849501
26.580000000013598,0.0,6.763283554165041e-05,0.0,-0.00023787987813782152,0.5462687727475161,3.084272467714475
26.60000000001361,0.0,1.1144297885860613e-05,0.0,-0.00027003062226091254,0.546267841707787,3.0842841480253167
26.62000000001362,0.0,1.0061790325141656e-05,0.0,-0.00026710839412898157,0.5462678347383139,3.0842841872689792
26.64000000001363,0.0,8.9792827644227e-06,0.0,-0.00026418616599705055,0.5462678277688408,3.084284226512642
26.66000000001364,0.0,7.896775203703743e-06,0.0,-0.0002612639378651195,0.5462678207993675,3.084284265756304
26.68000000001365,0.0,6.814267642984786e-06,0.0,-0.0002583417097331885,0.5462678138298944,3.0842843049999664
26.70000000001366,-0.5,-0.1514605481009378,0.0,0.012839063766582337,0.5492549861717844,3.0848145338899235
26.72000000001367,-0.5,-0.1532382485695586,0.0,0.012780282965610368,0.5492866576789821,3.0848195333990462
26.74000000001368,-0.5,-0.1550159490381794,0.0,0.012721502164638398,0.5493183291861798,3.084824532908169
26.76000000001369,-0.5,-0.1567936495068002,0.0,0.012662721363666429,0.5493500006933775,3.0848295324172916
26.7800000000137,-0.5,-0.15857134997542102,0.0,0.012603940562694458,0.5493816722005752,3.0848345319264148
26.80000000001371,-0.5,-0.49638752164342176,0.0,0.011515739197264438,0.5841977398455245,3.09009533504792
26.82000000001372,-0.5,-0.4976242410101535,0.0,0.01096497318543916,0.5842971732333162,3.090110034113809
26.84000000001373,-0.5,-0.4988609603768852,0.0,0.01041420717361388,0.5843966066211079,3.0901247331796973
26.86000000001374,-0.5,-0.500097679743617,0.0,0.0098634411617886,0.5844960400088998,3.090139432245586
26.88000000001375,-0.5,-0.5013343991103487,0.0,0.009312675149963322,0.5845954733966915,3.090154131311475
26.900000000013762,-0.5,-0.4999851448477521,0.0,0.0014654709427191802,0.6331548972936037,3.0974237644319085
26.920000000013772,-0.5,-0.49998535269056477,0.0,0.0014657227566157018,0.6332538366399679,3.0974382751805023
26.940000000013782,-0.5,-0.49998556053337745,0.0,0.0014659745705122233,0.6333527759863322,3.0974527859290957
26.960000000013792,-0.5,-0.49998576837619013,0.0,0.0014662263844087448,0.6334517153326964,3.0974672966776895
26.980000000013803,-0.5,-0.4999859762190028,0.0,0.0014664781983052663,0.6335506546790606,3.097481807426283
27.000000000013813,-0.5,-0.5004035897817544,0.0,0.0008268232382439448,0.6825982560014137,3.1048326203438945
27.020000000013823,-0.5,-0.5004315210304782,0.0,0.0008323976086462484,0.6826972761328526,3.1048473436296815
27.040000000013833,-0.5,-0.500459452279202,0.0,0.0008379719790485519,0.6827962962642915,3.104862066915469
27.060000000013844,-0.5,-0.5004873835279258,0.0,0.0008435463494508555,0.6828953163957304,3.104876790201256
27.080000000013854,-0.5,-0.5005153147766496,0.0,0.000849120719853159,0.6829943365271693,3.1048915134870434
27.100000000013864,-0.5,-0.4998854211359176,0.0,0.0011579115489472038,0.7320369741603717,3.1122544344114957
27.120000000013874,-0.5,-0.4998782230053648,0.0,0.0011571383823021323,0.7321358687326825,3.1122690595329088
27.140000000013885,-0.5,-0.49987102487481194,0.0,0.0011563652156570605,0.7322347633049934,3.112283684654322
27.160000000013895,-0.5,-0.4998638267442591,0.0,0.0011555920490119887,0.7323336578773043,3.112298309775735
27.180000000013905,-0.5,-0.4998566286137063,0.0,0.0011548188823669171,0.7324325524496151,3.112312934897148
27.200000000013915,0.0,-0.12023452413372017,0.0,0.01173698299530921,0.7634559529428253,3.1168721842267075
27.220000000013926,0.0,-0.11880846606308879,0.0,0.011766623783462084,0.7634784107393437,3.1168749661346777
27.240000000013936,0.0,-0.11738240799245742,0.0,0.01179626457161496,0.7635008685358622,3.116877748042648
27.260000000013946,0.0,-0.11595634992182603,0.0,0.011825905359767833,0.7635233263323806,3.116880529950618
27.280000000013956,0.0,-0.11453029185119465,0.0,0.011855546147920707,0.7635457841288991,3.1168833118585884
27.300000000013966,0.0,0.00017394684525166422,0.0,0.00014077789582779183,0.7651174547193166,3.11712690587895
27.320000000013977,0.0,0.00019170027837487564,0.0,0.00014871403401578228,0.7651173880277933,3.1171269953077934
27.340000000013987,0.0,0.00020945371149808705,0.0,0.00015665017220377274,0.76511732133627,3.117127084736637
27.360000000013997,0.0,0.00022720714462129844,0.0,0.00016458631039176317,0.7651172546447467,3.1171271741654802
27.380000000014007,0.0,0.00024496057774450985,0.0,0.00017252244857975362,0.7651171879532234,3.1171272635943237
27.400000000014018,0.0,-0.00018616028308046783,0.0,-3.7647863514060855e-05,0.7651194074310136,3.117135758585982
27.420000000014028,0.0,-0.00013058527437019937,0.0,-3.305984500500128e-05,0.7651193944695581,3.1171357229965797
27.440000000014038,0.0,-7.501026565993093e-05,0.0,-2.8471826495941702e-05,0.7651193815081027,3.1171356874071776
27.46000000001405,0.0,-1.9435256949662495e-05,0.0,-2.3883807986882128e-05,0.7651193685466472,3.117135651817776
27.48000000001406,0.0,3.613975176060594e-05,0.0,-1.9295789477822554e-05,0.7651193555851917,3.117135616228374
27.50000000001407,0.0,-9.956885677366409e-05,0.0,0.0001729447390326571,0.7651232909523289,3.1171452807570303
27.52000000001408,0.0,-0.00010364472088704218,0.0,0.00017304430318759752,0.765123321272301,3.117145240782565
27.54000000001409,0.0,-0.00010772058500042029,0.0,0.0001731438673425379,0.7651233515922732,3.1171452008080993
27.5600000000141,0.0,-0.00011179644911379838,0.0,0.00017324343149747833,0.7651233819122453,3.117145160833634
27.58000000001411,0.0,-0.00011587231322717649,0.0,0.00017334299565241874,0.7651234122322174,3.1171451208591683
27.60000000001412,0.5,0.05461002765493819,0.0,0.0061764894500258094,0.764735129316023,3.117092323891383
27.62000000001413,0.5,0.055162923678049085,0.0,0.005969959620879881,0.7647237267441066,3.117090981924951
27.64000000001414,0.5,0.05571581970115997,0.0,0.005763429791733952,0.7647123241721901,3.1170896399585186
27.66000000001415,0.5,0.05626871572427086,0.0,0.005556899962588024,0.7647009216002737,3.1170882979920864
27.68000000001416,0.5,0.056821611747381755,0.0,0.005350370133442094,0.7646895190283572,3.1170869560256547
27.70000000001417,0.5,0.44580000036208967,0.0,-0.0007009513889172952,0.7396183106534983,3.1132198167530007
27.72000000001418,0.5,0.44732678650774105,0.0,-0.001006015462418552,0.7395284032118378,3.1132060420257344
27.74000000001419,0.5,0.4488535726533924,0.0,-0.001311079535919809,0.7394384957701773,3.113192267298468
27.7600000000142,0.5,0.45038035879904376,0.0,-0.0016161436094210657,0.7393485883285168,3.1131784925712016
27.780000000014212,0.5,0.45190714494469514,0.0,-0.0019212076829223227,0.7392586808868563,3.1131647178439352
27.800000000014222,0.5,0.5002201708930325,0.0,-0.00017882683577416766,0.6904686234271963,3.105706531567101
27.820000000014232,0.5,0.5002198788282937,0.0,-0.00017898977785302508,0.6903697125446684,3.1056915184374834
27.840000000014243,0.5,0.5002195867635547,0.0,-0.00017915271993188247,0.6902708016621405,3.105676505307866
27.860000000014253,0.5,0.5002192946988159,0.0,-0.0001793156620107399,0.6901718907796127,3.1056614921782484
27.880000000014263,0.5,0.500219002634077,0.0,-0.0001794786040895973,0.6900729798970848,3.1056464790486307
27.900000000014273,0.5,0.5005071195966971,0.0,-0.0005630779171255713,0.641539052850462,3.098263392559996
27.920000000014284,0.5,0.5003894882168121,0.0,-0.0005868715123612557,0.6414402184363772,3.0982482757250467
27.940000000014294,0.5,0.500271856836927,0.0,-0.0006106651075969401,0.6413413840222925,3.0982331588900975
27.960000000014304,0.5,0.5001542254570419,0.0,-0.0006344587028326244,0.6412425496082077,3.0982180420551484
27.980000000014314,0.5,0.500036594077157,0.0,-0.0006582522980683088,0.6411437151941229,3.0982029252201992
28.000000000014325,0.5,0.5007136960898075,0.0,0.0005678936214792822,0.592111489182987,3.090729257214629
28.020000000014335,0.5,0.5007130132935096,0.0,0.0005656341291086223,0.5920125496437233,3.0907137798918876
28.040000000014345,0.5,0.5007123304972116,0.0,0.0005633746367379624,0.5919136101044598,3.090698302569146
28.060000000014355,0.5,0.5007116477009137,0.0,0.0005611151443673026,0.5918146705651961,3.0906828252464043
28.080000000014365,0.5,0.5007109649046158,0.0,0.0005588556519966427,0.5917157310259326,3.0906673479236626
28.100000000014376,0.5,0.5000845314749441,0.0,-0.00039735621871739274,0.5426916407636613,3.0831949285195024
28.120000000014386,0.5,0.5000886546621572,0.0,-0.00039760929785396366,0.5425928011265924,3.083179598789842
28.140000000014396,0.5,0.5000927778493703,0.0,-0.00039786237699053457,0.5424939614895234,3.0831642690601817
28.160000000014406,0.5,0.5000969010365834,0.0,-0.00039811545612710553,0.5423951218524546,3.0831489393305214
28.180000000014417,0.5,0.5001010242237967,0.0,-0.00039836853526367645,0.5422962822153857,3.083133609600861
28.200000000014427,0.5,0.49996150548093227,0.0,-0.0002269602519217759,0.4932678361791692,3.0756617574459497
28.220000000014437,0.5,0.49996111766872703,0.0,-0.0002272924467660715,0.4931689837007436,3.0756467051863137
28.240000000014447,0.5,0.4999607298565218,0.0,-0.0002276246416103671,0.49307013122231796,3.0756316529266776
28.260000000014458,0.5,0.4999603420443166,0.0,-0.00022795683645466272,0.49297127874389235,3.075616600667042
28.280000000014468,0.5,0.49995995423211137,0.0,-0.00022828903129895833,0.49287242626546673,3.075601548407406
28.300000000014478,0.5,0.5004385089295369,0.0,-0.00048116675427403184,0.4438453211001197,3.068139850148987
28.32000000001449,0.5,0.5004371552296002,0.0,-0.0005700948068733891,0.44374638501681224,3.0681247204689375
28.3400000000145,0.5,0.5004358015296635,0.0,-0.0006590228594727464,0.4436474489335048,3.0681095907888873
28.36000000001451,0.5,0.5004344478297268,0.0,-0.0007479509120721037,0.44354851285019725,3.0680944611088377
28.38000000001452,0.5,0.50043309412979,0.0,-0.000836878964671461,0.4434495767668898,3.068079331428788
28.40000000001453,0.5,0.5002625605885038,0.0,-0.0003684086166444736,0.3944121468291074,3.0606169103781284
28.42000000001454,0.5,0.5002617103428003,0.0,-0.0003645978884932813,0.39431325378524207,3.0606017276094915
28.44000000001455,0.5,0.5002608600970967,0.0,-0.000360787160342089,0.3942143607413767,3.060586544840854
28.46000000001456,0.5,0.5002600098513931,0.0,-0.00035697643219089674,0.3941154676975114,3.060571362072217
28.48000000001457,0.5,0.5002591596056895,0.0,-0.0003531657040397045,0.394016574653646,3.0605561793035796
28.50000000001458,0.5,0.5004592640680848,0.0,-0.0005125257244785166,0.34449092775926016,3.0530391915490327
28.52000000001459,0.5,0.5004593530230009,0.0,-0.000510474946210444,0.3443919563463477,3.0530242559836007
28.5400000000146,0.5,0.500459441977917,0.0,-0.0005084241679423714,0.3442929849334353,3.0530093204181687
28.56000000001461,0.5,0.5004595309328331,0.0,-0.0005063733896742989,0.34419401352052287,3.0529943848527363
28.58000000001462,0.5,0.5004596198877492,0.0,-0.0005043226114062263,0.3440950421076104,3.0529794492873044
28.60000000001463,0.5,0.49987067511854577,0.0,-0.0008710177415225735,0.29555635448401635,3.045596530551954
28.62000000001464,0.5,0.4999848109411006,0.0,-0.0008875545089582483,0.2954573973892965,3.045581528167889
28.640000000014652,0.5,0.5000989467636554,0.0,-0.0009040912763939233,0.2953584402945766,3.045566525783823
28.660000000014662,0.5,0.5002130825862103,0.0,-0.0009206280438295981,0.29525948319985673,3.0455515233997574
28.680000000014672,0.5,0.5003272184087652,0.0,-0.000937164811265273,0.2951605261051368,3.045536521015692
28.700000000014683,0.5,0.4998164935153184,0.0,-0.0010416076501809492,0.24613211924664766,3.0380827364264937
28.720000000014693,0.5,0.49995110291873635,0.0,-0.0010439254925943568,0.2460331531994403,3.0380677272285714
28.740000000014703,0.5,0.5000857123221543,0.0,-0.0010462433350077645,0.24593418715223295,3.0380527180306496
28.760000000014713,0.5,0.5002203217255722,0.0,-0.001048561177421172,0.2458352211050256,3.0380377088327273
28.780000000014724,0.5,0.5003549311289901,0.0,-0.0010508790198345797,0.24573625505781824,3.038022699634805
28.800000000014734,0.5,0.500504763481819,0.0,-0.0006315885828363657,0.19621052410610337,3.0304884963484433
28.820000000014744,0.5,0.5004872853607572,0.0,-0.0006881404268940403,0.19611160022333834,3.0304733045040324
28.840000000014754,0.5,0.5004698072396953,0.0,-0.0007446922709517148,0.1960126763405733,3.030458112659622
28.860000000014765,0.5,0.5004523291186334,0.0,-0.0008012441150093894,0.19591375245780823,3.030442920815211
28.880000000014775,0.5,0.5004348509975715,0.0,-0.0008577959590670639,0.1958148285750432,3.0304277289708
28.900000000014785,0.5,0.5000779523528791,0.0,0.00019320799382527832,0.14728194550488563,3.0230549861520903
28.920000000014795,0.5,0.5000784244891587,0.0,0.0001937512819305793,0.14718305594388273,3.023040017153453
28.940000000014805,0.5,0.5000788966254384,0.0,0.00019429457003588028,0.14708416638287986,3.0230250481548153
28.960000000014816,0.5,0.500079368761718,0.0,0.00019483785814118128,0.14698527682187695,3.023010079156178
28.980000000014826,0.5,0.5000798408979975,0.0,0.00019538114624648227,0.14688638726087405,3.0229951101575403
29.000000000014836,0.5,0.5002533811174737,0.0,-0.00011292316189552967,0.09785398961161379,3.015558700200755
29.020000000014846,0.5,0.5002406102545782,0.0,-0.00012013519862609413,0.0977551002641753,3.015543584365012
29.040000000014857,0.5,0.5002278393916827,0.0,-0.0001273472353566586,0.0976562109167368,3.0155284685292685
29.060000000014867,0.5,0.500215068528787,0.0,-0.00013455927208722306,0.09755732156929832,3.0155133526935254
29.080000000014877,0.5,0.5002022976658915,0.0,-0.00014177130881778754,0.09745843222185982,3.0154982368577823
29.100000000014887,0.5,0.5004359089683222,0.0,-0.0008462190904682022,0.04792718279143303,3.007986517169157
29.120000000014898,0.5,0.5004182988026077,0.0,-0.0008452139525404147,0.04782824408712458,3.007971518197404
29.140000000014908,0.5,0.5004006886368931,0.0,-0.0008442088146126274,0.04772930538281612,3.007956519225651
29.160000000014918,0.5,0.5003830784711786,0.0,-0.00084320367668484,0.04763036667850767,3.007941520253898
29.180000000014928,0.5,0.500365468305464,0.0,-0.0008421985387570526,0.04753142797419921,3.0079265212821453
29.20000000001494,0.5,0.5003757221263075,0.0,-0.0004796642791959251,-0.0010122885200826738,3.0005604766543863
29.22000000001495,0.5,0.5003822416396233,0.0,-0.00047599108058806827,-0.0011112522216988091,3.0005455590516386
29.24000000001496,0.5,0.5003887611529391,0.0,-0.00047231788198021145,-0.0012102159233149442,3.0005306414488913
29.26000000001497,0.5,0.5003952806662549,0.0,-0.00046864468337235463,-0.0013091796249310795,3.0005157238461435
29.28000000001498,0.5,0.5004018001795707,0.0,-0.0004649714847644978,-0.0014081433265472148,3.0005008062433958
29.30000000001499,0.5,0.5001782246531985,0.0,-1.3273897535124181e-05,-0.05044732766338111,2.993072561932608
29.320000000015,0.5,0.5002185022675438,0.0,-2.9703053915231278e-05,-0.050546302459127085,2.993057756017373
29.34000000001501,0.5,0.5002587798818892,0.0,-4.613221029533837e-05,-0.05064527725487306,2.993042950102138
29.36000000001502,0.5,0.5002990574962344,0.0,-6.256136667544547e-05,-0.05074425205061904,2.9930281441869027
29.38000000001503,0.5,0.5003393351105797,0.0,-7.899052305555257e-05,-0.050843226846365025,2.9930133382716675
29.40000000001504,0.5,0.5003549502452965,0.0,-0.0008863789377353953,-0.09988424748116534,2.9855645814078065
29.42000000001505,0.5,0.5003549544507039,0.0,-0.0008827009138945081,-0.09998318123061821,2.9855495375207357
29.44000000001506,0.5,0.5003549586561113,0.0,-0.0008790228900536209,-0.10008211498007108,2.9855344936336654
29.46000000001507,0.5,0.5003549628615187,0.0,-0.0008753448662127337,-0.10018104872952395,2.9855194497465947
29.48000000001508,0.5,0.5003549670669262,0.0,-0.0008716668423718465,-0.10027998247897682,2.9855044058595244
29.500000000015092,0.5,0.5000270242041646,0.0,0.0003735716794780824,-0.14931012621352086,2.978081861301527
29.520000000015102,0.5,0.500046754602352,0.0,0.0003568292769217065,-0.1494090299672349,2.9780669606068493
29.540000000015112,0.5,0.5000664850005394,0.0,0.0003400868743653306,-0.14950793372094895,2.978052059912172
29.560000000015123,0.5,0.5000862153987269,0.0,0.0003233444718089547,-0.14960683747466302,2.978037159217495
29.580000000015133,0.5,0.5001059457969143,0.0,0.00030660206925257877,-0.14970574122837707,2.9780222585228175
29.600000000015143,0.5,0.5005177651833517,0.0,-0.00032124157084562755,-0.1987448653397594,2.9705983989177427
29.620000000015153,0.5,0.5004540559623982,0.0,-0.00032635395871366085,-0.19884378485067697,2.9705834689374977
29.640000000015164,0.5,0.5003903467414448,0.0,-0.0003314663465816942,-0.1989427043615945,2.9705685389572527
29.660000000015174,0.5,0.5003266375204914,0.0,-0.0003365787344497275,-0.19904162387251204,2.970553608977008
29.680000000015184,0.5,0.500262928299538,0.0,-0.0003416911223177608,-0.19914054338342957,2.970538678996763
29.700000000015194,0.5,0.5005457723893633,0.0,-0.0010325983713836105,-0.24817598743502847,2.9631036548000687
29.720000000015204,0.5,0.500543065881531,0.0,-0.0010309606041553755,-0.24827497467442491,2.963088727238812
29.740000000015215,0.5,0.5005403593736987,0.0,-0.0010293228369271405,-0.24837396191382138,2.963073799677555
29.760000000015225,0.5,0.5005376528658663,0.0,-0.0010276850696989057,-0.24847294915321783,2.9630588721162976
29.780000000015235,0.5,0.500534946358034,0.0,-0.0010260473024706707,-0.24857193639261427,2.9630439445550407
29.800000000015245,0.5,0.5004270469969483,0.0,-0.0007233735885782236,-0.2976022363974622,2.955630160845908
29.820000000015256,0.5,0.5004102791775785,0.0,-0.0007206305288153615,-0.29770118020141234,2.95561520279811
29.840000000015266,0.5,0.5003935113582088,0.0,-0.0007178874690524994,-0.2978001240053625,2.955600244750313
29.860000000015276,0.5,0.5003767435388391,0.0,-0.0007151444092896373,-0.29789906780931263,2.955585286702515
29.880000000015286,0.5,0.5003599757194693,0.0,-0.0007124013495267752,-0.2979980116132628,2.9555703286547175
29.900000000015297,0.5,0.4991593950485286,0.0,-9.748229310019879e-05,-0.3475242214974808,2.948081008683813
29.920000000015307,0.5,0.4992208741295675,0.0,-0.00012038536678924773,-0.3476230284462208,2.9480663138512013
29.940000000015317,0.5,0.49928235321060643,0.0,-0.00014328844047829667,-0.3477218353949608,2.9480516190185897
29.960000000015327,0.5,0.49934383229164536,0.0,-0.00016619151416734563,-0.34782064234370086,2.9480369241859785
29.980000000015337,0.5,0.4994053113726843,0.0,-0.00018909458785639456,-0.34791944929244084,2.948022229353367
30.000000000015348,0.5,0.5001312091049093,0.0,-0.00022668671401634922,-0.3964604191683194,2.9406869282228407
30.020000000015358,0.5,0.5001238047965992,0.0,-0.00020412250895216405,-0.3965592985958198,2.9406718757762498
30.040000000015368,0.5,0.5001164004882893,0.0,-0.00018155830388797887,-0.39665817802332015,2.9406568233296593
30.06000000001538,0.5,0.5001089961799793,0.0,-0.0001589940988237937,-0.39675705745082057,2.9406417708830683
30.08000000001539,0.5,0.5001015918716692,0.0,-0.00013642989375960854,-0.39685593687832094,2.940626718436478
30.1000000000154,0.5,0.5000724648545916,0.0,5.155710929639076e-05,-0.44589295829183556,2.933200806453246
30.12000000001541,0.5,0.5000727677609162,0.0,5.299200334489163e-05,-0.4459918540561195,2.933185887039265
30.14000000001542,0.5,0.500073070667241,0.0,5.44268973933925e-05,-0.4460907498204034,2.9331709676252835
30.16000000001543,0.5,0.5000733735735657,0.0,5.586179144189337e-05,-0.4461896455846874,2.9331560482113024
30.18000000001544,0.5,0.5000736764798904,0.0,5.729668549039424e-05,-0.44628854134897133,2.933141128797321
30.20000000001545,0.5,0.5004878071912677,0.0,-0.0007334920342133088,-0.49581996091836633,2.9256450391419913
30.22000000001546,0.5,0.5003166352174722,0.0,-0.0007311515911192844,-0.495918806587692,2.9256303793923806
30.24000000001547,0.5,0.5001454632436766,0.0,-0.0007288111480252599,-0.4960176522570177,2.9256157196427695
30.26000000001548,0.5,0.49997429126988097,0.0,-0.0007264707049312355,-0.4961164979263434,2.9256010598931583
30.28000000001549,0.5,0.49980311929608534,0.0,-0.000724130261837211,-0.4962153435956691,2.925586400143547
30.3000000000155,0.5,0.4994751519658591,0.0,-0.0008489775614182312,-0.5452514127311594,2.9181575695491553
30.32000000001551,0.5,0.49947410596706643,0.0,-0.0008488597143363832,-0.5453502284769409,2.918142928969929
30.34000000001552,0.5,0.49947305996827374,0.0,-0.0008487418672545353,-0.5454490442227224,2.9181282883907027
30.360000000015532,0.5,0.499472013969481,0.0,-0.0008486240201726874,-0.545547859968504,2.9181136478114764
30.380000000015542,0.5,0.4994709679706883,0.0,-0.0008485061730908394,-0.5456466757142855,2.91809900723225
30.400000000015552,0.5,0.49967511619924565,0.0,-0.0008233638820101614,-0.5946857036004284,2.910682979577921
30.420000000015563,0.5,0.4996745175437656,0.0,-0.0008233698303875183,-0.5947845549769438,2.910668304353942
30.440000000015573,0.5,0.49967391888828555,0.0,-0.0008233757787648752,-0.5948834063534593,2.9106536291299627
30.460000000015583,0.5,0.49967332023280553,0.0,-0.000823381727142232,-0.5949822577299747,2.9106389539059836
30.480000000015593,0.5,0.4996727215773255,0.0,-0.0008233876755195889,-0.5950811091064901,2.910624278682004
30.500000000015604,0.5,0.5002783047703807,0.0,-0.00033961156160770297,-0.6436255191950909,2.903288775342771
30.520000000015614,0.5,0.5000908026569374,0.0,-0.0003537159902339248,-0.6437243773980988,2.9032739953985027
30.540000000015624,0.5,0.4999033005434941,0.0,-0.0003678204188601467,-0.6438232356011068,2.9032592154542343
30.560000000015634,0.5,0.49971579843005076,0.0,-0.00038192484748636853,-0.6439220938041146,2.9032444355099662
30.580000000015644,0.5,0.4995282963166074,0.0,-0.0003960292761125904,-0.6440209520071225,2.903229655565698
30.600000000015655,0.5,0.5006335640142602,0.0,-0.0011567053831672957,-0.6930677850597811,2.895810919613021
30.620000000015665,0.5,0.5004197850632958,0.0,-0.0011640564285774922,-0.693166628787349,2.895796527135724
30.640000000015675,0.5,0.5002060061123313,0.0,-0.0011714074739876887,-0.693265472514917,2.8957821346584276
30.660000000015685,0.5,0.4999922271613669,0.0,-0.0011787585193978854,-0.693364316242485,2.895767742181131
30.680000000015696,0.5,0.4997784482104024,0.0,-0.001186109564808082,-0.693463159970053,2.8957533497038344
30.700000000015706,0.5,0.4997687322985719,0.0,-0.0003095141897447424,-0.7425029778097413,2.8883602847347483
30.720000000015716,0.5,0.49977865445858616,0.0,-0.0003105210147275248,-0.7426018414761021,2.888345495281946
30.740000000015726,0.5,0.49978857661860043,0.0,-0.00031152783971030723,-0.7427007051424629,2.8883307058291434
30.760000000015737,0.5,0.4997984987786147,0.0,-0.0003125346646930897,-0.7427995688088237,2.888315916376341
30.780000000015747,0.5,0.49980842093862893,0.0,-0.0003135414896758721,-0.7428984324751845,2.888301126923539
30.800000000015757,0.5,0.5000744744231699,0.0,-0.0011233275700196195,-0.7919287113881731,2.8809124659493786
30.820000000015767,0.5,0.5000743388198698,0.0,-0.0011231159439526745,-0.7920275793294366,2.880897362497211
30.840000000015777,0.5,0.5000742032165698,0.0,-0.0011229043178857293,-0.7921264472707,2.880882259045043
30.860000000015788,0.5,0.5000740676132698,0.0,-0.0011226926918187841,-0.7922253152119634,2.880867155592875
30.880000000015798,0.5,0.5000739320099697,0.0,-0.0011224810657518391,-0.7923241831532268,2.8808520521407073
30.900000000015808,0.5,0.5001045849084677,0.0,-0.0010602451310763009,-0.8418603447040923,2.873396219021442
30.92000000001582,0.5,0.5001132649088622,0.0,-0.0010598630898047022,-0.8419592713769265,2.8733814053417346
30.94000000001583,0.5,0.5001219449092568,0.0,-0.0010594810485331035,-0.8420581980497607,2.8733665916620272
30.96000000001584,0.5,0.5001306249096514,0.0,-0.0010590990072615047,-0.8421571247225949,2.8733517779823203
30.98000000001585,0.5,0.500139304910046,0.0,-0.001058716965989906,-0.842256051395429,2.873336964302613
31.00000000001586,0.5,0.4996964239278615,0.0,-0.001036348565137971,-0.8912993073759742,2.8659510320712878
31.02000000001587,0.5,0.49972521097864314,0.0,-0.0010523160310185657,-0.8913982033480969,2.8659364275215293
31.04000000001588,0.5,0.4997539980294248,0.0,-0.0010682834968991604,-0.8914970993202197,2.8659218229717704
31.06000000001589,0.5,0.4997827850802064,0.0,-0.0010842509627797552,-0.8915959952923423,2.865907218422012
31.0800000000159,0.5,0.49981157213098804,0.0,-0.0011002184286603499,-0.8916948912644651,2.8658926138722536
31.10000000001591,0.5,0.49935123841649026,0.0,-0.00021015328057461335,-0.9407366029867722,2.85850150005591
31.12000000001592,0.5,0.4993886927580185,0.0,-0.00020965184668993468,-0.9408353893166796,2.858486573174278
31.14000000001593,0.5,0.4994261470995467,0.0,-0.00020915041280525598,-0.9409341756465871,2.8584716462926454
31.16000000001594,0.5,0.49946360144107493,0.0,-0.0002086489789205773,-0.9410329619764946,2.858456719411013
31.18000000001595,0.5,0.4995010557826031,0.0,-0.00020814754503589863,-0.941131748306402,2.858441792529381
31.20000000001596,0.5,0.49949427963940746,0.0,0.0004233025792316413,-0.989679302347476,2.8511408992297445
31.220000000015972,0.5,0.49949375018862996,0.0,0.0004234151934737635,-0.9897781022422006,2.8511261253060822
31.240000000015982,0.5,0.49949322073785246,0.0,0.0004235278077158857,-0.9898769021369253,2.85111135138242
31.260000000015992,0.5,0.4994926912870749,0.0,0.0004236404219580079,-0.9899757020316498,2.8510965774587578
31.280000000016003,0.5,0.4994921618362974,0.0,0.0004237530362001301,-0.9900745019263744,2.8510818035350955
31.300000000016013,0.5,0.5004515614994203,0.0,-0.0010915751076781522,-1.039121376993119,2.8436975990449445
31.320000000016023,0.5,0.5004339697977024,0.0,-0.0010910830034847334,-1.0392203352956828,2.843682710596197
31.340000000016033,0.5,0.5004163780959845,0.0,-0.0010905908992913144,-1.0393192935982467,2.8436678221474496
31.360000000016043,0.5,0.5003987863942666,0.0,-0.0010900987950978956,-1.0394182519008106,2.843652933698702
31.380000000016054,0.5,0.5003811946925487,0.0,-0.0010896066909044766,-1.0395172102033745,2.8436380452499543
31.400000000016064,0.5,0.5003485039343523,0.0,-0.00019628500063172257,-1.089054204965536,2.8361809029757103
31.420000000016074,0.5,0.5002639387063224,0.0,-0.0001012220766668174,-1.0891530567447454,2.8361658188316388
31.440000000016084,0.5,0.5001793734782923,0.0,-6.1591527019122245e-06,-1.0892519085239545,2.836150734687567
31.460000000016095,0.5,0.5000948082502624,0.0,8.890377126299296e-05,-1.0893507603031636,2.8361356505434956
31.480000000016105,0.5,0.5000102430222324,0.0,0.00018396669522789813,-1.0894496120823727,2.836120566399424
31.500000000016115,0.5,0.5003722885996493,0.0,-0.0006595365148420586,-1.1384956731513989,2.828729608475136
31.520000000016125,0.5,0.5003691386526825,0.0,-0.0006581319862959637,-1.138594641750365,2.828714793289123
31.540000000016136,0.5,0.5003659887057157,0.0,-0.0006567274577498688,-1.1386936103493313,2.8286999781031095
31.560000000016146,0.5,0.5003628387587488,0.0,-0.000655322929203774,-1.1387925789482973,2.828685162917096
31.580000000016156,0.5,0.5003596888117819,0.0,-0.0006539184006576791,-1.1388915475472634,2.828670347731083
31.600000000016166,0.5,0.4998212316891635,0.0,1.9062098257972425e-05,-1.1879301959166824,2.8213243925988274
31.620000000016177,0.5,0.49981943465343237,0.0,1.8757311438360463e-05,-1.188029047713221,2.8213095328041864
31.640000000016187,0.5,0.4998176376177012,0.0,1.8452524618748504e-05,-1.1881278995097595,2.8212946730095454
31.660000000016197,0.5,0.4998158405819701,0.0,1.814773779913654e-05,-1.1882267513062983,2.8212798132149044
31.680000000016207,0.5,0.499814043546239,0.0,1.7842950979524582e-05,-1.1883256031028369,2.8212649534202634
31.700000000016217,0.5,0.49960389799887317,0.0,-1.0522294398592723e-05,-1.236867935615732,2.8139738545879336
31.720000000016228,0.5,0.4996072217555708,0.0,-1.1016125748557562e-05,-1.2369667430103428,2.813958957399171
31.740000000016238,0.5,0.49961054551226847,0.0,-1.15099570985224e-05,-1.2370655504049535,2.8139440602104084
31.760000000016248,0.5,0.4996138692689661,0.0,-1.200378844848724e-05,-1.2371643577995644,2.813929163021646
31.78000000001626,0.5,0.49961719302566376,0.0,-1.2497619798452076e-05,-1.2372631651941752,2.8139142658328833
31.80000000001627,0.5,0.49964774233890924,0.0,-0.0003681138268690969,-1.286306754221046,2.8065385373908383
31.82000000001628,0.5,0.49966188572694087,0.0,-0.00036985546885788333,-1.286405621843122,2.806523908816079
31.84000000001629,0.5,0.4996760291149725,0.0,-0.0003715971108466698,-1.286504489465198,2.80650928024132
31.8600000000163,0.5,0.49969017250300407,0.0,-0.0003733387528354562,-1.286603357087274,2.806494651666561
31.88000000001631,0.5,0.4997043158910357,0.0,-0.00037508039482424266,-1.28670222470935,2.806480023091802
31.90000000001632,0.5,0.49965150863556185,0.0,-0.0004994459666648861,-1.3357480954578898,2.799119385317368
31.92000000001633,0.5,0.49964914645025693,0.0,-0.0005297842521975229,-1.3358469182311368,2.7991045635728797
31.94000000001634,0.5,0.499646784264952,0.0,-0.0005601225377301596,-1.3359457410043836,2.799089741828391
31.96000000001635,0.5,0.4996444220796471,0.0,-0.0005904608232627964,-1.3360445637776306,2.799074920083903
31.98000000001636,0.5,0.4996420598943422,0.0,-0.0006207991087954331,-1.3361433865508776,2.7990600983394147
32.00000000001637,0.5,0.4995198938382358,0.0,-0.00032849743807425685,-1.385185737555302,2.791707043019818
32.02000000001638,0.5,0.49952798789278235,0.0,-0.0003300989311984203,-1.3852845137815342,2.791692019470468
32.04000000001639,0.5,0.49953608194732896,0.0,-0.0003317004243225838,-1.385383290007766,2.7916769959211183
32.0600000000164,0.5,0.4995441760018755,0.0,-0.00033330191744674725,-1.385482066233998,2.7916619723717684
32.08000000001641,0.5,0.49955227005642205,0.0,-0.00033490341057091077,-1.38558084246023,2.7916469488224185
32.10000000001642,0.5,0.5001379804696796,0.0,-0.0008570541264402131,-1.4346264072376302,2.7842813300916482
32.12000000001643,0.5,0.5000801501670812,0.0,-0.0008604150628289832,-1.4347252988487271,2.7842666859078977
32.14000000001644,0.5,0.5000223198644828,0.0,-0.0008637759992177532,-1.434824190459824,2.7842520417241468
32.16000000001645,0.5,0.4999644895618843,0.0,-0.0008671369356065234,-1.4349230820709207,2.7842373975403962
32.18000000001646,0.5,0.4999066592592858,0.0,-0.0008704978719952934,-1.4350219736820176,2.7842227533566457
32.20000000001647,0.5,0.4996568402637601,0.0,-0.00034863009703790576,-1.4840633745466913,2.776860580227805
32.22000000001648,0.5,0.49966203829595734,0.0,-0.00034989542346275095,-1.4841621992675214,2.776845714427086
32.240000000016494,0.5,0.4996672363281545,0.0,-0.0003511607498875961,-1.4842610239883514,2.776830848626367
32.260000000016504,0.5,0.49967243436035175,0.0,-0.0003524260763124412,-1.4843598487091814,2.776815982825648
32.280000000016514,0.5,0.4996776323925489,0.0,-0.00035369140273728634,-1.4844586734300114,2.7768011170249287
32.300000000016524,0.5,0.4997673196382487,0.0,-7.594489813792077e-05,-1.5334985528329326,2.7694409003073726
32.320000000016535,0.5,0.4997718516041062,0.0,-7.677308721421857e-05,-1.5335973906363398,2.7694259773649064
32.340000000016545,0.5,0.4997763835699637,0.0,-7.760127629051639e-05,-1.533696228439747,2.76941105442244
32.360000000016555,0.5,0.49978091553582116,0.0,-7.84294653668142e-05,-1.5337950662431545,2.769396131479974
32.380000000016565,0.5,0.49978544750167864,0.0,-7.925765444311201e-05,-1.5338939040465618,2.769381208537508
32.400000000016576,0.5,0.49943536482826634,0.0,-0.0008469488293017877,-1.5829417100952026,2.762005843020665
32.420000000016586,0.5,0.4994409893774726,0.0,-0.0008484650092293605,-1.5830404959783455,2.761991013998446
32.440000000016596,0.5,0.4994466139266789,0.0,-0.0008499811891569335,-1.5831392818614884,2.7619761849762265
32.460000000016606,0.5,0.49945223847588516,0.0,-0.0008514973690845064,-1.5832380677446316,2.761961355954007
32.48000000001662,0.5,0.4994578630250914,0.0,-0.0008530135490120793,-1.5833368536277745,2.761946526931788
32.50000000001663,0.5,0.4996018573368719,0.0,-1.3529558470815486e-05,-1.632875602089238,2.754522435918631
32.52000000001664,0.5,0.4996101294067749,0.0,-1.5087819442700557e-05,-1.6329744025384585,2.7545074618175387
32.54000000001665,0.5,0.4996184014766779,0.0,-1.6646080414585628e-05,-1.633073202987679,2.7544924877164463
32.56000000001666,0.5,0.4996266735465809,0.0,-1.8204341386470698e-05,-1.6331720034368995,2.754477513615354
32.58000000001667,0.5,0.4996349456164839,0.0,-1.9762602358355772e-05,-1.6332708038861201,2.7544625395142615
32.60000000001668,0.5,0.4991300034465034,0.0,-0.000520782929741728,-1.6818175463775502,2.747179888045106
32.62000000001669,0.5,0.49926006534929024,0.0,-0.0004916185372473034,-1.6819164016676096,2.747165094533642
32.6400000000167,0.5,0.4993901272520771,0.0,-0.0004624541447528788,-1.6820152569576687,2.747150301022178
32.66000000001671,0.5,0.49952018915486396,0.0,-0.00043328975225845416,-1.6821141122477279,2.747135507510714
32.68000000001672,0.5,0.49965025105765076,0.0,-0.0004041253597640295,-1.682212967537787,2.74712071399925
32.70000000001673,0.5,0.49952408573417595,0.0,-0.00019370387219699037,-1.7312520664014017,2.7397816257360765
32.72000000001674,0.5,0.4995324876130807,0.0,-0.00019543298139417886,-1.7313508547799483,2.7397666750820293
32.74000000001675,0.5,0.4995408894919855,0.0,-0.00019716209059136738,-1.7314496431584947,2.7397517244279825
32.76000000001676,0.5,0.4995492913708903,0.0,-0.00019889119978855587,-1.731548431537041,2.7397367737739358
32.78000000001677,0.5,0.4995576932497951,0.0,-0.0002006203089857444,-1.7316472199155875,2.7397218231198885
32.80000000001678,0.5,0.4994365021286369,0.0,-0.0008539598155108656,-1.7806923260049228,2.7323651234615745
32.82000000001679,0.5,0.4994419813326695,0.0,-0.0008550426467323935,-1.7807911054541863,2.732350250991422
32.8400000000168,0.5,0.499447460536702,0.0,-0.0008561254779539213,-1.78088988490345,2.7323353785212694
32.86000000001681,0.5,0.4994529397407346,0.0,-0.0008572083091754493,-1.7809886643527135,2.732320506051117
32.88000000001682,0.5,0.49945841894476717,0.0,-0.0008582911403969772,-1.7810874438019773,2.732305633580965
32.90000000001683,0.5,0.49962220406673596,0.0,-0.0005243042307436813,-1.8306243292019833,2.724881432674086
32.92000000001684,0.5,0.4996636858249482,0.0,-0.0004790925108282792,-1.8307231953077059,2.7248666456489308
32.94000000001685,0.5,0.4997051675831604,0.0,-0.00043388079091287717,-1.8308220614134287,2.7248518586237758
32.96000000001686,0.5,0.49974664934137264,0.0,-0.0003886690709974751,-1.8309209275191516,2.7248370715986203
32.98000000001687,0.5,0.4997881310995849,0.0,-0.00034345735108207306,-1.8310197936248744,2.7248222845734653
33.00000000001688,0.5,0.4987476790488388,0.0,-0.0005432899897889406,-1.8795710786228998,2.7175405736086358
33.02000000001689,0.5,0.4987710503652055,0.0,-0.0005349010915863329,-1.8796697367394715,2.7175257003393307
33.0400000000169,0.5,0.4987944216815722,0.0,-0.0005265121933837251,-1.8797683948560429,2.7175108270700257
33.06000000001691,0.5,0.4988177929979389,0.0,-0.0005181232951811174,-1.8798670529726142,2.717495953800721
33.08000000001692,0.5,0.49884116431430553,0.0,-0.0005097343969785097,-1.8799657110891859,2.717481080531416
33.100000000016934,0.0,0.23336400772489888,0.0,0.004001507023995567,-1.9200045209487175,2.7115125683881622
33.120000000016944,0.0,0.2333386506086702,0.0,0.003985152620110245,-1.9200507022198534,2.7115059803946857
33.140000000016954,0.0,0.23331329349244154,0.0,0.0039687982162249225,-1.9200968834909893,2.711499392401209
33.160000000016964,0.0,0.23328793637621287,0.0,0.003952443812339599,-1.9201430647621254,2.711492804407732
33.180000000016975,0.0,0.2332625792599842,0.0,0.003936089408454277,-1.9201892460332612,2.7114862164142557
33.200000000016985,0.0,-2.033193099122051e-05,0.0,-2.238303105740898e-05,-1.9265179040681124,2.7105846842162697
33.220000000016995,0.0,1.9893453650479196e-05,0.0,-2.1195700001185034e-05,-1.9265179205703995,2.7105845513519924
33.240000000017005,0.0,6.0118838292178894e-05,0.0,-2.0008368944961085e-05,-1.9265179370726868,2.710584418487715
33.260000000017016,0.0,0.00010034422293387859,0.0,-1.8821037888737136e-05,-1.926517953574974,2.7105842856234377
33.280000000017026,0.0,0.0001405696075755783,0.0,-1.7633706832513186e-05,-1.9265179700772612,2.7105841527591608
33.300000000017036,0.0,-3.613476525883135e-05,0.0,8.694383755951199e-05,-1.9265167228569873,2.710577669896612
33.320000000017046,0.0,-5.535346352741685e-05,0.0,7.551571624527744e-05,-1.9265167033193933,2.7105777176241417
33.340000000017056,0.0,-7.457216179600235e-05,0.0,6.408759493104288e-05,-1.9265166837817995,2.7105777653516707
33.36000000001707,0.0,-9.379086006458786e-05,0.0,5.265947361680833e-05,-1.9265166642442055,2.7105778130792
33.38000000001708,0.0,-0.00011300955833317336,0.0,4.123135230257378e-05,-1.9265166447066118,2.7105778608067292
33.40000000001709,0.0,0.033730871970645046,-1.0,-0.15652641235822373,-1.927295774160308,2.710540195649055
33.4200000000171,0.0,0.03364095125954953,-1.0,-0.15652337236274597,-1.9273035754463943,2.710547510664435
33.44000000001711,0.0,0.033551030548454014,-1.0,-0.1565203323672682,-1.9273113767324808,2.7105548256798144
33.46000000001712,0.0,0.0334611098373585,-1.0,-0.15651729237179043,-1.927319178018567,2.7105621406951945
33.48000000001713,0.0,0.033371189126262975,-1.0,-0.15651425237631264,-1.9273269793046535,2.710569455710574
33.50000000001714,0.0,0.010689584477034903,-1.0,-0.49213661822920535,-1.922312739457842,2.707855921520966
33.52000000001715,0.0,0.010768206975079799,-1.0,-0.49213542303266394,-1.9223118807845065,2.707829334623406
33.54000000001716,0.0,0.010846829473124694,-1.0,-0.49213422783612254,-1.922311022111171,2.707802747725846
33.56000000001717,0.0,0.010925451971169592,-1.0,-0.49213303263958114,-1.9223101634378355,2.707776160828286
33.58000000001718,0.0,0.011004074469214488,-1.0,-0.49213183744303973,-1.9223093047645,2.7077495739307262
33.60000000001719,0.0,0.051262872825430135,-1.0,-0.6627860325007685,-1.9194898672283622,2.7067200794871518
33.6200000000172,0.0,0.05133083687666764,-1.0,-0.6627849549094799,-1.9194981306895487,2.7066845158706774
33.64000000001721,0.0,0.05139880092790514,-1.0,-0.6627838773181912,-1.9195063941507349,2.7066489522542025
33.66000000001722,0.0,0.05146676497914265,-1.0,-0.6627827997269026,-1.9195146576119213,2.706613388637728
33.68000000001723,0.0,0.05153472903038015,-1.0,-0.6627817221356139,-1.9195229210731075,2.7065778250212533
33.70000000001724,0.0,0.034285552785501924,-1.0,-0.7304385335134189,-1.9206893537497984,2.7089024233062946
33.72000000001725,0.0,0.03980536433632883,-1.0,-0.7316438051668549,-1.920702090319381,2.7088629447895123
33.74000000001726,0.0,0.04532517588715573,-1.0,-0.7328490768202908,-1.9207148268889636,2.7088234662727295
33.76000000001727,0.0,0.050844987437982644,-1.0,-0.7340543484737267,-1.920727563458546,2.708783987755947
33.78000000001728,0.0,0.05636479898880954,-1.0,-0.7352596201271626,-1.9207403000281285,2.708744509239165
33.80000000001729,0.0,-0.11428903454945283,-1.0,-0.7302083631973205,-1.9207967535256163,2.7143424225890675
33.8200000000173,0.0,-0.1143183056578021,-1.0,-0.7302157536012763,-1.920777235920249,2.7143018929316036
33.84000000001731,0.0,-0.11434757676615137,-1.0,-0.7302231440052321,-1.920757718314882,2.71426136327414
33.86000000001732,0.0,-0.11437684787450063,-1.0,-0.7302305344091881,-1.9207382007095148,2.714220833616676
33.88000000001733,0.0,-0.1144061189828499,-1.0,-0.7302379248131439,-1.9207186831041476,2.7141803039592127
33.90000000001734,0.0,0.011342627490604293,0.0,-0.6699409309729635,-1.9244165806689084,2.716417261594076
