world,seed,step,state_x,state_y,state_yaw,candidate_count,heuristic_branch,oracle_branch,agrees,utility_regret,heuristic_collision,oracle_collision,avoidable_collision,branch_id,promise,utility,progress_m,minimum_clearance_m,collision,stall_fraction,path_length_m,mean_speed_mps,mean_abs_omega_rps,is_heuristic,is_oracle
0,0,0,-2.25,1.0,1.5707963267948966,3,0,0,1,0.0,0,0,0,0,9.0,7.150001525878906,1.2875003814697266,1.8949999809265137,0,0.0,1.2850003242492676,0.45982142857142855,0.0,1,1
0,0,0,-2.25,1.0,1.5707963267948966,3,0,0,1,0.0,0,0,0,1,9.513236186146589,6.992805480957031,1.2482013702392578,1.6120399236679077,0,0.0,1.2636055946350098,0.45218076037786004,0.2523747889156115,0,0
0,0,0,-2.25,1.0,1.5707963267948966,3,0,0,1,0.0,0,0,0,2,9.513236186146589,6.992805480957031,1.2482013702392578,1.6120399236679077,0,0.0,1.2636055946350098,0.45218076037786004,0.25237478891561166,0,0
0,0,10,-2.2493691444396973,1.0683510303497314,1.5572539567947388,3,0,0,1,0.0,0,0,0,0,8.95,7.467267990112305,1.3668169975280762,1.8945108652114868,0,0.0,1.3534741401672363,0.4881587320359878,0.007073459404834525,1,1
0,0,10,-2.2493691444396973,1.0683510303497314,1.5572539567947388,3,0,0,1,0.0,0,0,0,1,9.463793281809847,7.285696029663086,1.3214240074157715,1.5892372131347656,0,0.0,1.3329665660858154,0.48083440650032705,0.2759820275548221,0,0
0,0,10,-2.2493691444396973,1.0683510303497314,1.5572539567947388,3,0,0,1,0.0,0,0,0,2,9.463793281809847,7.275457382202148,1.318864345550537,1.5645002126693726,0,0.0,1.3325837850570679,0.48069775594556,0.27808929979988783,0,0
0,0,20,-2.247762680053711,1.2233102321624756,1.5650391578674316,3,0,0,1,0.0,0,0,0,0,8.799999999999999,7.587762832641602,1.3969407081604004,1.894482970237732,0,0.0,1.3747185468673706,0.4989092929293397,0.005269078761768749,1,1
0,0,20,-2.247762680053711,1.2233102321624756,1.5650391578674316,3,0,0,1,0.0,0,0,0,1,9.31551287810118,7.387655258178711,1.3469138145446777,1.5646470785140991,0,0.0,1.3535209894180298,0.4913382612790332,0.2801105553387825,0,0
0,0,20,-2.247762680053711,1.2233102321624756,1.5650391578674316,3,0,0,1,0.0,0,0,0,2,9.31551287810118,7.381641387939453,1.3454103469848633,1.5646183490753174,0,0.0,1.3530724048614502,0.49117807682171033,0.28305902444730807,0,0
0,0,30,-2.2470500469207764,1.4506596326828003,1.5666232109069824,3,0,0,1,0.0,0,0,0,0,8.549999999999999,7.599941253662109,1.3999853134155273,1.8944354057312012,0,0.0,1.3749892711639404,0.499996709974128,0.005235958467032617,1,1
0,0,30,-2.2470500469207764,1.4506596326828003,1.5666232109069824,3,0,0,1,0.0,0,0,0,1,9.0685506996768,7.404453277587891,1.3511133193969727,1.5647401809692383,0,0.0,1.3533709049224854,0.4922749036605466,0.27738276968061254,0,0
0,0,30,-2.2470500469207764,1.4506596326828003,1.5666232109069824,3,0,0,1,0.0,0,0,0,2,9.0685506996768,7.399585723876953,1.3498964309692383,1.564458966255188,0,0.0,1.352891445159912,0.4921037149869568,0.2804074968653456,0,0
0,0,40,-2.246227264404297,1.686084270477295,1.5701748132705688,3,0,0,1,0.0,0,0,0,0,8.299999999999999,7.599966049194336,1.399991512298584,1.894463300704956,0,0.0,1.3749946355819702,0.49999737400721955,0.004982434707413459,1,1
0,0,40,-2.246227264404297,1.686084270477295,1.5701748132705688,3,0,0,1,0.0,0,0,0,1,8.82182489730488,7.4066009521484375,1.3516502380371094,1.5883593559265137,0,0.0,1.35304856300354,0.49215967578607894,0.27476721631453266,0,0
0,0,40,-2.246227264404297,1.686084270477295,1.5701748132705688,3,0,0,1,0.0,0,0,0,2,8.82182489730488,7.404384613037109,1.3510961532592773,1.5646584033966064,0,0.0,1.3525645732879639,0.4919864273430684,0.2781279957746573,0,0
0,0,50,-2.2476887702941895,1.9204412698745728,1.5816634893417358,3,0,0,1,0.0,0,0,0,0,8.099999999999998,7.599849700927734,1.3999624252319336,1.8424173593521118,0,0.0,1.3749923706054688,0.49999812717504355,0.004425144772353072,1,1
0,0,50,-2.2476887702941895,1.9204412698745728,1.5816634893417358,3,0,0,1,0.0,0,0,0,1,8.624633442061722,7.384784698486328,1.346196174621582,1.5644280910491943,0,0.0,1.3520324230194092,0.49179730533045063,0.28288648628505453,0,0
0,0,50,-2.2476887702941895,1.9204412698745728,1.5816634893417358,3,0,0,1,0.0,0,0,0,2,8.624633442061722,7.392740249633789,1.3481850624084473,1.564941167831421,0,0.0,1.352027416229248,0.49179538715263676,0.28308186437375177,0,0
0,0,60,-2.2507882118225098,2.1551640033721924,1.582728385925293,3,0,0,1,0.0,0,0,0,0,7.849999999999999,7.599834442138672,1.399958610534668,1.6494357585906982,0,0.0,1.3749865293502808,0.4999941586276453,0.0066773663240487545,1,1
0,0,60,-2.2507882118225098,2.1551640033721924,1.582728385925293,3,0,0,1,0.0,0,0,0,1,8.378408067339434,7.393766403198242,1.3484416007995605,1.564521074295044,0,0.0,1.3528152704238892,0.49207578520995027,0.2827189184155068,0,0
0,0,60,-2.2507882118225098,2.1551640033721924,1.582728385925293,3,0,0,1,0.0,0,0,0,2,8.378408067339434,7.404003143310547,1.3510007858276367,1.5648086071014404,0,0.0,1.353214979171753,0.49221821478576216,0.28029388636305985,0,0
0,0,70,-2.2525317668914795,2.391216993331909,1.5754755735397339,3,0,0,1,0.0,0,0,0,0,7.599999999999999,7.599943161010742,1.3999857902526855,1.4451878070831299,0,0.0,1.374990463256836,0.49999681577911137,0.005152489321386776,1,1
0,0,70,-2.2525317668914795,2.391216993331909,1.5754755735397339,3,0,0,1,0.0,0,0,0,1,8.132511449126646,7.398639678955078,1.3496599197387695,1.468013882637024,0,0.0,1.3522566556930542,0.4918769838695526,0.27877045571122616,0,0
0,0,70,-2.2525317668914795,2.391216993331909,1.5754755735397339,3,0,0,1,0.0,0,0,0,2,8.132511449126646,7.403833389282227,1.3509583473205566,1.5883911848068237,0,0.0,1.3527010679244995,0.4920355278855138,0.2761077575286966,0,0
0,0,80,-2.2537784576416016,2.6261343955993652,1.575737476348877,3,0,0,1,0.0,0,0,0,0,7.349999999999999,7.599922180175781,1.3999805450439453,1.2742911577224731,0,0.0,1.374985933303833,0.4999949066382432,0.00662012740736751,1,1
0,0,80,-2.2537784576416016,2.6261343955993652,1.575737476348877,3,0,0,1,0.0,0,0,0,1,7.886988069905341,7.407308578491211,1.3518271446228027,1.2424722909927368,0,0.0,1.3529632091522217,0.4921293076512657,0.27756586676902983,0,0
0,0,80,-2.2537784576416016,2.6261343955993652,1.575737476348877,3,0,0,1,0.0,0,0,0,2,7.886988069905341,7.413112640380859,1.3532781600952148,1.4996204376220703,0,0.0,1.353538155555725,0.49233448603596036,0.27393352096570367,0,0
0,0,90,-2.25461745262146,2.8628933429718018,1.5749727487564087,3,0,0,1,0.0,0,0,0,0,7.1371066629886615,7.599918365478516,1.399979591369629,1.1210036277770996,0,0.0,1.3749849796295166,0.49999335157999825,0.007648036416587738,1,1
0,0,90,-2.25461745262146,2.8628933429718018,1.5749727487564087,3,0,0,1,0.0,0,0,0,1,7.678240449430755,7.3915557861328125,1.3478889465332031,1.0478726625442505,0,0.0,1.3514708280563354,0.49159563667185846,0.28397766056457285,0,0
0,0,90,-2.25461745262146,2.8628933429718018,1.5749727487564087,3,0,0,1,0.0,0,0,0,2,7.678240449430755,7.397695541381836,1.349423885345459,1.3774555921554565,0,0.0,1.3521738052368164,0.491846635663505,0.2797823381499823,0,0
0,0,100,-2.2545323371887207,3.0966711044311523,1.565800428390503,3,0,0,1,0.0,0,0,0,0,6.903328901529311,7.560769557952881,1.3999853134155273,0.9804141521453857,0,0.0,1.3749983310699463,0.4999982624476207,0.004630259009297997,1,1
0,0,100,-2.2545323371887207,3.0966711044311523,1.565800428390503,3,0,0,1,0.0,0,0,0,1,7.449416669100316,7.400545120239258,1.3501362800598145,1.2649158239364624,0,0.0,1.3536549806594849,0.4923766327848168,0.2763995130605043,0,0
0,0,100,-2.2545323371887207,3.0966711044311523,1.565800428390503,3,0,0,1,0.0,0,0,0,2,7.673574509990706,7.155574798583984,1.288893699645996,1.287063717842102,0,0.0,1.3518779277801514,0.4917417297255503,0.3002137139239939,0,0
0,0,110,-2.252551555633545,3.3315727710723877,1.560703992843628,3,0,1,0,0.014986038208007812,0,0,0,0,6.668427205085753,7.382318496704102,1.3999648094177246,0.8912296295166016,0,0.0,1.3749921321868896,0.49999854443623243,0.004011627532480011,1,0
0,0,110,-2.252551555633545,3.3315727710723877,1.560703992843628,3,0,1,0,0.014986038208007812,0,0,0,1,7.219975187888734,7.397304534912109,1.3493261337280273,1.1157089471817017,0,0.0,1.353463053703308,0.49230806038716324,0.2780911392384911,0,1
0,0,110,-2.252551555633545,3.3315727710723877,1.560703992843628,3,0,1,0,0.014986038208007812,0,0,0,2,7.447591756983556,7.148883819580078,1.2872209548950195,1.2229912281036377,0,0.0,1.3518120050430298,0.4917181918713158,0.30013620596319107,0,0
0,0,120,-2.247971534729004,3.5667917728424072,1.539040207862854,3,0,0,1,0.0,0,0,0,0,6.433208203315734,7.294357776641846,1.399648666381836,0.8478814959526062,0,0.0,1.3748679161071777,0.4999474485032918,0.019098565476307245,1,1
0,0,120,-2.247971534729004,3.5667917728424072,1.539040207862854,3,0,0,1,0.0,0,0,0,1,6.990781456641738,7.221529006958008,1.3462371826171875,0.9182900190353394,0,0.0,1.3527088165283203,0.49203302067158844,0.2941970362995499,0,0
0,0,120,-2.247971534729004,3.5667917728424072,1.539040207862854,3,0,0,1,0.0,0,0,0,2,7.222163320071585,7.138147354125977,1.2845368385314941,1.0597083568572998,0,0.0,1.353719711303711,0.49239356700366993,0.29867842411816586,0,0
0,0,130,-2.236734628677368,3.802140474319458,1.5156067609786987,3,0,2,0,0.09011697769165039,0,0,0,0,6.240597161027917,6.848772048950195,1.3988347053527832,0.6267166137695312,0,0.0,1.374451756477356,0.4997695841509239,0.04123426803561438,1,0
0,0,130,-2.236734628677368,3.802140474319458,1.5156067609786987,3,0,2,0,0.09011697769165039,0,0,0,1,6.828876400431351,6.851536750793457,1.3298754692077637,0.7660173177719116,0,0.0,1.3507856130599976,0.4913170995155814,0.3299352194157691,0,0
0,0,130,-2.236734628677368,3.802140474319458,1.5156067609786987,3,0,2,0,0.09011697769165039,0,0,0,2,7.070655322415709,6.938889026641846,1.266141414642334,0.9371616244316101,0,0.0,1.3553117513656616,0.49296249016643395,0.283593394467484,0,1
0,0,140,-2.2231340408325195,4.037112236022949,1.509556531906128,3,0,2,0,0.17296552658081055,0,0,0,0,6.007465249518161,6.378640651702881,1.3981270790100098,0.3930661976337433,0,0.0,1.374867558479309,0.49995271828016186,0.023596888824267376,1,0
0,0,140,-2.2231340408325195,4.037112236022949,1.509556531906128,3,0,2,0,0.17296552658081055,0,0,0,1,6.458560849826082,6.377061367034912,1.361752986907959,0.4650246798992157,0,0.0,1.3523013591766357,0.4918929715978555,0.27856468851227184,0,0
0,0,140,-2.2231340408325195,4.037112236022949,1.509556531906128,3,0,2,0,0.17296552658081055,0,0,0,2,6.616934835100068,6.551606178283691,1.3289837837219238,0.6178354620933533,0,0.0,1.3541345596313477,0.4925480285955981,0.29390057424497024,0,1
0,0,150,-2.2054641246795654,4.272067546844482,1.4861263036727905,3,0,1,0,0.19232845306396484,0,0,0,0,5.844781412565385,5.98071813583374,1.3938584327697754,0.2026422619819641,0,0.0,1.3712953329086304,0.49865424664932295,0.03961801373814706,1,0
0,0,150,-2.2054641246795654,4.272067546844482,1.4861263036727905,3,0,1,0,0.19232845306396484,0,0,0,1,6.254957587461218,6.173046588897705,1.3542089462280273,0.3781053423881531,0,0.0,1.3537507057189941,0.49238894507505165,0.28119686894931045,0,1
0,0,150,-2.2054641246795654,4.272067546844482,1.4861263036727905,3,0,1,0,0.19232845306396484,0,0,0,2,6.2946496449121785,5.8657402992248535,1.3423576354980469,0.24815481901168823,0,0.0,1.3513387441635132,0.49152726722047113,0.3239751433744238,0,0
0,0,160,-2.1833813190460205,4.505070209503174,1.464674472808838,3,0,2,0,0.5240631103515625,0,0,0,0,5.719621527939517,5.53886604309082,1.3282923698425293,0.112848199903965,0,0.0,1.306471586227417,0.4754285549469053,0.08316628106373801,1,0
0,0,160,-2.1833813190460205,4.505070209503174,1.464674472808838,3,0,2,0,0.5240631103515625,0,0,0,1,6.104886084788329,5.311163902282715,1.2879180908203125,0.07974574714899063,0,0.0,1.3096222877502441,0.4765533672278909,0.3365813910138045,0,0
0,0,160,-2.1833813190460205,4.505070209503174,1.464674472808838,3,0,2,0,0.5240631103515625,0,0,0,2,6.17154979593794,6.062929153442383,1.3156495094299316,0.4001656472682953,0,0.0,1.3483315706253052,0.4903785123998423,0.36009304677601905,0,1
0,0,170,-2.154726505279541,4.737596035003662,1.4312838315963745,2,0,0,1,0.0,0,0,0,0,5.754095979985088,5.292170524597168,1.2328267097473145,0.18043185770511627,0,0.0,1.221825361251831,0.44522300259100345,0.22777179533957362,1,1
0,0,170,-2.154726505279541,4.737596035003662,1.4312838315963745,2,0,0,1,0.0,0,0,0,1,5.903557328308828,-15.380637168884277,1.1761651039123535,-0.042648859322071075,1,0.0,1.2170021533966064,0.4432529295432769,0.3690860141863377,0,0
0,0,180,-2.1150946617126465,4.966300964355469,1.3710503578186035,2,0,0,1,0.0,0,0,0,0,5.623512397510892,5.013152599334717,1.1396737098693848,0.2272287905216217,0,0.0,1.1496772766113281,0.4194101350142635,0.3144529300941984,1,1
0,0,180,-2.1150946617126465,4.966300964355469,1.3710503578186035,2,0,0,1,0.0,0,0,0,1,5.704616762483197,-16.065319061279297,1.004194736480713,-0.041048914194107056,1,0.0,1.0905838012695312,0.39692428653922135,0.5071130112669772,0,0
0,0,190,-2.058974027633667,5.1887946128845215,1.2794153690338135,2,0,0,1,0.0,0,0,0,0,5.474903801586302,4.884487152099609,1.0735833644866943,0.2950768768787384,0,0.0,1.1201729774475098,0.4086692029955749,0.4022345385919053,1,1
0,0,190,-2.058974027633667,5.1887946128845215,1.2794153690338135,2,0,0,1,0.0,0,0,0,1,5.653235114155887,-17.34522819519043,0.7403202056884766,-0.08182632178068161,1,0.0714285746216774,0.9432612061500549,0.34432130766827523,0.8806402789227245,0,0
0,0,200,-1.9834946393966675,5.403267860412598,1.1931160688400269,2,0,0,1,0.0,0,0,0,0,5.25879062737379,4.449707508087158,1.0498371124267578,0.12517960369586945,0,0.0,1.154522180557251,0.4204853980583854,0.46454447152233824,1,1
0,0,200,-1.9834946393966675,5.403267860412598,1.1931160688400269,2,0,0,1,0.0,0,0,0,1,5.606729741113355,-18.26496124267578,0.555077075958252,-0.09977731108665466,1,0.1428571492433548,0.8586481809616089,0.31431729929025704,1.0353185301424228,0,0
0,0,210,-1.8881758451461792,5.613252639770508,1.1050195693969727,3,0,0,1,0.0,1,1,0,0,5.643754976615784,-18.702775955200195,0.44924402236938477,-0.07130392640829086,1,0.1785714328289032,0.7216841578483582,0.2646049008737315,0.8561134030683194,1,1
0,0,210,-1.8881758451461792,5.613252639770508,1.1050195693969727,3,0,0,1,0.0,1,1,0,1,7.905386667206749,-18.738059997558594,0.4423797130584717,-0.07521730661392212,1,0.1785714328289032,0.7225950956344604,0.26493028701046406,0.8761707718242425,0,0
0,0,210,-1.8881758451461792,5.613252639770508,1.1050195693969727,3,0,0,1,0.0,1,1,0,2,8.546169774284396,-19.09031105041504,0.3598146438598633,-0.08621335029602051,1,0.1785714328289032,0.7899938225746155,0.28900143285172397,1.0350205636028567,0,0
0,0,220,-1.7956490516662598,5.77312707901001,0.9943364262580872,3,0,1,0,0.007259368896484375,1,1,0,0,5.668081777033871,-18.920515060424805,0.4096710681915283,-0.06531403958797455,1,0.2142857313156128,0.6027026176452637,0.22010812473264552,0.864533432974263,1,0
0,0,220,-1.7956490516662598,5.77312707901001,0.9943364262580872,3,0,1,0,0.007259368896484375,1,1,0,1,7.720757717741958,-18.91325569152832,0.4032731056213379,-0.04888782650232315,1,0.2142857313156128,0.6044974327087402,0.22074920246667853,0.920079866013291,0,1
0,0,220,-1.7956490516662598,5.77312707901001,0.9943364262580872,3,0,1,0,0.007259368896484375,1,1,0,2,8.365801753073002,-19.181720733642578,0.3385200500488281,-0.05361418426036835,1,0.2142857313156128,0.6557248830795288,0.239044584242652,1.063885528549059,0,0
0,0,230,-1.7335407733917236,5.858493328094482,0.8877151608467102,3,0,1,0,20.05132508277893,1,0,1,0,5.686579378567413,-19.031518936157227,0.4008450508117676,-0.03173590078949928,1,0.2857142984867096,0.554192304611206,0.19953742990783102,0.8887353645465101,1,0
0,0,230,-1.7335407733917236,5.858493328094482,0.8877151608467102,3,0,1,0,20.05132508277893,1,0,1,1,7.730175562174177,1.019806146621704,0.3948822021484375,0.005853017792105675,0,0.2857142984867096,0.5545600652694702,0.19966871176444845,0.950529022171407,0,1
0,0,230,-1.7335407733917236,5.858493328094482,0.8877151608467102,3,0,1,0,20.05132508277893,1,0,1,2,8.27647408264383,-19.680810928344727,0.26467132568359375,-0.030462201684713364,1,0.3392857313156128,0.6112210154533386,0.2199048583425121,1.1151355745537048,0,0
0,0,240,-1.7070266008377075,5.888281345367432,0.7941977381706238,3,0,0,1,0.0,1,1,0,0,5.752035796345618,-18.996479034423828,0.40877270698547363,-0.012213325127959251,1,0.3035714328289032,0.5526623725891113,0.19737938555257115,0.916198036763782,1,1
0,0,240,-1.7070266008377075,5.888281345367432,0.7941977381706238,3,0,0,1,0.0,1,1,0,1,7.697611496113026,-19.012521743774414,0.4017922878265381,-0.006274047307670116,1,0.3035714328289032,0.5527147054672241,0.19739834060984288,0.9831677781787143,0,0
0,0,240,-1.7070266008377075,5.888281345367432,0.7941977381706238,3,0,0,1,0.0,1,1,0,2,8.311147199963255,-19.840694427490234,0.24269652366638184,-0.030740704387426376,1,0.3750000298023224,0.6105446219444275,0.21805177336659698,1.154467417729941,0,0
0,0,250,-1.6938682794570923,5.900911808013916,0.7412699460983276,3,0,0,1,0.0,1,1,0,0,5.735855015030605,-18.95429229736328,0.41657090187072754,-0.006716580130159855,1,0.3035714328289032,0.5560889840126038,0.19860320279640428,0.9340772706555506,1,1
0,0,250,-1.6938682794570923,5.900911808013916,0.7412699460983276,3,0,0,1,0.0,1,1,0,1,7.681734627964493,-18.98143196105957,0.4101450443267822,-0.007434588856995106,1,0.3035714328289032,0.5570559501647949,0.19894857507636377,1.0026671908669658,0,0
0,0,250,-1.6938682794570923,5.900911808013916,0.7412699460983276,3,0,0,1,0.0,1,1,0,2,8.295992555398596,-19.858741760253906,0.25057244300842285,-0.05551581084728241,1,0.3750000298023224,0.611459493637085,0.2183784678917029,1.1723988986461067,0,0
0,0,260,-1.679636836051941,5.913704872131348,0.7310608625411987,3,0,0,1,0.0,1,1,0,0,5.745959476168295,-18.91254997253418,0.4204096794128418,-0.011379940435290337,1,0.2857142984867096,0.5664770603179932,0.20231284070359523,0.9679789651084688,1,1
0,0,260,-1.679636836051941,5.913704872131348,0.7310608625411987,3,0,0,1,0.0,1,1,0,1,7.692654756431857,-18.939104080200195,0.4164273738861084,-0.016693096607923508,1,0.2857142984867096,0.5659699440002441,0.2021318918189882,1.0111752346867973,0,0
0,0,260,-1.679636836051941,5.913704872131348,0.7310608625411987,3,0,0,1,0.0,1,1,0,2,8.289784545692381,-20.184646606445312,0.19214487075805664,-0.08375588059425354,1,0.392857164144516,0.6383072733879089,0.22796713817380018,1.1946101696764226,0,0
0,0,270,-1.6646455526351929,5.927674770355225,0.7717124223709106,3,0,0,1,0.0,1,1,0,0,5.728025381245721,-18.842370986938477,0.4270198345184326,-0.007367314770817757,1,0.267857164144516,0.5794786810874939,0.20695645888968212,0.9547538861525506,1,1
0,0,270,-1.6646455526351929,5.927674770355225,0.7717124223709106,3,0,0,1,0.0,1,1,0,1,7.675036014577781,-18.874439239501953,0.42296671867370605,-0.015295155346393585,1,0.267857164144516,0.5818099975585938,0.20778922392363647,1.0054013294417614,0,0
0,0,270,-1.6646455526351929,5.927674770355225,0.7717124223709106,3,0,0,1,0.0,1,1,0,2,8.273093367596452,-20.103530883789062,0.19099688529968262,-0.05875914543867111,1,0.3750000298023224,0.6701698303222656,0.23934619829803294,1.1817247687763657,0,0
0,0,280,-1.650776982307434,5.942154884338379,0.8405302166938782,3,0,0,1,0.0,1,1,0,0,5.811955777309216,-18.791051864624023,0.4311089515686035,-0.007743426598608494,1,0.25,0.5926789045333862,0.21167119009802,0.9317143589730037,1,1
0,0,280,-1.650776982307434,5.942154884338379,0.8405302166938782,3,0,0,1,0.0,1,1,0,1,7.726014771269545,-18.828968048095703,0.4245915412902832,-0.01366729661822319,1,0.25,0.5918360352516174,0.21137027378428172,0.9858406978985003,0,0
0,0,280,-1.650776982307434,5.942154884338379,0.8405302166938782,3,0,0,1,0.0,1,1,0,2,8.32588078445969,-20.373905181884766,0.14841318130493164,-0.10877936333417892,1,0.3750000298023224,0.6925427317619324,0.24733685008933604,1.164524112919168,0,0
0,0,290,-1.638637900352478,5.957020282745361,0.9265366792678833,3,0,0,1,0.0,1,1,0,0,5.79405737508384,-18.75303840637207,0.43155813217163086,-0.007492746226489544,1,0.2321428656578064,0.6028962135314941,0.21532012289177432,0.9008086256847262,1,1
0,0,290,-1.638637900352478,5.957020282745361,0.9265366792678833,3,0,0,1,0.0,1,1,0,1,7.708384137043675,-18.79414939880371,0.4243626594543457,-0.013657849282026291,1,0.2321428656578064,0.6029089689254761,0.21532474361626028,0.9594811016601091,0,0
0,0,290,-1.638637900352478,5.957020282745361,0.9265366792678833,3,0,0,1,0.0,1,1,0,2,8.308931530103424,-20.37516212463379,0.1391463279724121,-0.10873167216777802,1,0.3571428656578064,0.7220741510391235,0.25788359602600913,1.1354456880562989,0,0
0,0,300,-1.6266449689865112,5.974987506866455,1.0388189554214478,3,0,0,1,0.0,1,1,0,0,5.8025560053094125,-18.736122131347656,0.4290156364440918,-0.02966449409723282,1,0.196428582072258,0.618048906326294,0.22073154416035848,0.88667236911784,1,1
0,0,300,-1.6266449689865112,5.974987506866455,1.0388189554214478,3,0,0,1,0.0,1,1,0,1,7.687820361738591,-18.763988494873047,0.4245114326477051,-0.03458915650844574,1,0.196428582072258,0.6196216344833374,0.2212932705981385,0.926822892234586,0,0
0,0,300,-1.6266449689865112,5.974987506866455,1.0388189554214478,3,0,0,1,0.0,1,1,0,2,8.288980834520654,-20.36419105529785,0.12403440475463867,-0.10873635113239288,1,0.3214285969734192,0.7629530429840088,0.27248347571684484,1.0964615470069867,0,0
0,0,310,-1.6184974908828735,5.992155075073242,1.204232931137085,3,0,2,0,18.04681086540222,1,0,1,0,5.849736295112132,-18.70815086364746,0.42051124572753906,-0.03438374027609825,1,0.1607142984867096,0.6331892609596252,0.22613912777432107,0.8303756606186908,1,0
0,0,310,-1.6184974908828735,5.992155075073242,1.204232931137085,3,0,2,0,18.04681086540222,1,0,1,1,7.674636214122781,-18.72454833984375,0.4100916385650635,-0.021743424236774445,1,0.1607142984867096,0.6409528255462646,0.2289118149218971,0.8992894069176361,0,0
0,0,310,-1.6184974908828735,5.992155075073242,1.204232931137085,3,0,2,0,18.04681086540222,1,0,1,2,8.28068389104176,-0.6613399982452393,-0.024947166442871094,0.05851006880402565,0,0.3392857313156128,0.7671275734901428,0.2739743256890544,1.0898934277304202,0,1
0,0,320,-1.6159406900405884,6.003913879394531,1.5691722631454468,3,0,2,0,17.85007381439209,1,0,1,0,5.837750415509568,-18.541519165039062,0.40087151527404785,-0.036788210272789,1,0.0357142873108387,0.6705765128135681,0.23949151370884159,0.7155537439265123,1,0
0,0,320,-1.6159406900405884,6.003913879394531,1.5691722631454468,3,0,2,0,17.85007381439209,1,0,1,1,7.662617804828429,-18.65235710144043,0.38566136360168457,-0.06178692728281021,1,0.0357142873108387,0.6847550272941589,0.24455515629653285,0.7859886312265186,0,0
0,0,320,-1.6159406900405884,6.003913879394531,1.5691722631454468,3,0,2,0,17.85007381439209,1,0,1,2,8.268659506941113,-0.6914453506469727,-0.11416149139404297,0.09688602387905121,0,0.2142857313156128,0.9308425784111023,0.3324439701342156,0.983114629361614,0,1
0,0,330,-1.6230441331863403,6.0204997062683105,2.2226552963256836,3,0,2,0,18.06378149986267,1,0,1,0,5.824063739193936,-19.0482120513916,0.25635409355163574,-0.03681419789791107,1,0.0,0.6740118861198425,0.24247701453206866,0.5022933586031083,1,0
0,0,330,-1.6230441331863403,6.0204997062683105,2.2226552963256836,3,0,2,0,18.06378149986267,1,0,1,1,7.648476224518934,-19.20635414123535,0.2434694766998291,-0.09011617302894592,1,0.0,0.683438241481781,0.2458433641398209,0.5496421192940549,0,0
0,0,330,-1.6230441331863403,6.0204997062683105,2.2226552963256836,3,0,2,0,18.06378149986267,1,0,1,2,8.253572132555663,-0.9844305515289307,-0.2851123809814453,0.16729521751403809,0,0.0892857164144516,1.1123675107955933,0.39727413060947425,0.7735403139544526,0,1
0,0,340,-1.658940076828003,6.039093017578125,2.8727989196777344,3,0,2,0,18.2254798412323,1,0,1,0,5.858834917915677,-19.990236282348633,0.04920148849487305,-0.09352070093154907,1,0.0,0.6737332344055176,0.24381928298077474,0.273053172479287,1,0
0,0,340,-1.658940076828003,6.039093017578125,2.8727989196777344,3,0,2,0,18.2254798412323,1,0,1,1,7.709004649619167,-20.069583892822266,0.019046783447265625,-0.07288581132888794,1,0.0,0.6966347098350525,0.2519983820681237,0.3628835344955669,0,0
0,0,340,-1.658940076828003,6.039093017578125,2.8727989196777344,3,0,2,0,18.2254798412323,1,0,1,2,8.241706370672413,-1.764756441116333,-0.5009627342224121,0.1195472776889801,0,0.0,1.2690116167068481,0.4560207534570569,0.5454650131543521,0,1
0,0,350,-1.768513560295105,6.033624649047852,3.3862125873565674,3,0,0,1,0.0,0,0,0,0,5.667499426608515,-0.3573372960090637,-0.13416576385498047,0.08966287225484848,0,0.0,0.6875441670417786,0.25111850925613777,0.33050516511944383,1,1
0,0,350,-1.768513560295105,6.033624649047852,3.3862125873565674,3,0,0,1,0.0,0,0,0,1,7.676098412651404,-0.6183205246925354,-0.21367740631103516,0.11819454282522202,0,0.0,0.7447696924209595,0.2715559214873634,0.45376795373707157,0,0
0,0,350,-1.768513560295105,6.033624649047852,3.3862125873565674,3,0,0,1,0.0,0,0,0,2,8.268036569214125,-2.805880069732666,-0.7367749214172363,0.07060985267162323,0,0.0,1.296966791152954,0.4687698960857166,0.3283618858203723,0,0
0,0,360,-1.920184850692749,5.954054832458496,3.776559591293335,3,0,0,1,0.0,0,0,0,0,5.563870082504907,-0.4216296970844269,-0.2212824821472168,0.23175011575222015,0,0.0,0.6397102475166321,0.2346807423615195,0.38813465712588086,1,1
0,0,360,-1.920184850692749,5.954054832458496,3.776559591293335,3,0,0,1,0.0,0,0,0,1,7.788832196254129,-1.0305252075195312,-0.3755812644958496,0.23589995503425598,0,0.0,0.7687506079673767,0.280766140938168,0.4883685665736923,0,0
0,0,360,-1.920184850692749,5.954054832458496,3.776559591293335,3,0,0,1,0.0,0,0,0,2,8.36820456454142,-2.9134552478790283,-0.8524422645568848,0.24815694987773895,0,0.0,1.2461414337158203,0.45273304415552246,0.0786401218432143,0,0
0,0,370,-2.0433740615844727,5.838449954986572,3.980853796005249,2,0,0,1,0.0,0,0,0,0,5.399405178883018,-0.4003496766090393,-0.25533580780029297,0.3104967772960663,0,0.0,0.6828291416168213,0.24848779816749497,0.4277605453098317,1,1
0,0,370,-2.0433740615844727,5.838449954986572,3.980853796005249,2,0,0,1,0.0,0,0,0,1,8.086978251951475,-1.7970564365386963,-0.5366530418395996,0.17477785050868988,0,0.0,0.9017422795295715,0.3266714624540282,0.4974228042357088,0,0
0,0,400,-2.3589208126068115,5.630222797393799,3.306063175201416,2,0,0,1,0.0,1,1,0,0,5.183578131087826,-18.885961532592773,0.377871036529541,-0.09158075600862503,1,0.1071428656578064,0.450748473405838,0.16700453799798762,0.9386497853653852,1,1
0,0,400,-2.3589208126068115,5.630222797393799,3.306063175201416,2,0,0,1,0.0,1,1,0,1,5.206018910061303,-19.860532760620117,0.03991127014160156,-0.010089273564517498,1,0.0,0.6877349019050598,0.25283877674946215,0.35284515126644883,0,0
0,0,410,-2.5823512077331543,5.636253833770752,2.947570323944092,3,0,0,1,0.0,0,0,0,0,4.969127622279117,0.8398404121398926,0.1581277847290039,0.10366463661193848,0,0.0,0.5088425874710083,0.18868731088251675,0.22673994301814826,1,1
0,0,410,-2.5823512077331543,5.636253833770752,2.947570323944092,3,0,0,1,0.0,0,0,0,1,5.326660694197365,-18.968290328979492,0.35192012786865234,-0.08084343373775482,1,0.1071428656578064,0.40984487533569336,0.15333097176717378,0.9372276876094114,0,0
0,0,410,-2.5823512077331543,5.636253833770752,2.947570323944092,3,0,0,1,0.0,0,0,0,2,7.883597500924062,-19.027263641357422,0.3753542900085449,-0.06791242212057114,1,0.196428582072258,0.5344309210777283,0.19782604670259904,1.1244146631703609,0,0
0,0,420,-2.802264928817749,5.718250274658203,2.6782214641571045,3,0,0,1,0.0,0,0,0,0,4.762476559081916,0.9971667528152466,0.19090747833251953,0.11676843464374542,0,0.0,0.3885561525821686,0.1463598966866206,0.200241432838615,1,1
0,0,420,-2.802264928817749,5.718250274658203,2.6782214641571045,3,0,0,1,0.0,0,0,0,1,5.488731519824022,-19.68088150024414,0.23549461364746094,-0.11500217020511627,1,0.196428582072258,0.34318864345550537,0.13015728298763665,1.068066215300997,0,0
0,0,420,-2.802264928817749,5.718250274658203,2.6782214641571045,3,0,0,1,0.0,0,0,0,2,7.601583669047262,-19.69234848022461,0.23262786865234375,-0.11500217020511627,1,0.196428582072258,0.34394848346710205,0.13042874922078226,1.031402985354507,0,0
0,0,430,-3.001493453979492,5.843959808349609,2.501542568206787,2,0,0,1,0.0,0,0,0,0,4.546759839367965,1.000495433807373,0.19603490829467773,0.10817791521549225,0,0.0,0.3018861711025238,0.11525416117632832,0.21391401907572075,1,1
0,0,430,-3.001493453979492,5.843959808349609,2.501542568206787,2,0,0,1,0.0,0,0,0,1,4.782927874764951,1.000495433807373,0.19603490829467773,0.10817791521549225,0,0.0,0.3018861711025238,0.11525416117632832,0.21391401907572075,0,0
0,0,440,-3.1713361740112305,5.996799945831299,2.323599338531494,2,0,0,1,0.0,0,0,0,0,4.35445253798544,1.1550372838974,0.24429583549499512,0.08892696350812912,0,0.0,0.30512991547584534,0.1159766599059604,0.23364517179777208,1,1
0,0,440,-3.1713361740112305,5.996799945831299,2.323599338531494,2,0,0,1,0.0,0,0,0,1,4.631866620510183,1.1550372838974,0.24429583549499512,0.08892696350812912,0,0.0,0.30512991547584534,0.1159766599059604,0.23364517179777208,0,0
0,0,450,-3.3101446628570557,6.177981853485107,2.141737937927246,2,0,1,0,0.012200355529785156,0,0,0,0,4.139850433184092,1.7989600896835327,0.4052145481109619,0.08905095607042313,0,0.0,0.4503670334815979,0.16832482579127866,0.2542890310881552,1,0
0,0,450,-3.3101446628570557,6.177981853485107,2.141737937927246,2,0,1,0,0.012200355529785156,0,0,0,1,4.4641473842110635,1.8111604452133179,0.4082646369934082,0.08905095607042313,0,0.0,0.45002156496047974,0.1682012182659553,0.29272943909789095,0,1
0,0,460,-3.4100873470306396,6.383628845214844,1.9175283908843994,2,0,1,0,19.729264736175537,1,0,1,0,3.9876104742138705,-17.036603927612305,0.7433643341064453,-0.005030841566622257,1,0.0,0.8217543959617615,0.30077307422432414,0.18049340319558244,1,0
0,0,460,-3.4100873470306396,6.383628845214844,1.9175283908843994,2,0,1,0,19.729264736175537,1,0,1,1,4.2708782154454745,2.6926608085632324,0.6021566390991211,0.1420171558856964,0,0.0,0.6129593253135681,0.22620313576479817,0.37689864008212187,0,1
0,0,470,-3.457639455795288,6.60897159576416,1.6624131202697754,3,0,1,0,20.994298458099365,1,0,1,0,3.7982183967582097,-17.244260787963867,0.7108235359191895,-0.04377709701657295,1,0.0,0.747042179107666,0.27414115469229977,0.15172488653779367,1,0
0,0,470,-3.457639455795288,6.60897159576416,1.6624131202697754,3,0,1,0,20.994298458099365,1,0,1,1,4.1032817592133135,3.750037670135498,0.8239359855651855,0.22714689373970032,0,0.0,0.8128620982170105,0.2976479495704467,0.3194428755096067,0,1
0,0,470,-3.457639455795288,6.60897159576416,1.6624131202697754,3,0,1,0,20.994298458099365,1,0,1,2,5.8186839281926055,-20.30852699279785,0.06468582153320312,-0.08720721304416656,1,0.196428582072258,0.36356011033058167,0.13718274690624485,1.1144083545629297,0,0
0,0,480,-3.4456424713134766,6.8405232429504395,1.4052573442459106,3,0,1,0,1.690274715423584,0,0,0,0,3.573923987898266,2.7150745391845703,0.650925874710083,0.055685561150312424,0,0.0,0.6468707919120789,0.23847632928616871,0.27604135360875587,1,0
0,0,480,-3.4456424713134766,6.8405232429504395,1.4052573442459106,3,0,1,0,1.690274715423584,0,0,0,1,3.879843429475388,4.405349254608154,1.0341167449951172,0.1344410479068756,0,0.0,1.023650050163269,0.373040478409461,0.22880965922168883,0,1
0,0,480,-3.4456424713134766,6.8405232429504395,1.4052573442459106,3,0,1,0,1.690274715423584,0,0,0,2,4.227806277426031,3.3688790798187256,0.7312614917755127,0.2219165861606598,0,0.0,0.747431755065918,0.27439083884034804,0.38927925164708493,0,0
0,0,490,-3.3749661445617676,7.058706760406494,1.1410971879959106,3,0,1,0,0.9424364566802979,0,0,0,0,3.3245530684013382,2.9557905197143555,0.6612882614135742,0.15531869232654572,0,0.0,0.6467480659484863,0.2382557926285481,0.4070450756773673,1,0
0,0,490,-3.3749661445617676,7.058706760406494,1.1410971879959106,3,0,1,0,0.9424364566802979,0,0,0,1,3.6336116766298687,3.8982269763946533,0.9107575416564941,0.12759840488433838,0,0.0,0.9029502868652344,0.3297564697967907,0.2516273242156756,0,1
0,0,490,-3.3749661445617676,7.058706760406494,1.1410971879959106,3,0,1,0,0.9424364566802979,0,0,0,2,3.9522745172212947,3.470017194747925,0.7364728450775146,0.2620628774166107,0,0.0,0.785053014755249,0.28764983485445467,0.2909889186131043,0,0
0,0,500,-3.2538700103759766,7.254148483276367,0.9264810681343079,3,0,1,0,0.7372407913208008,0,0,0,0,3.1068328604873514,3.1340909004211426,0.7478399276733398,0.07136556506156921,0,0.0,0.7401524782180786,0.27168869739724005,0.47212842564870766,1,0
0,0,500,-3.2538700103759766,7.254148483276367,0.9264810681343079,3,0,1,0,0.7372407913208008,0,0,0,1,3.761379618287828,3.8713316917419434,0.824782133102417,0.2861015498638153,0,0.0,0.9221614003181458,0.33669164017290104,0.14660394028565474,0,1
0,0,500,-3.2538700103759766,7.254148483276367,0.9264810681343079,3,0,1,0,0.7372407913208008,0,0,0,2,4.141559215797374,2.284125328063965,0.4868192672729492,0.16842412948608398,0,0.0,0.608304500579834,0.2245999687289087,0.3473556181974022,0,0
0,1,0,-2.25,1.0,1.5707963267948966,3,0,0,1,0.0,0,0,0,0,9.0,7.150001525878906,1.2875003814697266,1.8949999809265137,0,0.0,1.2850003242492676,0.45982142857142855,0.0,1,1
0,1,0,-2.25,1.0,1.5707963267948966,3,0,0,1,0.0,0,0,0,1,9.513236186146589,6.992805480957031,1.2482013702392578,1.6120399236679077,0,0.0,1.2636055946350098,0.45218076037786004,0.2523747889156115,0,0
0,1,0,-2.25,1.0,1.5707963267948966,3,0,0,1,0.0,0,0,0,2,9.513236186146589,6.992805480957031,1.2482013702392578,1.6120399236679077,0,0.0,1.2636055946350098,0.45218076037786004,0.25237478891561166,0,0
0,1,10,-2.252131462097168,1.0681453943252563,1.6243609189987183,3,0,0,1,0.0,0,0,0,0,8.95,7.464860916137695,1.3662152290344238,1.8447526693344116,0,0.0,1.3533369302749634,0.4881130916589142,0.03149939818238904,1,1
0,1,10,-2.252131462097168,1.0681453943252563,1.6243609189987183,3,0,0,1,0.0,0,0,0,1,9.463793281809847,7.257776260375977,1.3144440650939941,1.5391287803649902,0,0.0,1.3318159580230713,0.48042699105347225,0.30249938891747474,0,0
0,1,10,-2.252131462097168,1.0681453943252563,1.6243609189987183,3,0,0,1,0.0,0,0,0,2,9.463793281809847,7.2992401123046875,1.3248100280761719,1.6145884990692139,0,0.0,1.3335143327713013,0.48103362446071435,0.2923700433044911,0,0
0,1,20,-2.264166831970215,1.2348971366882324,1.6433980464935303,3,0,0,1,0.0,0,0,0,0,8.75,7.590015411376953,1.3975038528442383,1.8196775913238525,0,0.0,1.3742209672927856,0.49940299615627987,0.050075089164460164,1,1
0,1,20,-2.264166831970215,1.2348971366882324,1.6433980464935303,3,0,0,1,0.0,0,0,0,1,9.26610276253317,7.366752624511719,1.3416881561279297,1.5144670009613037,0,0.0,1.3504278659820557,0.49090512907039063,0.3220910311826036,0,0
0,1,20,-2.264166831970215,1.2348971366882324,1.6433980464935303,3,0,0,1,0.0,0,0,0,2,9.26610276253317,7.429893493652344,1.357473373413086,1.6387205123901367,0,0.0,1.354069709777832,0.4922058167190384,0.3002028936381444,0,0
0,1,30,-2.2759273052215576,1.466516137123108,1.5981998443603516,3,0,0,1,0.0,0,0,0,0,8.550204914590983,7.597019195556641,1.3992547988891602,1.8430507183074951,0,0.0,1.3748695850372314,0.49994776644730893,0.02391111756648077,1,1
0,1,30,-2.2759273052215576,1.466516137123108,1.5981998443603516,3,0,0,1,0.0,0,0,0,1,9.06082040629453,7.398908615112305,1.3497271537780762,1.6149011850357056,0,0.0,1.3508912324905396,0.4913841574486718,0.30152209400781527,0,0
0,1,30,-2.2759273052215576,1.466516137123108,1.5981998443603516,3,0,0,1,0.0,0,0,0,2,9.076648414228565,7.380254745483398,1.3450636863708496,1.4898985624313354,0,0.0,1.3535642623901367,0.4923387981683379,0.2845399358136171,0,0
0,1,40,-2.2779595851898193,1.7012983560562134,1.5730206966400146,3,0,0,1,0.0,0,0,0,0,8.3002136713115,7.598470687866211,1.3996176719665527,1.8437548875808716,0,0.0,1.3748488426208496,0.4999295697660525,0.026471833741981227,1,1
0,1,40,-2.2779595851898193,1.7012983560562134,1.5730206966400146,3,0,0,1,0.0,0,0,0,1,8.813795614018574,7.399980545043945,1.3499951362609863,1.6144267320632935,0,0.0,1.351580262184143,0.4916194157986881,0.3012835715606591,0,0
0,1,40,-2.2779595851898193,1.7012983560562134,1.5730206966400146,3,0,0,1,0.0,0,0,0,2,8.830235022619542,7.400373458862305,1.3500933647155762,1.5384920835494995,0,0.0,1.3543856143951416,0.4926213530071732,0.28326723174409363,0,0
0,1,50,-2.280524253845215,1.9353759288787842,1.593044400215149,3,0,0,1,0.0,0,0,0,0,8.050223209837263,7.597850799560547,1.3994626998901367,1.818530797958374,0,0.0,1.3749254941940308,0.4999690345989491,0.01933826207883788,1,1
0,1,50,-2.280524253845215,1.9353759288787842,1.593044400215149,3,0,0,1,0.0,0,0,0,1,8.567011976328542,7.412498474121094,1.3531246185302734,1.6385598182678223,0,0.0,1.3519446849822998,0.4917615926910015,0.2916768817239426,0,0
0,1,50,-2.280524253845215,1.9353759288787842,1.593044400215149,3,0,0,1,0.0,0,0,0,2,8.58411117861617,7.395717620849609,1.3489294052124023,1.514553189277649,0,0.0,1.353743314743042,0.4924040301457174,0.2797814941816413,0,0
0,1,60,-2.289409637451172,2.170884609222412,1.6148401498794556,3,0,0,1,0.0,0,0,0,0,7.850231476520241,7.596488952636719,1.3991222381591797,1.5884860754013062,0,0.0,1.3749209642410278,0.49997103937501436,0.017742772884659926,1,1
0,1,60,-2.289409637451172,2.170884609222412,1.6148401498794556,3,0,0,1,0.0,0,0,0,1,8.369778914365407,7.406373977661133,1.3515934944152832,1.639742374420166,0,0.0,1.3518662452697754,0.4917371035490325,0.29520870112436615,0,0
0,1,60,-2.289409637451172,2.170884609222412,1.6148401498794556,3,0,0,1,0.0,0,0,0,2,8.387444715047044,7.363777160644531,1.3409442901611328,1.4896478652954102,0,0.0,1.3520333766937256,0.4917967714573757,0.29346355609438646,0,0
0,1,70,-2.299428701400757,2.4055936336517334,1.6088591814041138,3,0,0,1,0.0,0,0,0,0,7.600242712727235,7.597345352172852,1.399336338043213,1.4003384113311768,0,0.0,1.3748899698257446,0.49995504217072995,0.018864309579105617,1,1
0,1,70,-2.299428701400757,2.4055936336517334,1.6088591814041138,3,0,0,1,0.0,0,0,0,1,8.123509301822907,7.416963577270508,1.354240894317627,1.6044349670410156,0,0.0,1.3533393144607544,0.49225834448160083,0.2897746138314455,0,0
0,1,70,-2.299428701400757,2.4055936336517334,1.6088591814041138,3,0,0,1,0.0,0,0,0,2,8.141937469843858,7.374868392944336,1.343717098236084,1.43265962600708,0,0.0,1.3524433374404907,0.4919381441631488,0.2950205189824186,0,0
0,1,80,-2.3058578968048096,2.6402690410614014,1.5879050493240356,3,0,0,1,0.0,0,0,0,0,7.350255095400645,7.599061965942383,1.3997654914855957,1.2237234115600586,0,0.0,1.3749361038208008,0.49997292818505173,0.014805036233871378,1,1
0,1,80,-2.3058578968048096,2.6402690410614014,1.5879050493240356,3,0,0,1,0.0,0,0,0,1,7.87757984230967,7.41478157043457,1.3536953926086426,1.450190544128418,0,0.0,1.3530840873718262,0.4921682268008575,0.28132300194078663,0,0
0,1,80,-2.3058578968048096,2.6402690410614014,1.5879050493240356,3,0,0,1,0.0,0,0,0,2,7.896837824575627,7.38676643371582,1.346691608428955,1.2202867269515991,0,0.0,1.3518877029418945,0.4917412623568157,0.28844525183767733,0,0
0,1,90,-2.306154727935791,2.8744020462036133,1.56136155128479,3,0,0,1,0.0,0,0,0,0,7.125865297598127,7.599939346313477,1.3999848365783691,1.0665318965911865,0,0.0,1.3749914169311523,0.4999973188685605,0.005893353045706409,1,1
0,1,90,-2.306154727935791,2.8744020462036133,1.56136155128479,3,0,0,1,0.0,0,0,0,1,7.657160777174436,7.398159027099609,1.3495397567749023,1.3430218696594238,0,0.0,1.3520864248275757,0.4918167123934727,0.2788772870415063,0,0
0,1,90,-2.306154727935791,2.8744020462036133,1.56136155128479,3,0,0,1,0.0,0,0,0,2,7.677228547288866,7.391122817993164,1.347780704498291,1.021690011024475,0,0.0,1.3515751361846924,0.49163387700511146,0.2821245642030739,0,0
0,1,100,-2.30159068107605,3.1090571880340576,1.5465466976165771,3,0,0,1,0.0,0,0,0,0,6.891224280769,7.492621421813965,1.3999323844909668,0.9464460611343384,0,0.0,1.3749637603759766,0.4999845802810528,0.011243433165998403,1,1
0,1,100,-2.30159068107605,3.1090571880340576,1.5465466976165771,3,0,0,1,0.0,0,0,0,1,7.427050205271273,7.397434234619141,1.3493585586547852,1.2356984615325928,0,0.0,1.3531891107559204,0.4922082974067484,0.2861455428919368,0,0
0,1,100,-2.30159068107605,3.1090571880340576,1.5465466976165771,3,0,0,1,0.0,0,0,0,2,7.648481600791609,7.153873443603516,1.288468360900879,1.3338444232940674,0,0.0,1.3520327806472778,0.4917961981630679,0.3018653670702352,0,0
0,1,110,-2.2965095043182373,3.3453056812286377,1.553972601890564,3,0,1,0,0.07921934127807617,0,0,0,0,6.6549915711940155,7.3197197914123535,1.3999428749084473,0.859974205493927,0,0.0,1.374955654144287,0.4999814981603725,0.01200842752212951,1,0
0,1,110,-2.2965095043182373,3.3453056812286377,1.553972601890564,3,0,1,0,0.07921934127807617,0,0,0,1,7.19582530848815,7.39893913269043,1.3497347831726074,1.0836644172668457,0,0.0,1.3529566526412964,0.49212445345527295,0.2870553575137435,0,1
0,1,110,-2.2965095043182373,3.3453056812286377,1.553972601890564,3,0,1,0,0.07921934127807617,0,0,0,2,7.4206491581611935,7.15595817565918,1.288989543914795,1.2250981330871582,0,0.0,1.3513609170913696,0.4915543548358215,0.3067526552546284,0,0
0,1,120,-2.2916362285614014,3.579843282699585,1.5453530550003052,3,0,0,1,0.0,0,0,0,0,6.440867371577211,7.241844177246094,1.3998198509216309,0.8212825059890747,0,0.0,1.3748643398284912,0.4999420791087796,0.02155227396484741,1,1
0,1,120,-2.2916362285614014,3.579843282699585,1.5453530550003052,3,0,0,1,0.0,0,0,0,1,6.998792982636624,7.136643886566162,1.3410100936889648,0.8863018155097961,0,0.0,1.3505134582519531,0.4912451930315126,0.3052470747351896,0,0
0,1,120,-2.2916362285614014,3.579843282699585,1.5453530550003052,3,0,0,1,0.0,0,0,0,2,7.230393363765009,7.121583938598633,1.2803959846496582,1.045090913772583,0,0.0,1.351483702659607,0.49159220703452794,0.30797767828417916,0,0
0,1,130,-2.2841084003448486,3.815432071685791,1.5374093055725098,3,0,2,0,0.07285642623901367,0,0,0,0,6.2480208630938385,6.788936138153076,1.3995633125305176,0.5953413844108582,0,0.0,1.3746753931045532,0.4998599167483248,0.03354824250632469,1,0
0,1,130,-2.2841084003448486,3.815432071685791,1.5374093055725098,3,0,2,0,0.07285642623901367,0,0,0,1,6.835001732301276,6.759774208068848,1.3232851028442383,0.7333168387413025,0,0.0,1.350893497467041,0.49136643459301693,0.32934376090916234,0,0
0,1,130,-2.2841084003448486,3.815432071685791,1.5374093055725098,3,0,2,0,0.07285642623901367,0,0,0,2,7.076082781092413,6.86179256439209,1.2558479309082031,0.9192003607749939,0,0.0,1.350710153579712,0.4911426606463262,0.29804465596722657,0,1
0,1,140,-2.2777342796325684,4.050191402435303,1.5492074489593506,3,0,2,0,0.1038980484008789,0,0,0,0,6.035775096998156,6.33920955657959,1.3995261192321777,0.3705524802207947,0,0.0,1.3746545314788818,0.4998499170623149,0.03633229642798657,1,0
0,1,140,-2.2777342796325684,4.050191402435303,1.5492074489593506,3,0,2,0,0.1038980484008789,0,0,0,1,6.438082366301858,6.311646938323975,1.3681058883666992,0.41961169242858887,0,0.0,1.3548569679260254,0.49277933977581984,0.25294299471306675,0,0
0,1,140,-2.2777342796325684,4.050191402435303,1.5492074489593506,3,0,2,0,0.1038980484008789,0,0,0,2,6.643706203772913,6.443107604980469,1.31797456741333,0.5856047868728638,0,0.0,1.3502352237701416,0.4911284297262183,0.3340825372396283,0,1
0,1,150,-2.274956464767456,4.2860918045043945,1.5653109550476074,3,0,1,0,0.13746309280395508,0,0,0,0,5.8515230441709996,5.879242420196533,1.3927412033081055,0.1541387140750885,0,0.0,1.367893934249878,0.49744759700913666,0.029526002986991172,1,0
0,1,150,-2.274956464767456,4.2860918045043945,1.5653109550476074,3,0,1,0,0.13746309280395508,0,0,0,1,6.26213708586736,6.016705513000488,1.3587112426757812,0.29093027114868164,0,0.0,1.353600025177002,0.4923429112533955,0.27167472094691936,0,1
0,1,150,-2.274956464767456,4.2860918045043945,1.5653109550476074,3,0,1,0,0.13746309280395508,0,0,0,2,6.294407872725015,5.730857849121094,1.3351120948791504,0.19520482420921326,0,0.0,1.3488668203353882,0.49065223944843517,0.31778540649266646,0,0
0,1,160,-2.2679293155670166,4.520634174346924,1.5092568397521973,3,0,2,0,0.633570671081543,0,0,0,0,5.696964072288562,5.309226989746094,1.308112621307373,0.03838826343417168,0,0.0,1.2842615842819214,0.4675928255447423,0.059756294513324905,1,0
0,1,160,-2.2679293155670166,4.520634174346924,1.5092568397521973,3,0,2,0,0.633570671081543,0,0,0,1,6.069272377752876,5.124199390411377,1.26615571975708,0.02978825382888317,0,0.0,1.295343041419983,0.47154968999193486,0.3285506558749961,0,0
0,1,160,-2.2679293155670166,4.520634174346924,1.5092568397521973,3,0,2,0,0.633570671081543,0,0,0,2,6.140835517961401,5.942797660827637,1.330495834350586,0.3104071617126465,0,0.0,1.3534437417984009,0.4922997915712871,0.3073244468726831,0,1
0,1,170,-2.244250774383545,4.752882957458496,1.4369745254516602,2,0,0,1,0.0,0,0,0,0,5.7787776845536625,5.020522117614746,1.186009407043457,0.13824233412742615,0,0.0,1.1779018640518188,0.429509658450244,0.2930913427506491,1,1
0,1,170,-2.244250774383545,4.752882957458496,1.4369745254516602,2,0,0,1,0.0,0,0,0,1,5.847587380519185,-15.416786193847656,1.1555986404418945,-0.019590087234973907,1,0.0,1.1879936456680298,0.4331148814998702,0.3574550051660418,0,0
0,1,180,-2.2027409076690674,4.9783430099487305,1.344072937965393,2,0,0,1,0.0,0,0,0,0,5.650575269733112,4.649563312530518,1.073796033859253,0.1771896630525589,0,0.0,1.0858111381530762,0.3965036844522351,0.36331623083288395,1,1
0,1,180,-2.2027409076690674,4.9783430099487305,1.344072937965393,2,0,0,1,0.0,0,0,0,1,5.654527155285631,-16.1275634765625,0.9875750541687012,-0.03893188759684563,1,0.0,1.0543434619903564,0.38393795659052277,0.4910787614086289,0,0
0,1,190,-2.13885760307312,5.2002363204956055,1.2485402822494507,2,0,0,1,0.0,0,0,0,0,5.461667902430193,4.3513994216918945,0.9735264778137207,0.22864671051502228,0,0.0,1.015325903892517,0.37100294315367677,0.4350431690987674,1,1
0,1,190,-2.13885760307312,5.2002363204956055,1.2485402822494507,2,0,0,1,0.0,0,0,0,1,5.54822555165895,-17.223718643188477,0.7672295570373535,-0.11060423403978348,1,0.0357142873108387,0.9347034096717834,0.3410333058955574,0.8755942707506932,0,0
0,1,200,-2.0562825202941895,5.413403511047363,1.1618993282318115,2,0,0,1,0.0,0,0,0,0,5.270335839036076,4.312869548797607,1.0029804706573486,0.15047384798526764,0,0.0,1.129935622215271,0.4117959441305522,0.4462553555896652,1,1
0,1,200,-2.0562825202941895,5.413403511047363,1.1618993282318115,2,0,0,1,0.0,0,0,0,1,5.57932967960528,-18.400930404663086,0.5425891876220703,-0.12492914497852325,1,0.1607142984867096,0.8353588581085205,0.3054770428938805,1.029343749002217,0,0
0,1,210,-1.9549169540405273,5.617101192474365,1.0695632696151733,2,0,0,1,0.0,1,1,0,0,5.593005411033211,-18.738269805908203,0.4228832721710205,-0.054187219589948654,1,0.1607142984867096,0.6852217316627502,0.25219544748496314,0.8740049798069658,1,1
0,1,210,-1.9549169540405273,5.617101192474365,1.0695632696151733,2,0,0,1,0.0,1,1,0,1,8.056194814912853,-18.765140533447266,0.41490745544433594,-0.05167069286108017,1,0.1607142984867096,0.6864579916000366,0.2526369124232039,0.8996368131847561,0,0
0,1,220,-1.852325677871704,5.785838603973389,0.9856563806533813,3,0,1,0,0.04972076416015625,1,1,0,0,5.610324251120433,-18.99429702758789,0.38151073455810547,-0.06374216079711914,1,0.196428582072258,0.5641635656356812,0.20668703626851098,0.8713096068743204,1,0
0,1,220,-1.852325677871704,5.785838603973389,0.9856563806533813,3,0,1,0,0.04972076416015625,1,1,0,1,7.79396617773752,-18.944576263427734,0.3734886646270752,-0.02283705770969391,1,0.196428582072258,0.5650045275688171,0.20698728446382428,0.9283028344975609,0,1
0,1,220,-1.852325677871704,5.785838603973389,0.9856563806533813,3,0,1,0,0.04972076416015625,1,1,0,2,8.373772561805445,-19.681333541870117,0.2563340663909912,-0.10333488881587982,1,0.25,0.6348361968994141,0.23192727086867423,1.0772054729965819,0,0
0,1,230,-1.77573561668396,5.895626068115234,0.9475442171096802,3,0,0,1,0.0,1,1,0,0,5.666982651606631,-19.006380081176758,0.3703432083129883,-0.0117344306781888,1,0.2321428656578064,0.5248569846153259,0.19010050254723948,0.8893990727747177,1,1
0,1,230,-1.77573561668396,5.895626068115234,0.9475442171096802,3,0,0,1,0.0,1,1,0,1,7.710803234745033,-19.109739303588867,0.3596935272216797,-0.04211407154798508,1,0.2321428656578064,0.5316118597984314,0.19251256830358018,0.9655790461080525,0,0
0,1,230,-1.77573561668396,5.895626068115234,0.9475442171096802,3,0,0,1,0.0,1,1,0,2,8.319144934988152,-19.848766326904297,0.21604537963867188,-0.05290260165929794,1,0.3035714328289032,0.6040124297142029,0.21837005468365644,1.0974333794030395,0,0
0,1,240,-1.7376086711883545,5.948071002960205,0.9466922879219055,3,0,1,0,20.05425524711609,1,0,1,0,5.707267017904828,-19.117605209350586,0.3702096939086914,-0.049222078174352646,1,0.25,0.5259125232696533,0.18836961518703138,0.8955165207212167,1,0
0,1,240,-1.7376086711883545,5.948071002960205,0.9466922879219055,3,0,1,0,20.05425524711609,1,0,1,1,7.717852302069515,0.9366500377655029,0.35901761054992676,0.0002897782251238823,0,0.25,0.5268746614456177,0.18871342727481652,0.9697918586360685,0,1
0,1,240,-1.7376086711883545,5.948071002960205,0.9466922879219055,3,0,1,0,20.05425524711609,1,0,1,2,8.268147864745535,-20.313884735107422,0.1514110565185547,-0.10262194275856018,1,0.3571428656578064,0.6247695088386536,0.22367582201524158,1.1170879912742568,0,0
0,1,250,-1.725638508796692,5.96519660949707,0.9727456569671631,3,0,1,0,20.037198781967163,1,0,1,0,5.7165232936007,-19.06333351135254,0.3647935390472412,-0.029111571609973907,1,0.2321428656578064,0.527726948261261,0.18847344191095536,0.9173076848421589,1,0
0,1,250,-1.725638508796692,5.96519660949707,0.9727456569671631,3,0,1,0,20.037198781967163,1,0,1,1,7.725089813351406,0.973865270614624,0.35907912254333496,0.000917281024158001,0,0.2321428656578064,0.5297189950942993,0.1891849816889812,0.9612806402398039,0,1
0,1,250,-1.725638508796692,5.96519660949707,0.9727456569671631,3,0,1,0,20.037198781967163,1,0,1,2,8.31847552360906,-20.499256134033203,0.11578559875488281,-0.10619974136352539,1,0.3750000298023224,0.639679491519928,0.22845679813614786,1.116300240017192,0,0
0,1,260,-1.7155076265335083,5.980864524841309,1.0152655839920044,3,0,1,0,0.007923126220703125,1,1,0,0,5.698462689375795,-19.03339958190918,0.3656909465789795,-0.015939263626933098,1,0.2321428656578064,0.5319902896881104,0.18999653222407956,0.9035929376840198,1,0
0,1,260,-1.7155076265335083,5.980864524841309,1.0152655839920044,3,0,1,0,0.007923126220703125,1,1,0,1,7.707159792226761,-19.025476455688477,0.3599717617034912,-0.0005392907187342644,1,0.2321428656578064,0.5349388718605042,0.1910494945766568,0.9493233077123274,0,1
0,1,260,-1.7155076265335083,5.980864524841309,1.0152655839920044,3,0,1,0,0.007923126220703125,1,1,0,2,8.301040034922936,-20.481046676635742,0.11125516891479492,-0.10589145123958588,1,0.3571428656578064,0.6471975445747375,0.2311421606528587,1.1013547311057188,0,0
0,1,270,-1.7060081958770752,5.997239589691162,1.0753109455108643,3,0,2,0,18.225299179553986,1,0,1,0,5.782020586653584,-19.022130966186523,0.3668367862701416,-0.048310838639736176,1,0.196428582072258,0.5424572229385376,0.1937350323544871,0.8843077476744376,1,0
0,1,270,-1.7060081958770752,5.997239589691162,1.0753109455108643,3,0,2,0,18.225299179553986,1,0,1,1,7.693284077704858,-18.972990036010742,0.3600740432739258,-0.010215003043413162,1,0.196428582072258,0.5443934202194214,0.1944265444431213,0.9339020221812754,0,0
0,1,270,-1.7060081958770752,5.997239589691162,1.0753109455108643,3,0,2,0,18.225299179553986,1,0,1,2,8.291567027577603,-0.7968317866325378,-0.010692119598388672,0.01582552120089531,0,0.392857164144516,0.6923856735229492,0.2472805956667266,1.1246871885051364,0,1
0,1,280,-1.6972602605819702,6.01556921005249,1.1787692308425903,3,0,2,0,18.18025892972946,1,0,1,0,5.788612469321316,-18.98253059387207,0.3591489791870117,-0.030991511419415474,1,0.1785714328289032,0.5554203987121582,0.1983644626547174,0.8755034316969058,1,0
0,1,280,-1.6972602605819702,6.01556921005249,1.1787692308425903,3,0,2,0,18.18025892972946,1,0,1,1,7.673250043834793,-18.998371124267578,0.3491687774658203,-0.0189509354531765,1,0.1785714328289032,0.5615593791007996,0.20055694348637815,0.9262374478530557,0,0
0,1,280,-1.6972602605819702,6.01556921005249,1.1787692308425903,3,0,2,0,18.18025892972946,1,0,1,2,8.271917769506052,-0.8022716641426086,-0.030368328094482422,0.016743682324886322,0,0.3571428656578064,0.7323408126831055,0.2615502627852243,1.0956361506123635,0,1
0,1,290,-1.691380500793457,6.033847332000732,1.3519775867462158,3,0,2,0,18.012222051620483,1,0,1,0,5.769412284702028,-18.824674606323242,0.3520536422729492,-0.009302323684096336,1,0.1071428656578064,0.574994683265686,0.20535536163337967,0.8177447320373294,1,0
0,1,290,-1.691380500793457,6.033847332000732,1.3519775867462158,3,0,2,0,18.012222051620483,1,0,1,1,7.654058897541757,-18.95656394958496,0.3403596878051758,-0.051858991384506226,1,0.1071428656578064,0.5843660235404968,0.20870226225011113,0.8722159786789779,0,0
0,1,290,-1.691380500793457,6.033847332000732,1.3519775867462158,3,0,2,0,18.012222051620483,1,0,1,2,8.252860768793605,-0.8124525547027588,-0.07336997985839844,0.026227984577417374,0,0.2857142984867096,0.826438307762146,0.2951563360467645,1.046471621112778,0,1
0,1,300,-1.6919413805007935,6.042329788208008,1.85879647731781,3,0,2,0,18.00531232357025,1,0,1,0,5.802952578278948,-18.97334098815918,0.2980616092681885,-0.08279384672641754,1,0.0,0.6025726795196533,0.21650921879343216,0.6560539956984569,1,0
0,1,300,-1.6919413805007935,6.042329788208008,1.85879647731781,3,0,2,0,18.00531232357025,1,0,1,1,7.71483864274636,-18.9343318939209,0.2854585647583008,-0.03808349743485451,1,0.0,0.6110648512840271,0.21954221355219541,0.6985902014472547,0,0
0,1,300,-1.6919413805007935,6.042329788208008,1.85879647731781,3,0,2,0,18.00531232357025,1,0,1,2,8.244634380022536,-0.9680286645889282,-0.2011411190032959,0.07898219674825668,0,0.1607142984867096,0.9982252717018127,0.35650884412273093,0.8907112441582229,0,1
0,1,310,-1.7031046152114868,6.056821346282959,2.543207883834839,3,0,2,0,18.184797048568726,1,0,1,0,5.792723480455729,-19.54509162902832,0.12547540664672852,-0.02349669858813286,1,0.0,0.5868533253669739,0.21101906461404865,0.37425073472869513,1,0
0,1,310,-1.7031046152114868,6.056821346282959,2.543207883834839,3,0,2,0,18.184797048568726,1,0,1,1,7.703983692146393,-19.751049041748047,0.1052849292755127,-0.08609465509653091,1,0.0,0.6024643182754517,0.21659456861403653,0.4375271593328481,0,0
0,1,310,-1.7031046152114868,6.056821346282959,2.543207883834839,3,0,2,0,18.184797048568726,1,0,1,2,8.232514716650016,-1.3602945804595947,-0.3912796974182129,0.13812634348869324,0,0.0357142873108387,1.1654884815216064,0.4162459871586483,0.6661175140871082,0,1
0,1,320,-1.764491319656372,6.065461158752441,3.1688528060913086,3,0,0,1,0.0,0,0,0,0,5.7041935984588825,-0.28861743211746216,-0.0800018310546875,0.01569495163857937,0,0.0,0.6574201583862305,0.23973519352259703,0.2926646138358828,1,1
0,1,320,-1.764491319656372,6.065461158752441,3.1688528060913086,3,0,0,1,0.0,0,0,0,1,7.713035971251097,-0.5169148445129395,-0.15303468704223633,0.04761194437742233,0,0.0,0.7164592742919922,0.2608207576976772,0.3627848478404006,0,0
0,1,320,-1.764491319656372,6.065461158752441,3.1688528060913086,3,0,0,1,0.0,0,0,0,2,8.236039957804712,-2.424605131149292,-0.6201310157775879,0.027959421277046204,0,0.0,1.2351654767990112,0.44607268082547985,0.4241108645044103,0,0
0,1,330,-1.9154821634292603,6.0152058601379395,3.64957857131958,3,0,0,1,0.0,0,0,0,0,5.600491017361584,-0.5055614709854126,-0.2154700756072998,0.1781594157218933,0,0.0,0.6227606534957886,0.22852741995122905,0.3982515728001164,1,1
0,1,330,-1.9154821634292603,6.0152058601379395,3.64957857131958,3,0,0,1,0.0,0,0,0,1,7.733193107876655,-1.1028621196746826,-0.3762376308441162,0.20104418694972992,0,0.0,0.7678651213645935,0.28035054198516685,0.44980660101289033,0,0
0,1,330,-1.9154821634292603,6.0152058601379395,3.64957857131958,3,0,0,1,0.0,0,0,0,2,8.313747006624395,-2.9172511100769043,-0.8266646862030029,0.1947038322687149,0,0.0,1.2079397439956665,0.43750865510253567,0.22352071057184886,0,0
0,1,340,-2.0616018772125244,5.894618034362793,3.949031352996826,2,0,0,1,0.0,0,0,0,0,5.414351276161641,-0.40141916275024414,-0.2307443618774414,0.26077914237976074,0,0.0,0.5906579494476318,0.21681227976588588,0.4053686922795419,1,1
0,1,340,-2.0616018772125244,5.894618034362793,3.949031352996826,2,0,0,1,0.0,0,0,0,1,8.033609667882619,-1.8718290328979492,-0.5358171463012695,0.13571979105472565,0,0.0,0.8694447875022888,0.31637888524608165,0.43903638049822125,0,0
0,1,350,-2.170111894607544,5.766727924346924,4.023458957672119,2,0,0,1,0.0,0,0,0,0,5.346855991277169,-0.7447689771652222,-0.2581496238708496,0.14391474425792694,0,0.0,0.7291420698165894,0.2646062553588489,0.5140459458623016,1,1
0,1,350,-2.170111894607544,5.766727924346924,4.023458957672119,2,0,0,1,0.0,0,0,0,1,8.328734071709258,-2.036949872970581,-0.5997834205627441,0.18109190464019775,0,0.0,0.9065587520599365,0.32796950512095074,0.40655526849992923,0,0
0,1,370,-2.3098459243774414,5.657495498657227,3.497022867202759,2,0,0,1,0.0,1,1,0,0,5.143016808659816,-18.94118881225586,0.37058496475219727,-0.06890658289194107,1,0.1428571492433548,0.4240233600139618,0.155101549647267,0.9793129710172256,1,1
0,1,370,-2.3098459243774414,5.657495498657227,3.497022867202759,2,0,0,1,0.0,1,1,0,1,5.227211293878284,-20.2402286529541,-0.03438568115234375,-0.05134298652410507,1,0.0,0.7049320340156555,0.25721187229886566,0.3991556893652075,0,0
0,1,380,-2.453979015350342,5.638082981109619,3.150202989578247,2,0,0,1,0.0,0,0,0,0,5.10578911020683,0.4486401081085205,0.09421873092651367,0.03588259592652321,0,0.0,0.5919356942176819,0.21759930975886174,0.2815004054589806,1,1
0,1,380,-2.453979015350342,5.638082981109619,3.150202989578247,2,0,0,1,0.0,0,0,0,1,5.213258320065982,-18.915435791015625,0.36033153533935547,-0.07123852521181107,1,0.1071428656578064,0.41324368119239807,0.15340932520973055,0.9116215126827681,0,0
0,1,390,-2.661203384399414,5.671952247619629,2.8627450466156006,3,0,0,1,0.0,0,0,0,0,4.9167262649307215,0.8837428092956543,0.16378211975097656,0.11430718004703522,0,0.0,0.45753809809684753,0.17090056693465286,0.2189750319368111,1,1
0,1,390,-2.661203384399414,5.671952247619629,2.8627450466156006,3,0,0,1,0.0,0,0,0,1,5.364509740868131,-19.275192260742188,0.29677772521972656,-0.1061517670750618,1,0.125,0.37414199113845825,0.14111596089427864,1.029002602873652,0,0
0,1,390,-2.661203384399414,5.671952247619629,2.8627450466156006,3,0,0,1,0.0,0,0,0,2,7.831793194151924,-19.38385009765625,0.2950119972229004,-0.08552026003599167,1,0.196428582072258,0.4300869405269623,0.16109602903915926,1.0921759926368826,0,0
0,1,410,-3.0667808055877686,5.894050121307373,2.454983949661255,2,0,0,1,0.0,0,0,0,0,4.482977950490117,1.051762580871582,0.20836901664733887,0.10914327204227448,0,0.0,0.2978467345237732,0.11366992688099321,0.22051139727542068,1,1
0,1,410,-3.0667808055877686,5.894050121307373,2.454983949661255,2,0,0,1,0.0,0,0,0,1,4.732295570789118,1.051762580871582,0.20836901664733887,0.10914327204227448,0,0.0,0.2978467345237732,0.11366992688099321,0.22051139727542068,0,0
0,1,420,-3.222846269607544,6.055667400360107,2.2466180324554443,2,0,0,1,0.0,0,0,0,0,4.283817706324477,1.3549842834472656,0.30001139640808105,0.0774693489074707,0,0.0,0.3536226451396942,0.13384238868833212,0.23623286072592142,1,1
0,1,420,-3.222846269607544,6.055667400360107,2.2466180324554443,2,0,0,1,0.0,0,0,0,1,4.576043060026246,1.3549842834472656,0.30001139640808105,0.0774693489074707,0,0.0,0.3536226451396942,0.13384238868833212,0.23623286072592142,0,0
0,1,430,-3.347088098526001,6.253191947937012,2.0349082946777344,2,0,0,1,0.0,0,0,0,0,4.086095374104381,2.2775235176086426,0.5195984840393066,0.09956475347280502,0,0.0,0.5749317407608032,0.21261788003533702,0.19774972643452374,1,1
0,1,430,-3.347088098526001,6.253191947937012,2.0349082946777344,2,0,0,1,0.0,0,0,0,1,4.40886330801516,2.120612621307373,0.48037075996398926,0.09956475347280502,0,0.0,0.5107075572013855,0.1896801803969193,0.34991976277646836,0,0
0,1,440,-3.4247922897338867,6.47141695022583,1.815718650817871,3,0,1,0,19.921152591705322,1,0,1,0,3.9118245884845084,-17.120227813720703,0.7640516757965088,-0.08821738511323929,1,0.0,0.825253427028656,0.3021754650198571,0.151225087901557,1,0
0,1,440,-3.4247922897338867,6.47141695022583,1.815718650817871,3,0,1,0,19.921152591705322,1,0,1,1,4.2176153792666105,2.800924777984619,0.610823392868042,0.17881560325622559,0,0.0,0.605748176574707,0.2237806278845375,0.3566895045304663,0,1
0,1,440,-3.4247922897338867,6.47141695022583,1.815718650817871,3,0,1,0,19.921152591705322,1,0,1,2,5.746396682063657,-20.156049728393555,0.09783816337585449,-0.05941496416926384,1,0.2142857313156128,0.316322922706604,0.12041423578678652,1.125700273094801,0,0
0,1,450,-3.45409893989563,6.697649002075195,1.6030604839324951,3,0,1,0,21.550521850585938,1,0,1,0,3.7120049205399885,-17.31979751586914,0.6796629428863525,-0.019224276766180992,1,0.0,0.702395498752594,0.2583729432307951,0.16331463075411046,1,0
0,1,450,-3.45409893989563,6.697649002075195,1.6030604839324951,3,0,1,0,21.550521850585938,1,0,1,1,4.017430995931836,4.230724334716797,0.9439680576324463,0.22742614150047302,0,0.0,0.9319624900817871,0.3403613623520844,0.3013044664370002,0,1
0,1,450,-3.45409893989563,6.697649002075195,1.6030604839324951,3,0,1,0,21.550521850585938,1,0,1,2,4.720602206342207,3.428295135498047,0.7441575527191162,0.2258325219154358,0,0.0,0.7390742897987366,0.27147232701848784,0.37635605421553425,0,0
0,1,460,-3.431285858154297,6.930464267730713,1.3677551746368408,3,0,1,0,1.542947769165039,0,0,0,0,3.487681225226649,2.667095184326172,0.6170637607574463,0.09942012280225754,0,0.0,0.6085249781608582,0.2244689430668314,0.2502098650106047,1,0
0,1,460,-3.431285858154297,6.930464267730713,1.3677551746368408,3,0,1,0,1.542947769165039,0,0,0,1,3.7938018853833326,4.210042953491211,1.0048038959503174,0.09541363269090652,0,0.0,0.995805561542511,0.3627832614029613,0.2112587542756886,0,1
0,1,460,-3.431285858154297,6.930464267730713,1.3677551746368408,3,0,1,0,1.542947769165039,0,0,0,2,4.144752756112624,3.3171966075897217,0.7334661483764648,0.19166603684425354,0,0.0,0.7605298161506653,0.2787560514164948,0.4313650724920821,0,0
0,1,470,-3.3608222007751465,7.145262241363525,1.162707805633545,2,0,1,0,0.8588581085205078,0,0,0,0,3.243546464077097,2.708568572998047,0.6244492530822754,0.10538576543331146,0,0.0,0.6080237627029419,0.22415031718197978,0.3151694089666087,1,0
0,1,470,-3.3608222007751465,7.145262241363525,1.162707805633545,2,0,1,0,0.8588581085205078,0,0,0,1,3.8767912802900204,3.5674266815185547,0.7794463634490967,0.2248205989599228,0,0.0,0.8315712809562683,0.3039886401589686,0.30187560068241964,0,1
0,1,480,-3.2489261627197266,7.346150875091553,0.9892134070396423,3,0,1,0,1.1549019813537598,0,0,0,0,3.0202247866265903,2.8674941062927246,0.696418285369873,0.04091043397784233,0,0.0,0.6846883296966553,0.2520184394144373,0.34999307431415744,1,0
0,1,480,-3.2489261627197266,7.346150875091553,0.9892134070396423,3,0,1,0,1.1549019813537598,0,0,0,1,3.7670852136784228,4.022396087646484,0.8973937034606934,0.2164105474948883,0,0.0,1.00602388381958,0.36678081770583854,0.21651594330866988,0,1
0,1,480,-3.2489261627197266,7.346150875091553,0.9892134070396423,3,0,1,0,1.1549019813537598,0,0,0,2,4.064179852047278,2.0378201007843018,0.45525693893432617,0.10839617252349854,0,0.0,0.60519939661026,0.2236297413971538,0.4719417776255951,0,0
7,0,0,-2.25,1.0,1.5707963267948966,3,0,0,1,0.0,0,0,0,0,9.0,7.150001525878906,1.2875003814697266,1.8949999809265137,0,0.0,1.2850003242492676,0.45982142857142855,0.0,1,1
7,0,0,-2.25,1.0,1.5707963267948966,3,0,0,1,0.0,0,0,0,1,9.513236186146589,6.992805480957031,1.2482013702392578,1.6120399236679077,0,0.0,1.2636055946350098,0.45218076037786004,0.2523747889156115,0,0
7,0,0,-2.25,1.0,1.5707963267948966,3,0,0,1,0.0,0,0,0,2,9.513236186146589,6.992805480957031,1.2482013702392578,1.6120399236679077,0,0.0,1.2636055946350098,0.45218076037786004,0.25237478891561166,0,0
7,0,10,-2.2493691444396973,1.0683510303497314,1.5572539567947388,3,0,0,1,0.0,0,0,0,0,8.95,7.467267990112305,1.3668169975280762,1.8945108652114868,0,0.0,1.3534741401672363,0.4881587320359878,0.007073459404834525,1,1
7,0,10,-2.2493691444396973,1.0683510303497314,1.5572539567947388,3,0,0,1,0.0,0,0,0,1,9.463793281809847,7.285696029663086,1.3214240074157715,1.5892372131347656,0,0.0,1.3329665660858154,0.48083440650032705,0.2759820275548221,0,0
7,0,10,-2.2493691444396973,1.0683510303497314,1.5572539567947388,3,0,0,1,0.0,0,0,0,2,9.463793281809847,7.275457382202148,1.318864345550537,1.5645002126693726,0,0.0,1.3325837850570679,0.48069775594556,0.27808929979988783,0,0
7,0,20,-2.247762680053711,1.2233102321624756,1.5650391578674316,3,0,0,1,0.0,0,0,0,0,8.799999999999999,7.587762832641602,1.3969407081604004,1.894482970237732,0,0.0,1.3747185468673706,0.4989092929293397,0.005269078761768749,1,1
7,0,20,-2.247762680053711,1.2233102321624756,1.5650391578674316,3,0,0,1,0.0,0,0,0,1,9.31551287810118,7.387655258178711,1.3469138145446777,1.5646470785140991,0,0.0,1.3535209894180298,0.4913382612790332,0.2801105553387825,0,0
7,0,20,-2.247762680053711,1.2233102321624756,1.5650391578674316,3,0,0,1,0.0,0,0,0,2,9.31551287810118,7.381641387939453,1.3454103469848633,1.5646183490753174,0,0.0,1.3530724048614502,0.49117807682171033,0.28305902444730807,0,0
7,0,30,-2.2470500469207764,1.4506596326828003,1.5666232109069824,3,0,0,1,0.0,0,0,0,0,8.549999999999999,7.599941253662109,1.3999853134155273,1.8944354057312012,0,0.0,1.3749892711639404,0.499996709974128,0.005235958467032617,1,1
7,0,30,-2.2470500469207764,1.4506596326828003,1.5666232109069824,3,0,0,1,0.0,0,0,0,1,9.0685506996768,7.404453277587891,1.3511133193969727,1.5647401809692383,0,0.0,1.3533709049224854,0.4922749036605466,0.27738276968061254,0,0
7,0,30,-2.2470500469207764,1.4506596326828003,1.5666232109069824,3,0,0,1,0.0,0,0,0,2,9.0685506996768,7.399585723876953,1.3498964309692383,1.564458966255188,0,0.0,1.352891445159912,0.4921037149869568,0.2804074968653456,0,0
7,0,40,-2.246227264404297,1.686084270477295,1.5701748132705688,3,0,0,1,0.0,0,0,0,0,8.299999999999999,7.599966049194336,1.399991512298584,1.894463300704956,0,0.0,1.3749946355819702,0.49999737400721955,0.004982434707413459,1,1
7,0,40,-2.246227264404297,1.686084270477295,1.5701748132705688,3,0,0,1,0.0,0,0,0,1,8.82182489730488,7.4066009521484375,1.3516502380371094,1.5883593559265137,0,0.0,1.35304856300354,0.49215967578607894,0.27476721631453266,0,0
7,0,40,-2.246227264404297,1.686084270477295,1.5701748132705688,3,0,0,1,0.0,0,0,0,2,8.82182489730488,7.404384613037109,1.3510961532592773,1.5646584033966064,0,0.0,1.3525645732879639,0.4919864273430684,0.2781279957746573,0,0
7,0,50,-2.2476887702941895,1.9204412698745728,1.5816634893417358,3,0,0,1,0.0,0,0,0,0,8.099999999999998,7.599849700927734,1.3999624252319336,1.894751787185669,0,0.0,1.3749923706054688,0.49999812717504355,0.004425144772353072,1,1
7,0,50,-2.2476887702941895,1.9204412698745728,1.5816634893417358,3,0,0,1,0.0,0,0,0,1,8.624633442061722,7.384784698486328,1.346196174621582,1.5644280910491943,0,0.0,1.3520324230194092,0.49179730533045063,0.28288648628505453,0,0
7,0,50,-2.2476887702941895,1.9204412698745728,1.5816634893417358,3,0,0,1,0.0,0,0,0,2,8.624633442061722,7.392740249633789,1.3481850624084473,1.564941167831421,0,0.0,1.352027416229248,0.49179538715263676,0.28308186437375177,0,0
7,0,60,-2.2507882118225098,2.1551640033721924,1.582728385925293,3,0,0,1,0.0,0,0,0,0,7.849999999999999,7.599834442138672,1.399958610534668,1.8943061828613281,0,0.0,1.3749865293502808,0.4999941586276453,0.0066773663240487545,1,1
7,0,60,-2.2507882118225098,2.1551640033721924,1.582728385925293,3,0,0,1,0.0,0,0,0,1,8.378408067339434,7.393766403198242,1.3484416007995605,1.564521074295044,0,0.0,1.3528152704238892,0.49207578520995027,0.2827189184155068,0,0
7,0,60,-2.2507882118225098,2.1551640033721924,1.582728385925293,3,0,0,1,0.0,0,0,0,2,8.378408067339434,7.404003143310547,1.3510007858276367,1.5648086071014404,0,0.0,1.353214979171753,0.49221821478576216,0.28029388636305985,0,0
7,0,70,-2.2525317668914795,2.391216993331909,1.5754755735397339,3,0,0,1,0.0,0,0,0,0,7.599999999999999,7.599943161010742,1.3999857902526855,1.894468903541565,0,0.0,1.374990463256836,0.49999681577911137,0.005152489321386776,1,1
7,0,70,-2.2525317668914795,2.391216993331909,1.5754755735397339,3,0,0,1,0.0,0,0,0,1,8.132511449126646,7.398639678955078,1.3496599197387695,1.564644455909729,0,0.0,1.3522566556930542,0.4918769838695526,0.27877045571122616,0,0
7,0,70,-2.2525317668914795,2.391216993331909,1.5754755735397339,3,0,0,1,0.0,0,0,0,2,8.132511449126646,7.403833389282227,1.3509583473205566,1.5883911848068237,0,0.0,1.3527010679244995,0.4920355278855138,0.2761077575286966,0,0
7,0,80,-2.2537784576416016,2.6261343955993652,1.575737476348877,3,0,0,1,0.0,0,0,0,0,7.349999999999999,7.599922180175781,1.3999805450439453,1.7956374883651733,0,0.0,1.374985933303833,0.4999949066382432,0.00662012740736751,1,1
7,0,80,-2.2537784576416016,2.6261343955993652,1.575737476348877,3,0,0,1,0.0,0,0,0,1,7.886988069905341,7.407308578491211,1.3518271446228027,1.5644663572311401,0,0.0,1.3529632091522217,0.4921293076512657,0.27756586676902983,0,0
7,0,80,-2.2537784576416016,2.6261343955993652,1.575737476348877,3,0,0,1,0.0,0,0,0,2,7.886988069905341,7.413112640380859,1.3532781600952148,1.5884448289871216,0,0.0,1.353538155555725,0.49233448603596036,0.27393352096570367,0,0
7,0,90,-2.25461745262146,2.8628933429718018,1.5749727487564087,3,0,0,1,0.0,0,0,0,0,7.1371066629886615,7.599918365478516,1.399979591369629,1.6451622247695923,0,0.0,1.3749849796295166,0.49999335157999825,0.007648036416587738,1,1
7,0,90,-2.25461745262146,2.8628933429718018,1.5749727487564087,3,0,0,1,0.0,0,0,0,1,7.678240449430755,7.3915557861328125,1.3478889465332031,1.4932609796524048,0,0.0,1.3514708280563354,0.49159563667185846,0.28397766056457285,0,0
7,0,90,-2.25461745262146,2.8628933429718018,1.5749727487564087,3,0,0,1,0.0,0,0,0,2,7.678240449430755,7.397695541381836,1.349423885345459,1.5574828386306763,0,0.0,1.3521738052368164,0.491846635663505,0.2797823381499823,0,0
7,0,100,-2.2545323371887207,3.0966711044311523,1.565800428390503,3,0,0,1,0.0,0,0,0,0,6.903328901529311,7.599941253662109,1.3999853134155273,1.4707928895950317,0,0.0,1.3749983310699463,0.4999982624476207,0.004630259009297997,1,1
7,0,100,-2.2545323371887207,3.0966711044311523,1.565800428390503,3,0,0,1,0.0,0,0,0,1,7.449416669100316,7.402162551879883,1.3505406379699707,1.3899097442626953,0,0.0,1.3532047271728516,0.49221590376011054,0.27962097053330814,0,0
7,0,100,-2.2545323371887207,3.0966711044311523,1.565800428390503,3,0,0,1,0.0,0,0,0,2,7.449416669100316,7.400545120239258,1.3501362800598145,1.4728130102157593,0,0.0,1.3536549806594849,0.4923766327848168,0.2763995130605043,0,0
7,0,110,-2.252577781677246,3.331584930419922,1.5612099170684814,3,0,0,1,0.0,0,0,0,0,6.668415045738219,7.5998687744140625,1.3999671936035156,1.2459132671356201,0,0.0,1.3749926090240479,0.49999872769208015,0.003786422350305316,1,1
7,0,110,-2.252577781677246,3.331584930419922,1.5612099170684814,3,0,0,1,0.0,0,0,0,1,7.219963324895867,7.40418815612793,1.3510470390319824,1.2156540155410767,0,0.0,1.3533885478973389,0.4922818886382179,0.2786007878850478,0,0
7,0,110,-2.252577781677246,3.331584930419922,1.5612099170684814,3,0,0,1,0.0,0,0,0,2,7.219963324895867,7.397531509399414,1.3493828773498535,1.2573977708816528,0,0.0,1.353470802307129,0.49231113462005943,0.27781084515025817,0,0
7,0,120,-2.2494547367095947,3.566757917404175,1.5513126850128174,3,0,0,1,0.0,0,0,0,0,6.433242058753966,7.594573974609375,1.399885654449463,0.9975155591964722,0,0.0,1.3749686479568481,0.4999860654380686,0.010409131443451113,1,1
7,0,120,-2.2494547367095947,3.566757917404175,1.5513126850128174,3,0,0,1,0.0,0,0,0,1,6.990814400658598,7.401611328125,1.3521389961242676,0.9965275526046753,0,0.0,1.3536912202835083,0.49238745896497116,0.2820655782503097,0,0
7,0,120,-2.2494547367095947,3.566757917404175,1.5513126850128174,3,0,0,1,0.0,0,0,0,2,6.990814400658598,7.391578674316406,1.3478946685791016,1.0453765392303467,0,0.0,1.3531160354614258,0.4921820582226301,0.28554662960452537,0,0
7,0,130,-2.2428245544433594,3.80279541015625,1.5402685403823853,3,0,0,1,0.0,0,0,0,0,6.218248811275597,7.144905090332031,1.399660587310791,0.7731314301490784,0,0.0,1.3748483657836914,0.49993537771488394,0.02240664412911289,1,1
7,0,130,-2.2428245544433594,3.80279541015625,1.5402685403823853,3,0,0,1,0.0,0,0,0,1,6.698124572755891,7.074613571166992,1.3668169975280762,0.8036727905273438,0,0.0,1.3554342985153198,0.4930017481328087,0.25589651742598735,0,0
7,0,130,-2.2428245544433594,3.80279541015625,1.5402685403823853,3,0,0,1,0.0,0,0,0,2,6.794589420430759,7.039333343505859,1.338350772857666,0.8429650664329529,0,0.0,1.3505264520645142,0.49124861283591276,0.3061576315038778,0,0
7,0,140,-2.2354509830474854,4.038379192352295,1.5361772775650024,3,0,2,0,0.16640090942382812,0,0,0,0,6.0044457187189595,6.646459102630615,1.3994293212890625,0.5243708491325378,0,0.0,1.3746753931045532,0.49986137427911786,0.03257475666984305,1,0
7,0,140,-2.2354509830474854,4.038379192352295,1.5361772775650024,3,0,2,0,0.16640090942382812,0,0,0,1,6.6015048948268245,6.707564830780029,1.332655429840088,0.6884716153144836,0,0.0,1.3511326313018799,0.4914532509060939,0.3212400252733854,0,0
7,0,140,-2.2354509830474854,4.038379192352295,1.5361772775650024,3,0,2,0,0.16640090942382812,0,0,0,2,6.848011498967367,6.812860012054443,1.2693634033203125,0.8677032589912415,0,0.0,1.3544284105300903,0.4926403560453932,0.291731926564538,0,1
7,0,150,-2.2244508266448975,4.273383617401123,1.5146949291229248,3,0,1,0,0.221466064453125,0,0,0,0,5.771417812444103,6.221152305603027,1.398270606994629,0.3140348196029663,0,0.0,1.3748807907104492,0.4999572676248114,0.02306376496459125,1,0
7,0,150,-2.2244508266448975,4.273383617401123,1.5146949291229248,3,0,1,0,0.221466064453125,0,0,0,1,6.391402363284994,6.442618370056152,1.3294739723205566,0.5623612999916077,0,0.0,1.3543165922164917,0.4926125801739527,0.29144742495623827,0,1
7,0,150,-2.2244508266448975,4.273383617401123,1.5146949291229248,3,0,1,0,0.221466064453125,0,0,0,2,6.3948824008607525,6.043260097503662,1.3342714309692383,0.3530871868133545,0,0.0,1.35097336769104,0.49141880542895083,0.3183114899964438,0,0
7,0,160,-2.208041191101074,4.5072832107543945,1.4893252849578857,3,0,1,0,0.39058685302734375,0,0,0,0,5.537773563433612,5.819709777832031,1.380312442779541,0.1492299735546112,0,0.0,1.3576784133911133,0.49379654215347585,0.03640806004370388,1,0
7,0,160,-2.208041191101074,4.5072832107543945,1.4893252849578857,3,0,1,0,0.39058685302734375,0,0,0,1,6.16945680590384,6.210296630859375,1.323148250579834,0.4588518738746643,0,0.0,1.352357268333435,0.4918960430250445,0.3200750635359502,0,1
7,0,160,-2.208041191101074,4.5072832107543945,1.4893252849578857,3,0,1,0,0.39058685302734375,0,0,0,2,6.2424379038025455,5.587957382202148,1.3206806182861328,0.15261736512184143,0,0.0,1.3495484590530396,0.49089292148217883,0.32832794254060055,0,0
7,0,170,-2.186708688735962,4.740461826324463,1.46860933303833,3,0,1,0,0.5984835624694824,0,0,0,0,5.3048911242148336,5.351669788360596,1.2892587184906006,0.0973174050450325,0,0.0,1.2672628164291382,0.4614406253112003,0.08180924482150946,1,0
7,0,170,-2.186708688735962,4.740461826324463,1.46860933303833,3,0,1,0,0.5984835624694824,0,0,0,1,5.949757424796043,5.950153350830078,1.3162617683410645,0.34255316853523254,0,0.0,1.3492114543914795,0.4907081152341786,0.3535957495663434,0,1
7,0,170,-2.186708688735962,4.740461826324463,1.46860933303833,3,0,1,0,0.5984835624694824,0,0,0,2,6.1363865452952915,-15.005169868469238,1.2526030540466309,-0.007790989242494106,1,0.0,1.3031044006347656,0.47402470190578727,0.3447145014020598,0,0
7,0,180,-2.1595957279205322,4.9728779792785645,1.438849925994873,3,0,1,0,0.46759462356567383,0,0,0,0,5.052194437748832,4.99183988571167,1.1796884536743164,0.13654303550720215,0,0.0,1.1608448028564453,0.4234640396280228,0.08219604800812377,1,0
7,0,180,-2.1595957279205322,4.9728779792785645,1.438849925994873,3,0,1,0,0.46759462356567383,0,0,0,1,5.7119316350836336,5.459434509277344,1.2443208694458008,0.2410755157470703,0,0.0,1.2712574005126953,0.46289706178416606,0.3376209537892326,0,1
7,0,180,-2.1595957279205322,4.9728779792785645,1.438849925994873,3,0,1,0,0.46759462356567383,0,0,0,2,6.021437690205501,-15.80133056640625,1.0997977256774902,-0.10026069730520248,1,0.0,1.1968742609024048,0.4348422263883625,0.45259421453209836,0,0
7,0,190,-2.1243093013763428,5.203677654266357,1.4056113958358765,3,0,1,0,0.17058658599853516,0,0,0,0,4.801112289452483,4.6247172355651855,1.0650181770324707,0.18232226371765137,0,0.0,1.0500985383987427,0.3839142643514503,0.06832705255689439,1,0
7,0,190,-2.1243093013763428,5.203677654266357,1.4056113958358765,3,0,1,0,0.17058658599853516,0,0,0,1,5.481970611587025,4.795303821563721,1.098517656326294,0.20061662793159485,0,0.0,1.10600745677948,0.4038819326856096,0.28062705215036515,0,1
7,0,190,-2.1243093013763428,5.203677654266357,1.4056113958358765,3,0,1,0,0.17058658599853516,0,0,0,2,5.936200706193793,-16.628564834594727,0.8708705902099609,-0.05602370202541351,1,0.0,1.0690616369247437,0.3892661468299873,0.8323241144702914,0,0
7,0,200,-2.08223032951355,5.431735038757324,1.3758554458618164,3,0,1,0,0.08058738708496094,0,0,0,0,4.57356936549184,4.081697463989258,0.9186432361602783,0.2035621553659439,0,0.0,0.9038483500480652,0.33147726282822887,0.11205376034699525,1,0
7,0,200,-2.08223032951355,5.431735038757324,1.3758554458618164,3,0,1,0,0.08058738708496094,0,0,0,1,5.269705607899916,4.162284851074219,0.9419150352478027,0.19731225073337555,0,0.0,0.9416510462760925,0.3449780064775882,0.2941459676439044,0,1
7,0,200,-2.08223032951355,5.431735038757324,1.3758554458618164,3,0,1,0,0.08058738708496094,0,0,0,2,5.861400766095684,-17.78351593017578,0.6135828495025635,-0.04749520868062973,1,0.0714285746216774,0.9522071480751038,0.347336800401203,1.0123865366005753,0,0
7,0,210,-2.0356569290161133,5.6551833152771,1.3539516925811768,3,0,2,0,0.023774385452270508,0,0,0,0,4.355342654251955,3.914578437805176,0.8556146621704102,0.24605995416641235,0,0.0,0.844131588935852,0.3101210829738176,0.12128937113073678,1,0
7,0,210,-2.0356569290161133,5.6551833152771,1.3539516925811768,3,0,2,0,0.023774385452270508,0,0,0,1,5.055797987911141,3.914578437805176,0.8556146621704102,0.24605995416641235,0,0.0,0.844131588935852,0.3101210829738176,0.12128937113073678,0,0
7,0,210,-2.0356569290161133,5.6551833152771,1.3539516925811768,3,0,2,0,0.023774385452270508,0,0,0,2,5.09211556446396,3.9383528232574463,0.8625082969665527,0.24415983259677887,0,0.0,0.8600790500640869,0.3158157326962912,0.25870345487102336,0,1
7,0,220,-1.982922077178955,5.878695011138916,1.3299212455749512,3,0,0,1,0.0,0,0,0,0,4.139899607837128,3.9777069091796875,0.8525009155273438,0.28385162353515625,0,0.0,0.844952404499054,0.31034145072318636,0.13439984953758696,1,1
7,0,220,-1.982922077178955,5.878695011138916,1.3299212455749512,3,0,0,1,0.0,0,0,0,1,4.6298936892000935,3.9738688468933105,0.8514151573181152,0.2841041088104248,0,0.0,0.8429337739944458,0.30962068629013395,0.1644971205266431,0,0
7,0,220,-1.982922077178955,5.878695011138916,1.3299212455749512,3,0,0,1,0.0,0,0,0,2,4.922882290856295,3.891812801361084,0.8545999526977539,0.23670651018619537,0,0.0,0.8555935621261597,0.31414196228038177,0.257751365994003,0,0
7,0,230,-1.9270012378692627,6.102508544921875,1.3220924139022827,3,0,0,1,0.0,0,0,0,0,3.9282529514975693,4.579110622406006,0.9834442138671875,0.32266679406166077,0,0.0,0.9847747683525085,0.3590630543160662,0.1439294116311745,1,1
7,0,230,-1.9270012378692627,6.102508544921875,1.3220924139022827,3,0,0,1,0.0,0,0,0,1,4.514876085645552,4.3634467124938965,0.9295282363891602,0.32266679406166077,0,0.0,0.9227287173271179,0.3369041058672488,0.2869236377502213,0,0
7,0,230,-1.9270012378692627,6.102508544921875,1.3220924139022827,3,0,0,1,0.0,0,0,0,2,4.773094913533367,4.451943874359131,0.9816570281982422,0.26265791058540344,0,0.0,0.9951010942459106,0.3627511897145667,0.28320965031760137,0,0
7,0,240,-1.8694114685058594,6.325150012969971,1.3116892576217651,3,0,0,1,0.0,0,0,0,0,3.738509885235291,5.633873462677002,1.2375233173370361,0.3418900668621063,0,0.0,1.2661949396133423,0.4596233687416052,0.11390225265736978,1,1
7,0,240,-1.8694114685058594,6.325150012969971,1.3116892576217651,3,0,0,1,0.0,0,0,0,1,4.510782891634637,4.321113586425781,0.9101154804229736,0.34032589197158813,0,0.0,0.9088284373283386,0.3319915403772283,0.3795821593954538,0,0
7,0,240,-1.8694114685058594,6.325150012969971,1.3116892576217651,3,0,0,1,0.0,0,0,0,2,5.98415562305793,-19.597169876098633,0.1969602108001709,-0.04964757338166237,1,0.1428571492433548,0.4119051396846771,0.15451926212198228,0.9160608854131631,0,0
7,0,250,-1.8095793724060059,6.546487808227539,1.3079029321670532,3,0,0,1,0.0,0,0,0,0,3.602025510293813,5.922638416290283,1.3066706657409668,0.347977876663208,0,0.0,1.3539484739303589,0.4911277852200612,0.13529635098632584,1,1
7,0,250,-1.8095793724060059,6.546487808227539,1.3079029321670532,3,0,0,1,0.0,0,0,0,1,4.2673007527563955,5.786351680755615,1.2725989818572998,0.347977876663208,0,0.0,1.3372410535812378,0.48516119980194977,0.2933986939394078,0,0
7,0,250,-1.8095793724060059,6.546487808227539,1.3079029321670532,3,0,0,1,0.0,0,0,0,2,4.43332946215049,4.356696128845215,0.9150433540344238,0.348261296749115,0,0.0,0.9184168577194214,0.3352334201077172,0.4140400042585526,0,0
7,0,260,-1.7516950368881226,6.771824359893799,1.3319065570831299,3,0,0,1,0.0,0,0,0,0,3.5548151471633695,5.887842655181885,1.2964690923690796,0.3509831130504608,0,0.0,1.354023814201355,0.49225450215851463,0.12247430544813888,1,1
7,0,260,-1.7516950368881226,6.771824359893799,1.3319065570831299,3,0,0,1,0.0,0,0,0,1,4.377518363391287,3.9772815704345703,0.8167853355407715,0.3550701439380646,0,0.0,0.8469462394714355,0.30984235277570266,0.5149109808402267,0,0
7,0,260,-1.7516950368881226,6.771824359893799,1.3319065570831299,3,0,0,1,0.0,0,0,0,2,5.08058827110451,3.5725412368774414,0.7156002521514893,0.3550701439380646,0,0.0,0.7610663175582886,0.27917136208410087,0.6384383905311789,0,0
7,0,270,-1.70245361328125,6.998139381408691,1.3773356676101685,3,0,0,1,0.0,0,0,0,0,3.424683348925812,5.928301811218262,1.2691255807876587,0.4258996546268463,0,0.0,1.3317852020263672,0.48439920596258756,0.09782756206145692,1,1
7,0,270,-1.70245361328125,6.998139381408691,1.3773356676101685,3,0,0,1,0.0,0,0,0,1,4.388750870344022,3.154589891433716,0.6372044086456299,0.33860039710998535,0,0.0357142873108387,0.7513986229896545,0.2757071243632007,0.8092086601257825,0,0
7,0,270,-1.70245361328125,6.998139381408691,1.3773356676101685,3,0,0,1,0.0,0,0,0,2,5.105497637445891,2.494783878326416,0.5228629112243652,0.2552375793457031,0,0.0535714328289032,0.6818060278892517,0.25085273912322487,0.9672497034995626,0,0
7,0,280,-1.663074016571045,7.230968475341797,1.4213955402374268,3,0,0,1,0.0,0,0,0,0,3.2862947009904144,5.5310564041137695,1.2483001947402954,0.26892778277397156,0,0.0,1.319639801979065,0.4801292714777639,0.07490599951582186,1,1
7,0,280,-1.663074016571045,7.230968475341797,1.4213955402374268,3,0,0,1,0.0,0,0,0,1,4.338216284395459,2.511720657348633,0.5858538150787354,0.1377241313457489,0,0.0535714328289032,0.7964310050010681,0.29195524132611694,0.944308663293241,0,0
7,0,280,-1.663074016571045,7.230968475341797,1.4213955402374268,3,0,0,1,0.0,0,0,0,2,5.0330350155979495,2.3996095657348633,0.5495247840881348,0.15432673692703247,0,0.0535714328289032,0.7819390892982483,0.2867796399840934,0.8974055005633522,0,0
7,1,0,-2.25,1.0,1.5707963267948966,3,0,0,1,0.0,0,0,0,0,9.0,7.150001525878906,1.2875003814697266,1.8949999809265137,0,0.0,1.2850003242492676,0.45982142857142855,0.0,1,1
7,1,0,-2.25,1.0,1.5707963267948966,3,0,0,1,0.0,0,0,0,1,9.513236186146589,6.992805480957031,1.2482013702392578,1.6120399236679077,0,0.0,1.2636055946350098,0.45218076037786004,0.2523747889156115,0,0
7,1,0,-2.25,1.0,1.5707963267948966,3,0,0,1,0.0,0,0,0,2,9.513236186146589,6.992805480957031,1.2482013702392578,1.6120399236679077,0,0.0,1.2636055946350098,0.45218076037786004,0.25237478891561166,0,0
7,1,10,-2.252131462097168,1.0681453943252563,1.6243609189987183,3,0,0,1,0.0,0,0,0,0,8.95,7.464860916137695,1.3662152290344238,1.8447526693344116,0,0.0,1.3533369302749634,0.4881130916589142,0.03149939818238904,1,1
7,1,10,-2.252131462097168,1.0681453943252563,1.6243609189987183,3,0,0,1,0.0,0,0,0,1,9.463793281809847,7.257776260375977,1.3144440650939941,1.5391287803649902,0,0.0,1.3318159580230713,0.48042699105347225,0.30249938891747474,0,0
7,1,10,-2.252131462097168,1.0681453943252563,1.6243609189987183,3,0,0,1,0.0,0,0,0,2,9.463793281809847,7.2992401123046875,1.3248100280761719,1.6145884990692139,0,0.0,1.3335143327713013,0.48103362446071435,0.2923700433044911,0,0
7,1,20,-2.264166831970215,1.2348971366882324,1.6433980464935303,3,0,0,1,0.0,0,0,0,0,8.75,7.590015411376953,1.3975038528442383,1.8196775913238525,0,0.0,1.3742209672927856,0.49940299615627987,0.050075089164460164,1,1
7,1,20,-2.264166831970215,1.2348971366882324,1.6433980464935303,3,0,0,1,0.0,0,0,0,1,9.26610276253317,7.366752624511719,1.3416881561279297,1.5144670009613037,0,0.0,1.3504278659820557,0.49090512907039063,0.3220910311826036,0,0
7,1,20,-2.264166831970215,1.2348971366882324,1.6433980464935303,3,0,0,1,0.0,0,0,0,2,9.26610276253317,7.429893493652344,1.357473373413086,1.6387205123901367,0,0.0,1.354069709777832,0.4922058167190384,0.3002028936381444,0,0
7,1,30,-2.2759273052215576,1.466516137123108,1.5981998443603516,3,0,0,1,0.0,0,0,0,0,8.550204914590983,7.597019195556641,1.3992547988891602,1.8430507183074951,0,0.0,1.3748695850372314,0.49994776644730893,0.02391111756648077,1,1
7,1,30,-2.2759273052215576,1.466516137123108,1.5981998443603516,3,0,0,1,0.0,0,0,0,1,9.06082040629453,7.398908615112305,1.3497271537780762,1.6149011850357056,0,0.0,1.3508912324905396,0.4913841574486718,0.30152209400781527,0,0
7,1,30,-2.2759273052215576,1.466516137123108,1.5981998443603516,3,0,0,1,0.0,0,0,0,2,9.076648414228565,7.380254745483398,1.3450636863708496,1.4898985624313354,0,0.0,1.3535642623901367,0.4923387981683379,0.2845399358136171,0,0
7,1,40,-2.2779595851898193,1.7012983560562134,1.5730206966400146,3,0,0,1,0.0,0,0,0,0,8.3002136713115,7.598470687866211,1.3996176719665527,1.8437548875808716,0,0.0,1.3748488426208496,0.4999295697660525,0.026471833741981227,1,1
7,1,40,-2.2779595851898193,1.7012983560562134,1.5730206966400146,3,0,0,1,0.0,0,0,0,1,8.813795614018574,7.399980545043945,1.3499951362609863,1.6144267320632935,0,0.0,1.351580262184143,0.4916194157986881,0.3012835715606591,0,0
7,1,40,-2.2779595851898193,1.7012983560562134,1.5730206966400146,3,0,0,1,0.0,0,0,0,2,8.830235022619542,7.400373458862305,1.3500933647155762,1.5384920835494995,0,0.0,1.3543856143951416,0.4926213530071732,0.28326723174409363,0,0
7,1,50,-2.280524253845215,1.9353759288787842,1.593044400215149,3,0,0,1,0.0,0,0,0,0,8.050223209837263,7.597850799560547,1.3994626998901367,1.8434895277023315,0,0.0,1.3749254941940308,0.4999690345989491,0.01933826207883788,1,1
7,1,50,-2.280524253845215,1.9353759288787842,1.593044400215149,3,0,0,1,0.0,0,0,0,1,8.567011976328542,7.412498474121094,1.3531246185302734,1.6385598182678223,0,0.0,1.3519446849822998,0.4917615926910015,0.2916768817239426,0,0
7,1,50,-2.280524253845215,1.9353759288787842,1.593044400215149,3,0,0,1,0.0,0,0,0,2,8.58411117861617,7.395717620849609,1.3489294052124023,1.514553189277649,0,0.0,1.353743314743042,0.4924040301457174,0.2797814941816413,0,0
7,1,60,-2.289409637451172,2.170884609222412,1.6148401498794556,3,0,0,1,0.0,0,0,0,0,7.850231476520241,7.596488952636719,1.3991222381591797,1.8190076351165771,0,0.0,1.3749209642410278,0.49997103937501436,0.017742772884659926,1,1
7,1,60,-2.289409637451172,2.170884609222412,1.6148401498794556,3,0,0,1,0.0,0,0,0,1,8.369778914365407,7.406373977661133,1.3515934944152832,1.639742374420166,0,0.0,1.3518662452697754,0.4917371035490325,0.29520870112436615,0,0
7,1,60,-2.289409637451172,2.170884609222412,1.6148401498794556,3,0,0,1,0.0,0,0,0,2,8.387444715047044,7.363777160644531,1.3409442901611328,1.4896478652954102,0,0.0,1.3520333766937256,0.4917967714573757,0.29346355609438646,0,0
7,1,70,-2.299428701400757,2.4055936336517334,1.6088591814041138,3,0,0,1,0.0,0,0,0,0,7.600242712727235,7.597345352172852,1.399336338043213,1.818225383758545,0,0.0,1.3748899698257446,0.49995504217072995,0.018864309579105617,1,1
7,1,70,-2.299428701400757,2.4055936336517334,1.6088591814041138,3,0,0,1,0.0,0,0,0,1,8.123509301822907,7.416963577270508,1.354240894317627,1.6398518085479736,0,0.0,1.3533393144607544,0.49225834448160083,0.2897746138314455,0,0
7,1,70,-2.299428701400757,2.4055936336517334,1.6088591814041138,3,0,0,1,0.0,0,0,0,2,8.141937469843858,7.374868392944336,1.343717098236084,1.4894847869873047,0,0.0,1.3524433374404907,0.4919381441631488,0.2950205189824186,0,0
7,1,80,-2.3058578968048096,2.6402690410614014,1.5879050493240356,3,0,0,1,0.0,0,0,0,0,7.350255095400645,7.599061965942383,1.3997654914855957,1.7288377285003662,0,0.0,1.3749361038208008,0.49997292818505173,0.014805036233871378,1,1
7,1,80,-2.3058578968048096,2.6402690410614014,1.5879050493240356,3,0,0,1,0.0,0,0,0,1,7.87757984230967,7.41478157043457,1.3536953926086426,1.6394425630569458,0,0.0,1.3530840873718262,0.4921682268008575,0.28132300194078663,0,0
7,1,80,-2.3058578968048096,2.6402690410614014,1.5879050493240356,3,0,0,1,0.0,0,0,0,2,7.896837824575627,7.38676643371582,1.346691608428955,1.5143694877624512,0,0.0,1.3518877029418945,0.4917412623568157,0.28844525183767733,0,0
7,1,90,-2.306154727935791,2.8744020462036133,1.56136155128479,3,0,0,1,0.0,0,0,0,0,7.125865297598127,7.599939346313477,1.3999848365783691,1.5920506715774536,0,0.0,1.3749914169311523,0.4999973188685605,0.005893353045706409,1,1
7,1,90,-2.306154727935791,2.8744020462036133,1.56136155128479,3,0,0,1,0.0,0,0,0,1,7.657160777174436,7.398159027099609,1.3495397567749023,1.6033059358596802,0,0.0,1.3520864248275757,0.4918167123934727,0.2788772870415063,0,0
7,1,90,-2.306154727935791,2.8744020462036133,1.56136155128479,3,0,0,1,0.0,0,0,0,2,7.677228547288866,7.391122817993164,1.347780704498291,1.4506160020828247,0,0.0,1.3515751361846924,0.49163387700511146,0.2821245642030739,0,0
7,1,100,-2.30159068107605,3.1090571880340576,1.5465466976165771,3,0,0,1,0.0,0,0,0,0,6.891224280769,7.599729537963867,1.3999323844909668,1.4451606273651123,0,0.0,1.3749637603759766,0.4999845802810528,0.011243433165998403,1,1
7,1,100,-2.30159068107605,3.1090571880340576,1.5465466976165771,3,0,0,1,0.0,0,0,0,1,7.427050205271273,7.397434234619141,1.3493585586547852,1.4662526845932007,0,0.0,1.3531891107559204,0.4922082974067484,0.2861455428919368,0,0
7,1,100,-2.30159068107605,3.1090571880340576,1.5465466976165771,3,0,0,1,0.0,0,0,0,2,7.4480392050847115,7.404890060424805,1.3512225151062012,1.357085943222046,0,0.0,1.353610634803772,0.4923589580302489,0.2838078138642372,0,0
7,1,110,-2.2966156005859375,3.3452577590942383,1.555665373802185,3,0,0,1,0.0,0,0,0,0,6.655039489940548,7.59980583190918,1.399951457977295,1.2202004194259644,0,0.0,1.3749632835388184,0.4999843132189996,0.011067854222866864,1,1
7,1,110,-2.2966156005859375,3.3452577590942383,1.555665373802185,3,0,0,1,0.0,0,0,0,1,7.195872161580256,7.399702072143555,1.3499255180358887,1.2259446382522583,0,0.0,1.3529895544052124,0.4921371779706552,0.286117375859045,0,0
7,1,110,-2.2966156005859375,3.3452577590942383,1.555665373802185,3,0,0,1,0.0,0,0,0,2,7.217875746342189,7.401861190795898,1.3504652976989746,1.1981003284454346,0,0.0,1.353808879852295,0.4924291441276561,0.2808579101441305,0,0
7,1,120,-2.293687105178833,3.580113649368286,1.559516429901123,3,0,0,1,0.0,0,0,0,0,6.42020118478057,7.590198516845703,1.399925708770752,0.9952478408813477,0,0.0,1.374954104423523,0.49998080398831535,0.01260199248727431,1,1
7,1,120,-2.293687105178833,3.580113649368286,1.559516429901123,3,0,0,1,0.0,0,0,0,1,6.966523863333988,7.400167465209961,1.3500418663024902,1.0132817029953003,0,0.0,1.3528424501419067,0.4920829145903141,0.2875816624348894,0,0
7,1,120,-2.293687105178833,3.580113649368286,1.559516429901123,3,0,0,1,0.0,0,0,0,2,6.9896355531595376,7.363755702972412,1.350067138671875,0.981743574142456,0,0.0,1.3539469242095947,0.4924776124776122,0.2802773430025001,0,0
7,1,130,-2.290008068084717,3.815901279449463,1.552873134613037,3,0,0,1,0.0,0,0,0,0,6.22585036817984,7.0900187492370605,1.399850845336914,0.7453077435493469,0,0.0,1.3748890161514282,0.499952029899521,0.019813776702714798,1,1
7,1,130,-2.290008068084717,3.815901279449463,1.552873134613037,3,0,0,1,0.0,0,0,0,1,6.696827705394767,7.00016975402832,1.3650479316711426,0.7699889540672302,0,0.0,1.3554412126541138,0.4930067921237464,0.25340140724206905,0,0
7,1,130,-2.290008068084717,3.815901279449463,1.552873134613037,3,0,0,1,0.0,0,0,0,2,6.802623662665097,7.013888835906982,1.337968349456787,0.8310076594352722,0,0.0,1.3519244194030762,0.491750420722551,0.30851467790194576,0,0
7,1,140,-2.2857298851013184,4.050861358642578,1.5517631769180298,3,0,2,0,0.09141921997070312,0,0,0,0,6.0126791649177145,6.639861583709717,1.399754524230957,0.5204216837882996,0,0.0,1.3748185634613037,0.49992302110590264,0.025360671494719766,1,0
7,1,140,-2.2857298851013184,4.050861358642578,1.5517631769180298,3,0,2,0,0.09141921997070312,0,0,0,1,6.6082591877209,6.65068244934082,1.3254971504211426,0.6743470430374146,0,0.0,1.3512911796569824,0.49151985378949153,0.32112957082074206,0,0
7,1,140,-2.2857298851013184,4.050861358642578,1.5517631769180298,3,0,2,0,0.09141921997070312,0,0,0,2,6.853986514128211,6.73128080368042,1.2582597732543945,0.8491209149360657,0,0.0,1.3504430055618286,0.4910124338876007,0.30353082858006847,0,1
7,1,150,-2.2820682525634766,4.2871551513671875,1.558814287185669,3,0,2,0,0.17547369003295898,0,0,0,0,5.799031256751856,6.140322685241699,1.3997011184692383,0.27075910568237305,0,0.0,1.3748151063919067,0.4999192331445247,0.027232571236204126,1,0
7,1,150,-2.2820682525634766,4.2871551513671875,1.558814287185669,3,0,2,0,0.17547369003295898,0,0,0,1,6.342499553888686,5.9925665855407715,1.3430533409118652,0.31017664074897766,0,0.0,1.3529553413391113,0.4921124838953899,0.29299606099665787,0,0
7,1,150,-2.2820682525634766,4.2871551513671875,1.558814287185669,3,0,2,0,0.17547369003295898,0,0,0,2,6.417324038951589,6.315796375274658,1.3197574615478516,0.518383264541626,0,0.0,1.350883960723877,0.49137255756194115,0.32494254142539397,0,1
7,1,160,-2.2791430950164795,4.522360801696777,1.5535860061645508,3,0,1,0,0.4731268882751465,0,0,0,0,5.564076783192642,5.609555244445801,1.3609328269958496,0.0829119086265564,0,0.0,1.3360965251922607,0.48608469716683605,0.05547140206573271,1,0
7,1,160,-2.2791430950164795,4.522360801696777,1.5535860061645508,3,0,1,0,0.4731268882751465,0,0,0,1,6.193922900480436,6.082682132720947,1.3181452751159668,0.40505051612854004,0,0.0,1.3504068851470947,0.4911953445730526,0.3307539166292918,0,1
7,1,160,-2.2791430950164795,4.522360801696777,1.5535860061645508,3,0,1,0,0.4731268882751465,0,0,0,2,6.262350283598519,5.405394077301025,1.3052902221679688,0.09211650490760803,0,0.0,1.3512262105941772,0.49148816851510396,0.30424537106031746,0,0
7,1,170,-2.2717397212982178,4.758490562438965,1.5293546915054321,3,0,1,0,0.8099169731140137,0,0,0,0,5.307597976117233,5.065220355987549,1.2647056579589844,0.0031989049166440964,0,0.0,1.2404812574386597,0.4519568014188753,0.06264766483438236,1,0
7,1,170,-2.2717397212982178,4.758490562438965,1.5293546915054321,3,0,1,0,0.8099169731140137,0,0,0,1,5.950488164489493,5.8751373291015625,1.3210816383361816,0.29540538787841797,0,0.0,1.3546359539031982,0.49272589946527773,0.2908768100819765,0,1
7,1,170,-2.2717397212982178,4.758490562438965,1.5293546915054321,3,0,1,0,0.8099169731140137,0,0,0,2,6.099004724684594,-15.178010940551758,1.225574016571045,-0.04015342891216278,1,0.0,1.2814024686813354,0.46657154607992235,0.3223815657152263,0,0
7,1,180,-2.2569618225097656,4.992432594299316,1.4844961166381836,3,0,1,0,0.8185372352600098,0,0,0,0,5.0740103379196295,4.5559563636779785,1.1207473278045654,0.03648359701037407,0,0.0,1.0989389419555664,0.40138539675971796,0.11128271600831156,1,0
7,1,180,-2.2569618225097656,4.992432594299316,1.4844961166381836,3,0,1,0,0.8185372352600098,0,0,0,1,5.731674825545483,5.374493598937988,1.2425920963287354,0.20206260681152344,0,0.0,1.2757242918014526,0.46452323205515483,0.3230090321559338,0,1
7,1,180,-2.2569618225097656,4.992432594299316,1.4844961166381836,3,0,1,0,0.8185372352600098,0,0,0,2,5.9670652604266525,-15.761832237243652,1.0907716751098633,-0.06245938315987587,1,0.0,1.176588535308838,0.42790847618051586,0.394969813682233,0,0
7,1,190,-2.2270569801330566,5.220241546630859,1.3944412469863892,3,0,1,0,0.2567110061645508,0,0,0,0,4.846613267304714,4.026782989501953,0.963202953338623,0.08698548376560211,0,0.0,0.9485297799110413,0.3474470040462224,0.23641117978203915,1,0
7,1,190,-2.2270569801330566,5.220241546630859,1.3944412469863892,3,0,1,0,0.2567110061645508,0,0,0,1,5.52477118700078,4.283493995666504,1.0046887397766113,0.13236963748931885,0,0.0,1.0173065662384033,0.3720094825153578,0.3838542582759787,0,1
7,1,190,-2.2270569801330566,5.220241546630859,1.3944412469863892,3,0,1,0,0.2567110061645508,0,0,0,2,5.809469124192178,-16.761686325073242,0.8614327907562256,-0.10370877385139465,1,0.0,1.0376554727554321,0.37781205189344524,0.7444477900779927,0,0
7,1,200,-2.1685917377471924,5.446141242980957,1.2590839862823486,3,0,1,0,0.07974839210510254,0,0,0,0,4.579910069064169,3.8486368656158447,0.860828161239624,0.20266209542751312,0,0.0,0.8605151176452637,0.315943163744483,0.20640542355754352,1,0
7,1,200,-2.1685917377471924,5.446141242980957,1.2590839862823486,3,0,1,0,0.07974839210510254,0,0,0,1,5.277371093009555,3.9283852577209473,0.8813507556915283,0.201491117477417,0,0.0,0.8946908712387085,0.3281485727257432,0.35778036857052203,0,1
7,1,200,-2.1685917377471924,5.446141242980957,1.2590839862823486,3,0,1,0,0.07974839210510254,0,0,0,2,5.8032831056870515,-18.31963539123535,0.5428962707519531,-0.08489640057086945,1,0.1607142984867096,0.8522847294807434,0.3119107881333099,1.0329600425201917,0,0
7,1,210,-2.087007522583008,5.6605544090271,1.1727912425994873,3,0,1,0,0.037052154541015625,0,0,0,0,4.3453904615223955,3.6582441329956055,0.7842977046966553,0.2605266869068146,0,0.0,0.7909689545631409,0.2906028589091136,0.2194745737916796,1,0
7,1,210,-2.087007522583008,5.6605544090271,1.1727912425994873,3,0,1,0,0.037052154541015625,0,0,0,1,5.064183854781747,3.695296287536621,0.7935607433319092,0.2605266869068146,0,0.0,0.8068219423294067,0.2962647106016373,0.330758329256765,0,1
7,1,210,-2.087007522583008,5.6605544090271,1.1727912425994873,3,0,1,0,0.037052154541015625,0,0,0,2,5.757466266046704,-18.59105110168457,0.4603893756866455,-0.09130388498306274,1,0.125,0.7673071622848511,0.28135047467273505,0.9613592332585387,0,0
7,1,220,-1.9957462549209595,5.873947620391846,1.1744089126586914,3,0,0,1,0.0,0,0,0,0,4.144594907012228,4.055217742919922,0.8523736000061035,0.32286161184310913,0,0.0,0.8649658560752869,0.31711578976740906,0.20089418214012897,1,1
7,1,220,-1.9957462549209595,5.873947620391846,1.1744089126586914,3,0,0,1,0.0,0,0,0,1,4.634391717320202,4.036093711853027,0.8475925922393799,0.32286161184310913,0,0.0,0.8586098551750183,0.31484607796466385,0.22679555814111282,0,0
7,1,220,-1.9957462549209595,5.873947620391846,1.1744089126586914,3,0,0,1,0.0,0,0,0,2,4.926931288304779,3.88771390914917,0.8450820446014404,0.2536929249763489,0,0.0,0.8685212135314941,0.3183857540068553,0.32573828930018456,0,0
7,1,230,-1.9096877574920654,6.088657855987549,1.2026455402374268,3,0,0,1,0.0,0,0,0,0,3.9526713348552986,5.159972190856934,1.1071500778198242,0.3656858205795288,0,0.0,1.1388788223266602,0.414408861769569,0.17585884011349798,1,1
7,1,230,-1.9096877574920654,6.088657855987549,1.2026455402374268,3,0,0,1,0.0,0,0,0,1,4.548356493427651,4.775426864624023,1.0110137462615967,0.3656858205795288,0,0.0,1.019388198852539,0.3717331864187458,0.3769530483356318,0,0
7,1,230,-1.9096877574920654,6.088657855987549,1.2026455402374268,3,0,0,1,0.0,0,0,0,2,5.868746870745798,-19.11222267150879,0.2973213195800781,-0.061467982828617096,1,0.0892857164144516,0.46011805534362793,0.17160743863161226,0.8385298476451369,0,0
7,1,240,-1.8325082063674927,6.30666971206665,1.2587958574295044,3,0,0,1,0.0,0,0,0,0,3.761552461664005,5.842899322509766,1.2670493125915527,0.38735097646713257,0,0.0,1.3108429908752441,0.4757314335592796,0.15383331243625833,1,1
7,1,240,-1.8325082063674927,6.30666971206665,1.2587958574295044,3,0,0,1,0.0,0,0,0,1,4.48047635749046,4.794917106628418,1.0050537586212158,0.38735097646713257,0,0.0,1.0059490203857422,0.366840161795251,0.40515823722702404,0,0
7,1,240,-1.8325082063674927,6.30666971206665,1.2587958574295044,3,0,0,1,0.0,0,0,0,2,5.993472459746922,-19.225337982177734,0.25195956230163574,-0.027302203699946404,1,0.0892857164144516,0.45707106590270996,0.17071697190104992,0.9255039047666076,0,0
7,1,250,-1.7699114084243774,6.5293097496032715,1.324539303779602,3,0,0,1,0.0,0,0,0,0,3.6208422889056022,6.0554375648498535,1.3187074661254883,0.3903038799762726,0,0.0,1.3681379556655884,0.49670242870947423,0.12355109799723905,1,1
7,1,250,-1.7699114084243774,6.5293097496032715,1.324539303779602,3,0,0,1,0.0,0,0,0,1,4.425945486137099,4.665005683898926,0.9730947017669678,0.38631343841552734,0,0.0,0.9744994640350342,0.3552986519878698,0.4088826366822329,0,0
7,1,250,-1.7699114084243774,6.5293097496032715,1.324539303779602,3,0,0,1,0.0,0,0,0,2,5.184829672924162,4.2873053550720215,0.8752357959747314,0.3931810259819031,0,0.0,0.8813449144363403,0.3220292779750203,0.43436158998663743,0,0
7,1,260,-1.7225008010864258,6.758180141448975,1.40601646900177,3,0,0,1,0.0,0,0,0,0,3.499169690383434,6.126073837280273,1.3222041130065918,0.4186287224292755,0,0.0,1.364698052406311,0.49619965993012455,0.08301245717783902,1,1
7,1,260,-1.7225008010864258,6.758180141448975,1.40601646900177,3,0,0,1,0.0,0,0,0,1,4.241287102409512,5.970429420471191,1.2832930088043213,0.4186287224292755,0,0.0,1.3553510904312134,0.4928613688398079,0.2723819095108431,0,0
7,1,260,-1.7225008010864258,6.758180141448975,1.40601646900177,3,0,0,1,0.0,0,0,0,2,4.421831018911026,4.155256748199463,0.8424434661865234,0.3927413821220398,0,0.0,0.8714963793754578,0.3186219801411881,0.4790712741838251,0,0
7,1,270,-1.6947405338287354,6.990680694580078,1.4809402227401733,3,0,0,1,0.0,0,0,0,0,3.43539901990946,6.00600528717041,1.2992355823516846,0.4045315980911255,0,0.0,1.3347910642623901,0.4856043733774464,0.04534109282239783,1,1
7,1,270,-1.6947405338287354,6.990680694580078,1.4809402227401733,3,0,0,1,0.0,0,0,0,1,4.389390142588735,3.2415199279785156,0.640505313873291,0.3397493362426758,0,0.0,0.7596770524978638,0.27881367057440254,0.778616949927795,0,0
7,1,270,-1.6947405338287354,6.990680694580078,1.4809402227401733,3,0,0,1,0.0,0,0,0,2,5.107054814044006,2.489210367202759,0.5221624374389648,0.23599451780319214,0,0.0357142873108387,0.6868704557418823,0.2528113853608027,0.9431854307800417,0,0
7,1,280,-1.6775646209716797,7.224738121032715,1.506838321685791,3,0,0,1,0.0,0,0,0,0,3.276216973695697,5.583747863769531,1.266974925994873,0.25792405009269714,0,0.0,1.3089439868927002,0.4763901082581504,0.03201347780431002,1,1
7,1,280,-1.6775646209716797,7.224738121032715,1.506838321685791,3,0,0,1,0.0,0,0,0,1,4.352516110300927,2.5079309940338135,0.5592961311340332,0.17108756303787231,0,0.0357142873108387,0.7796762585639954,0.28598735231997435,0.929476032001556,0,0
7,1,280,-1.6775646209716797,7.224738121032715,1.506838321685791,3,0,0,1,0.0,0,0,0,2,5.046752650088157,2.361889362335205,0.5300898551940918,0.15647923946380615,0,0.0357142873108387,0.7702129483222961,0.2826074238540754,0.8622058198495782,0,0
48,0,0,-2.25,1.0,1.5707963267948966,3,0,0,1,0.0,0,0,0,0,9.0,7.150001525878906,1.2875003814697266,1.8949999809265137,0,0.0,1.2850003242492676,0.45982142857142855,0.0,1,1
48,0,0,-2.25,1.0,1.5707963267948966,3,0,0,1,0.0,0,0,0,1,9.513236186146589,6.992805480957031,1.2482013702392578,1.6120399236679077,0,0.0,1.2636055946350098,0.45218076037786004,0.2523747889156115,0,0
48,0,0,-2.25,1.0,1.5707963267948966,3,0,0,1,0.0,0,0,0,2,9.513236186146589,6.992805480957031,1.2482013702392578,1.6120399236679077,0,0.0,1.2636055946350098,0.45218076037786004,0.25237478891561166,0,0
48,0,10,-2.2493691444396973,1.0683510303497314,1.5572539567947388,3,0,0,1,0.0,0,0,0,0,8.95,7.467267990112305,1.3668169975280762,1.8945108652114868,0,0.0,1.3534741401672363,0.4881587320359878,0.007073459404834525,1,1
48,0,10,-2.2493691444396973,1.0683510303497314,1.5572539567947388,3,0,0,1,0.0,0,0,0,1,9.463793281809847,7.285696029663086,1.3214240074157715,1.5892372131347656,0,0.0,1.3329665660858154,0.48083440650032705,0.2759820275548221,0,0
48,0,10,-2.2493691444396973,1.0683510303497314,1.5572539567947388,3,0,0,1,0.0,0,0,0,2,9.463793281809847,7.275457382202148,1.318864345550537,1.5645002126693726,0,0.0,1.3325837850570679,0.48069775594556,0.27808929979988783,0,0
48,0,20,-2.247762680053711,1.2233102321624756,1.5650391578674316,3,0,0,1,0.0,0,0,0,0,8.799999999999999,7.587762832641602,1.3969407081604004,1.894482970237732,0,0.0,1.3747185468673706,0.4989092929293397,0.005269078761768749,1,1
48,0,20,-2.247762680053711,1.2233102321624756,1.5650391578674316,3,0,0,1,0.0,0,0,0,1,9.31551287810118,7.387655258178711,1.3469138145446777,1.5646470785140991,0,0.0,1.3535209894180298,0.4913382612790332,0.2801105553387825,0,0
48,0,20,-2.247762680053711,1.2233102321624756,1.5650391578674316,3,0,0,1,0.0,0,0,0,2,9.31551287810118,7.381641387939453,1.3454103469848633,1.5646183490753174,0,0.0,1.3530724048614502,0.49117807682171033,0.28305902444730807,0,0
48,0,30,-2.2470500469207764,1.4506596326828003,1.5666232109069824,3,0,0,1,0.0,0,0,0,0,8.549999999999999,7.599941253662109,1.3999853134155273,1.7706525325775146,0,0.0,1.3749892711639404,0.499996709974128,0.005235958467032617,1,1
48,0,30,-2.2470500469207764,1.4506596326828003,1.5666232109069824,3,0,0,1,0.0,0,0,0,1,9.0685506996768,7.404453277587891,1.3511133193969727,1.5647401809692383,0,0.0,1.3533709049224854,0.4922749036605466,0.27738276968061254,0,0
48,0,30,-2.2470500469207764,1.4506596326828003,1.5666232109069824,3,0,0,1,0.0,0,0,0,2,9.0685506996768,7.399585723876953,1.3498964309692383,1.564458966255188,0,0.0,1.352891445159912,0.4921037149869568,0.2804074968653456,0,0
48,0,40,-2.246227264404297,1.686084270477295,1.5701748132705688,3,0,0,1,0.0,0,0,0,0,8.299999999999999,7.599966049194336,1.399991512298584,1.5457488298416138,0,0.0,1.3749946355819702,0.49999737400721955,0.004982434707413459,1,1
48,0,40,-2.246227264404297,1.686084270477295,1.5701748132705688,3,0,0,1,0.0,0,0,0,1,8.82182489730488,7.4066009521484375,1.3516502380371094,1.4992387294769287,0,0.0,1.35304856300354,0.49215967578607894,0.27476721631453266,0,0
48,0,40,-2.246227264404297,1.686084270477295,1.5701748132705688,3,0,0,1,0.0,0,0,0,2,8.82182489730488,7.404384613037109,1.3510961532592773,1.5131192207336426,0,0.0,1.3525645732879639,0.4919864273430684,0.2781279957746573,0,0
48,0,50,-2.2476887702941895,1.9204412698745728,1.5816634893417358,3,0,0,1,0.0,0,0,0,0,8.099999999999998,7.599849700927734,1.3999624252319336,1.2958756685256958,0,0.0,1.3749923706054688,0.49999812717504355,0.004425144772353072,1,1
48,0,50,-2.2476887702941895,1.9204412698745728,1.5816634893417358,3,0,0,1,0.0,0,0,0,1,8.624633442061722,7.384784698486328,1.346196174621582,1.2482233047485352,0,0.0,1.3520324230194092,0.49179730533045063,0.28288648628505453,0,0
48,0,50,-2.2476887702941895,1.9204412698745728,1.5816634893417358,3,0,0,1,0.0,0,0,0,2,8.624633442061722,7.392740249633789,1.3481850624084473,1.2676657438278198,0,0.0,1.352027416229248,0.49179538715263676,0.28308186437375177,0,0
48,0,60,-2.250706911087036,2.1552555561065674,1.5813617706298828,3,0,0,1,0.0,0,0,0,0,7.849999999999999,7.59986686706543,1.3999667167663574,1.0710431337356567,0,0.0,1.37498939037323,0.4999954064296422,0.0059213049842419254,1,1
48,0,60,-2.250706911087036,2.1552555561065674,1.5813617706298828,3,0,0,1,0.0,0,0,0,1,8.378408067339434,7.394321441650391,1.3485803604125977,1.0283006429672241,0,0.0,1.3528343439102173,0.49208285799111184,0.28199192116641625,0,0
48,0,60,-2.250706911087036,2.1552555561065674,1.5813617706298828,3,0,0,1,0.0,0,0,0,2,8.378408067339434,7.403387069702148,1.350846767425537,1.04793119430542,0,0.0,1.353187918663025,0.49220933123650923,0.2798370632066856,0,0
48,0,70,-2.250460624694824,2.3908638954162598,1.556835412979126,3,0,0,1,0.0,0,0,0,0,7.642382805815646,7.2424235343933105,1.3999433517456055,0.8213250637054443,0,0.0,1.3749860525131226,0.49999427303882055,0.00678010644318351,1,1
48,0,70,-2.250460624694824,2.3908638954162598,1.556835412979126,3,0,0,1,0.0,0,0,0,1,8.193206623551383,6.9804887771606445,1.343320369720459,0.8036037087440491,0,0.0,1.3536865711212158,0.49238745470987244,0.2912954306428835,0,0
48,0,70,-2.250460624694824,2.3908638954162598,1.556835412979126,3,0,0,1,0.0,0,0,0,2,8.193206623551383,7.056051731109619,1.3399968147277832,0.8480322957038879,0,0.0,1.3534350395202637,0.4922976560642319,0.29268064113935155,0,0
48,0,80,-2.2453410625457764,2.625200033187866,1.5436041355133057,3,0,0,1,0.0,0,0,0,0,7.507088929659729,6.796913146972656,1.3997578620910645,0.5989407300949097,0,0.0,1.3749018907546997,0.4999584296772927,0.018012675685139062,1,1
48,0,80,-2.2453410625457764,2.625200033187866,1.5436041355133057,3,0,0,1,0.0,0,0,0,1,7.886988069905341,6.5747480392456055,1.3550004959106445,0.5773729681968689,0,0.0,1.353437900543213,0.4922930925739933,0.2817831992525271,0,0
48,0,80,-2.2453410625457764,2.625200033187866,1.5436041355133057,3,0,0,1,0.0,0,0,0,2,7.886988069905341,6.607081413269043,1.3491106033325195,0.6053195595741272,0,0.0,1.3522002696990967,0.4918510680198575,0.28935984593189396,0,0
48,0,90,-2.2402567863464355,2.860121250152588,1.5665940046310425,3,0,2,0,0.10143136978149414,0,0,0,0,7.534348203683573,6.25442361831665,1.3758955001831055,0.37542083859443665,0,0.0,1.3570388555526733,0.4935819026792368,0.20388077682591507,1,0
48,0,90,-2.2402567863464355,2.860121250152588,1.5665940046310425,3,0,2,0,0.10143136978149414,0,0,0,1,7.680956419615809,6.182011127471924,1.347524642944336,0.39595621824264526,0,0.0,1.3511683940887451,0.4914851277726851,0.290394350330167,0,0
48,0,90,-2.2402567863464355,2.860121250152588,1.5665940046310425,3,0,2,0,0.10143136978149414,0,0,0,2,7.9019020256207835,6.3558549880981445,1.2883296012878418,0.6012682914733887,0,0.0,1.3503825664520264,0.4912044793325085,0.3134625124990934,0,1
48,0,100,-2.2435572147369385,3.088960886001587,1.60858952999115,3,0,1,0,0.24212980270385742,0,0,0,0,7.367288851734257,5.676828861236572,1.3396949768066406,0.15902452170848846,0,0.0,1.3408558368682861,0.48766940477764986,0.2904164113793014,1,0
48,0,100,-2.2435572147369385,3.088960886001587,1.60858952999115,3,0,1,0,0.24212980270385742,0,0,0,1,7.583860105926188,5.91895866394043,1.3248791694641113,0.3097209334373474,0,0.0,1.3509498834609985,0.4912745175247732,0.31861512197966413,0,1
48,0,100,-2.2435572147369385,3.088960886001587,1.60858952999115,3,0,1,0,0.24212980270385742,0,0,0,2,7.8183668627214455,5.301340103149414,1.24031400680542,0.1700419932603836,0,0.0,1.3489298820495605,0.4900438286648405,0.30319924099215584,0,0
48,0,110,-2.270110607147217,3.3175344467163086,1.762152910232544,2,0,1,0,20.66218614578247,1,0,1,0,7.1428018772738024,-15.155252456665039,1.2141613960266113,-0.005949162878096104,1,0.0,1.254964828491211,0.4568711843940836,0.45100418918916807,1,0
48,0,110,-2.270110607147217,3.3175344467163086,1.762152910232544,2,0,1,0,20.66218614578247,1,0,1,1,7.394481721105466,5.506933689117432,1.2752742767333984,0.2029183804988861,0,0.0,1.313879370689392,0.47791185108728407,0.41811274336270543,0,1
48,0,120,-2.3336551189422607,3.540543794631958,1.9199235439300537,2,0,1,0,20.5955171585083,1,0,1,0,6.882759194970927,-15.885704040527344,1.040189266204834,-0.023230383172631264,1,0.0,1.1145809888839722,0.4065724045575713,0.4516731259095031,1,0
48,0,120,-2.3336551189422607,3.540543794631958,1.9199235439300537,2,0,1,0,20.5955171585083,1,0,1,1,7.2536905818330855,4.709813117980957,1.1042418479919434,0.14642293751239777,0,0.0,1.162894368171692,0.4225106661930526,0.5463319764392217,0,1
48,0,130,-2.429699420928955,3.7483508586883545,2.0693740844726562,2,0,0,1,0.0,0,0,0,0,6.6391786470702385,3.4593138694763184,0.849968433380127,0.029720071703195572,0,0.0,0.9523482918739319,0.34817222539455644,0.49247399269466363,1,1
48,0,130,-2.429699420928955,3.7483508586883545,2.0693740844726562,2,0,0,1,0.0,0,0,0,1,7.177530995867592,3.407074451446533,0.7796201705932617,0.2514397203922272,0,0.1071428656578064,0.9234924912452698,0.33699313194027664,0.9126705442524194,0,0
48,0,140,-2.5532028675079346,3.9397003650665283,2.1943557262420654,2,0,0,1,0.0,0,0,0,0,6.431245404578223,2.8975067138671875,0.6890759468078613,0.0706014335155487,0,0.0,0.8175065517425537,0.29939913194627493,0.40351705975711655,1,1
48,0,140,-2.5532028675079346,3.9397003650665283,2.1943557262420654,2,0,0,1,0.0,0,0,0,1,7.202982319575735,2.500762462615967,0.574958324432373,0.2790359854698181,0,0.1785714328289032,0.8283401727676392,0.3032691646818653,1.0812314715110445,0,0
48,0,150,-2.6926493644714355,4.119681358337402,2.244546890258789,3,0,0,1,0.0,0,0,0,0,6.20448941633475,2.548313617706299,0.5818333625793457,0.1104901134967804,0,0.0,0.7075337767601013,0.25976959786013903,0.286205136215147,1,1
48,0,150,-2.6926493644714355,4.119681358337402,2.244546890258789,3,0,0,1,0.0,0,0,0,1,7.287319460291712,2.268709182739258,0.583336353302002,0.1283961981534958,0,0.1607142984867096,0.8850836753845215,0.32317781052424793,1.023432561055955,0,0
48,0,150,-2.6926493644714355,4.119681358337402,2.244546890258789,3,0,0,1,0.0,0,0,0,2,9.160981443665479,2.285923719406128,0.5768723487854004,0.14993146061897278,0,0.1607142984867096,0.9003674387931824,0.32863661359331936,0.9253591726086585,0,0
48,0,160,-2.833355665206909,4.304980754852295,2.1958649158477783,3,0,0,1,0.0,0,0,0,0,5.962109851398398,2.236326217651367,0.4949321746826172,0.12829871475696564,0,0.0,0.5771271586418152,0.21356845211310335,0.19820802982496946,1,1
48,0,160,-2.833355665206909,4.304980754852295,2.1958649158477783,3,0,0,1,0.0,0,0,0,1,7.337335409693226,-18.357051849365234,0.47614240646362305,-0.0058103036135435104,1,0.125,0.7403281927108765,0.2716963856186389,0.9037056772350572,0,0
48,0,160,-2.833355665206909,4.304980754852295,2.1958649158477783,3,0,0,1,0.0,0,0,0,2,8.199794788096604,-18.357051849365234,0.47614240646362305,-0.0058103036135435104,1,0.125,0.7403281927108765,0.2716963856186389,0.9037056772350572,0,0
48,0,170,-2.9630658626556396,4.492237091064453,2.166836738586426,2,0,0,1,0.0,0,0,0,0,5.739248980555606,2.0705511569976807,0.44001293182373047,0.155249685049057,0,0.0,0.5004441738128662,0.18528344267598523,0.17206395246439318,1,1
48,0,170,-2.9630658626556396,4.492237091064453,2.166836738586426,2,0,0,1,0.0,0,0,0,1,7.366741381367838,-19.2965087890625,0.2962832450866699,-0.09796318411827087,1,0.1428571492433548,0.43701550364494324,0.16263121194826982,0.8642632650002223,0,0
48,0,180,-3.0721211433410645,4.675888538360596,2.0358943939208984,2,0,0,1,0.0,0,0,0,0,5.520773557702512,1.9110960960388184,0.4041099548339844,0.14732816815376282,0,0.0,0.4260594844818115,0.16003187255939474,0.15449156809875103,1,1
48,0,180,-3.0721211433410645,4.675888538360596,2.0358943939208984,2,0,0,1,0.0,0,0,0,1,7.397710561832449,-19.439062118530273,0.22758960723876953,-0.0854244977235794,1,0.0892857164144516,0.29914015531539917,0.11470358262253606,0.8419831477472223,0,0
48,1,0,-2.25,1.0,1.5707963267948966,3,0,0,1,0.0,0,0,0,0,9.0,7.150001525878906,1.2875003814697266,1.8949999809265137,0,0.0,1.2850003242492676,0.45982142857142855,0.0,1,1
48,1,0,-2.25,1.0,1.5707963267948966,3,0,0,1,0.0,0,0,0,1,9.513236186146589,6.992805480957031,1.2482013702392578,1.6120399236679077,0,0.0,1.2636055946350098,0.45218076037786004,0.2523747889156115,0,0
48,1,0,-2.25,1.0,1.5707963267948966,3,0,0,1,0.0,0,0,0,2,9.513236186146589,6.992805480957031,1.2482013702392578,1.6120399236679077,0,0.0,1.2636055946350098,0.45218076037786004,0.25237478891561166,0,0
48,1,10,-2.252131462097168,1.0681453943252563,1.6243609189987183,3,0,0,1,0.0,0,0,0,0,8.95,7.464860916137695,1.3662152290344238,1.8447526693344116,0,0.0,1.3533369302749634,0.4881130916589142,0.03149939818238904,1,1
48,1,10,-2.252131462097168,1.0681453943252563,1.6243609189987183,3,0,0,1,0.0,0,0,0,1,9.463793281809847,7.257776260375977,1.3144440650939941,1.5391287803649902,0,0.0,1.3318159580230713,0.48042699105347225,0.30249938891747474,0,0
48,1,10,-2.252131462097168,1.0681453943252563,1.6243609189987183,3,0,0,1,0.0,0,0,0,2,9.463793281809847,7.2992401123046875,1.3248100280761719,1.6145884990692139,0,0.0,1.3335143327713013,0.48103362446071435,0.2923700433044911,0,0
48,1,20,-2.264166831970215,1.2348971366882324,1.6433980464935303,3,0,0,1,0.0,0,0,0,0,8.75,7.590015411376953,1.3975038528442383,1.8196775913238525,0,0.0,1.3742209672927856,0.49940299615627987,0.050075089164460164,1,1
48,1,20,-2.264166831970215,1.2348971366882324,1.6433980464935303,3,0,0,1,0.0,0,0,0,1,9.26610276253317,7.366752624511719,1.3416881561279297,1.5144670009613037,0,0.0,1.3504278659820557,0.49090512907039063,0.3220910311826036,0,0
48,1,20,-2.264166831970215,1.2348971366882324,1.6433980464935303,3,0,0,1,0.0,0,0,0,2,9.26610276253317,7.429893493652344,1.357473373413086,1.6387205123901367,0,0.0,1.354069709777832,0.4922058167190384,0.3002028936381444,0,0
48,1,30,-2.2759273052215576,1.466516137123108,1.5981998443603516,3,0,0,1,0.0,0,0,0,0,8.550204914590983,7.597019195556641,1.3992547988891602,1.744994878768921,0,0.0,1.3748695850372314,0.49994776644730893,0.02391111756648077,1,1
48,1,30,-2.2759273052215576,1.466516137123108,1.5981998443603516,3,0,0,1,0.0,0,0,0,1,9.06082040629453,7.398908615112305,1.3497271537780762,1.6149011850357056,0,0.0,1.3508912324905396,0.4913841574486718,0.30152209400781527,0,0
48,1,30,-2.2759273052215576,1.466516137123108,1.5981998443603516,3,0,0,1,0.0,0,0,0,2,9.076648414228565,7.380254745483398,1.3450636863708496,1.4898985624313354,0,0.0,1.3535642623901367,0.4923387981683379,0.2845399358136171,0,0
48,1,40,-2.2779595851898193,1.7012983560562134,1.5730206966400146,3,0,0,1,0.0,0,0,0,0,8.3002136713115,7.598470687866211,1.3996176719665527,1.5199618339538574,0,0.0,1.3748488426208496,0.4999295697660525,0.026471833741981227,1,1
48,1,40,-2.2779595851898193,1.7012983560562134,1.5730206966400146,3,0,0,1,0.0,0,0,0,1,8.813795614018574,7.399980545043945,1.3499951362609863,1.48067307472229,0,0.0,1.351580262184143,0.4916194157986881,0.3012835715606591,0,0
48,1,40,-2.2779595851898193,1.7012983560562134,1.5730206966400146,3,0,0,1,0.0,0,0,0,2,8.830235022619542,7.400373458862305,1.3500933647155762,1.4697257280349731,0,0.0,1.3543856143951416,0.4926213530071732,0.28326723174409363,0,0
48,1,50,-2.280524253845215,1.9353759288787842,1.593044400215149,3,0,0,1,0.0,0,0,0,0,8.050223209837263,7.597850799560547,1.3994626998901367,1.294992446899414,0,0.0,1.3749254941940308,0.4999690345989491,0.01933826207883788,1,1
48,1,50,-2.280524253845215,1.9353759288787842,1.593044400215149,3,0,0,1,0.0,0,0,0,1,8.567011976328542,7.412498474121094,1.3531246185302734,1.2543877363204956,0,0.0,1.3519446849822998,0.4917615926910015,0.2916768817239426,0,0
48,1,50,-2.280524253845215,1.9353759288787842,1.593044400215149,3,0,0,1,0.0,0,0,0,2,8.58411117861617,7.395717620849609,1.3489294052124023,1.2453279495239258,0,0.0,1.353743314743042,0.4924040301457174,0.2797814941816413,0,0
48,1,60,-2.289358377456665,2.1707794666290283,1.614275336265564,3,0,0,1,0.0,0,0,0,0,7.850231476520241,7.596548080444336,1.399137020111084,1.0452048778533936,0,0.0,1.3749221563339233,0.4999720358240828,0.01748067391267835,1,1
48,1,60,-2.289358377456665,2.1707794666290283,1.614275336265564,3,0,0,1,0.0,0,0,0,1,8.369778914365407,7.406240463256836,1.351560115814209,1.0079985857009888,0,0.0,1.3518630266189575,0.49173672249198497,0.2949757364124795,0,0
48,1,60,-2.289358377456665,2.1707794666290283,1.614275336265564,3,0,0,1,0.0,0,0,0,2,8.387444715047044,7.364168167114258,1.3410420417785645,1.017371416091919,0,0.0,1.3520539999008179,0.4918045463216494,0.2930991254021706,0,0
48,1,70,-2.2984654903411865,2.4052505493164062,1.5984851121902466,3,0,0,1,0.0,0,0,0,0,7.663093483934301,7.238264560699463,1.399590015411377,0.8199522495269775,0,0.0,1.3749490976333618,0.4999793945158948,0.012965987735613166,1,1
48,1,70,-2.2984654903411865,2.4052505493164062,1.5984851121902466,3,0,0,1,0.0,0,0,0,1,8.2034740220396,6.8784708976745605,1.3354120254516602,0.7684113383293152,0,0.0,1.3537901639938354,0.4924224851044413,0.2989526404352,0,0
48,1,70,-2.2984654903411865,2.4052505493164062,1.5984851121902466,3,0,0,1,0.0,0,0,0,2,8.212904000898064,7.017632961273193,1.333406925201416,0.8420026302337646,0,0.0,1.3525902032852173,0.49199379887899347,0.3056165785075954,0,0
48,1,80,-2.2999677658081055,2.6394200325012207,1.559822916984558,3,0,0,1,0.0,0,0,0,0,7.50387778998134,6.739899635314941,1.3999853134155273,0.569979190826416,0,0.0,1.3749908208847046,0.49999592034389695,0.005631791639927636,1,1
48,1,80,-2.2999677658081055,2.6394200325012207,1.559822916984558,3,0,0,1,0.0,0,0,0,1,7.87757984230967,6.558017730712891,1.3507623672485352,0.577484130859375,0,0.0,1.3524441719055176,0.49194361627846306,0.2791434148338187,0,0
48,1,80,-2.2999677658081055,2.6394200325012207,1.559822916984558,3,0,0,1,0.0,0,0,0,2,7.896837824575627,6.514720916748047,1.3503003120422363,0.5567598342895508,0,0.0,1.3527486324310303,0.4920522708943952,0.27742901811144566,0,0
48,1,90,-2.292482852935791,2.8719375133514404,1.531859278678894,3,0,2,0,0.047987937927246094,0,0,0,0,7.5307739943440755,6.237730026245117,1.376502513885498,0.3658600449562073,0,0.0,1.3571237325668335,0.49360079750285585,0.2142323330745291,1,0
48,1,90,-2.292482852935791,2.8719375133514404,1.531859278678894,3,0,2,0,0.047987937927246094,0,0,0,1,7.690090470824356,6.167413711547852,1.339627742767334,0.40445148944854736,0,0.0,1.3503074645996094,0.49116673199947786,0.31113411976071925,0,0
48,1,90,-2.292482852935791,2.8719375133514404,1.531859278678894,3,0,2,0,0.047987937927246094,0,0,0,2,7.91119055724052,6.285717964172363,1.279456615447998,0.583945631980896,0,0.0,1.3519552946090698,0.49175528424372905,0.30632461553197327,0,1
48,1,100,-2.2837510108947754,3.1057987213134766,1.5463722944259644,3,0,1,0,0.25970935821533203,0,0,0,0,7.3300284278624765,5.676573753356934,1.3418164253234863,0.15465393662452698,0,0.0,1.3339979648590088,0.48533768664078586,0.2745510858391816,1,0
48,1,100,-2.2837510108947754,3.1057987213134766,1.5463722944259644,3,0,1,0,0.25970935821533203,0,0,0,1,7.586734274995623,5.936283111572266,1.3071684837341309,0.35380446910858154,0,0.0,1.3510210514068604,0.491417428358141,0.3265526584122154,0,1
48,1,100,-2.2837510108947754,3.1057987213134766,1.5463722944259644,3,0,1,0,0.25970935821533203,0,0,0,2,7.783908439007078,5.321970462799072,1.270322322845459,0.1203405112028122,0,0.0,1.3505933284759521,0.49108469089202067,0.31729026318949505,0,0
48,1,110,-2.296511650085449,3.3370065689086914,1.707448124885559,2,0,1,0,20.660884380340576,1,0,1,0,7.102985615891008,-15.185577392578125,1.2152280807495117,-0.02324458211660385,1,0.0,1.242260217666626,0.45251965957317236,0.42556217704811655,1,0
48,1,110,-2.296511650085449,3.3370065689086914,1.707448124885559,2,0,1,0,20.660884380340576,1,0,1,1,7.39640475144132,5.475306987762451,1.2578368186950684,0.22197987139225006,0,0.0,1.3068792819976807,0.4755982934100116,0.4239181990302804,0,1
48,1,120,-2.3518903255462646,3.5613274574279785,1.899368405342102,2,0,1,0,20.56976842880249,1,0,1,0,6.8624067586656725,-15.978730201721191,1.0242209434509277,-0.03780706599354744,1,0.0,1.0875909328460693,0.3968630169494044,0.5017985398524383,1,0
48,1,120,-2.3518903255462646,3.5613274574279785,1.899368405342102,2,0,1,0,20.56976842880249,1,0,1,1,7.2337483299738725,4.591038227081299,1.0675535202026367,0.16041205823421478,0,0.0,1.132235050201416,0.4117824744542812,0.5693141014664577,0,1
48,1,130,-2.4471633434295654,3.767451286315918,2.0908031463623047,2,0,0,1,0.0,0,0,0,0,6.620524071985592,3.4361772537231445,0.8310112953186035,0.05606600269675255,0,0.0,0.944606602191925,0.3451388500401361,0.4580531299862192,1,1
48,1,130,-2.4471633434295654,3.767451286315918,2.0908031463623047,2,0,0,1,0.0,0,0,0,1,7.188511477035462,3.1412434577941895,0.7131195068359375,0.2872399091720581,0,0.1428571492433548,0.8738762140274048,0.31925861427530977,0.954310072475912,0,0
48,1,140,-2.5791425704956055,3.9562933444976807,2.242095470428467,2,0,0,1,0.0,0,0,0,0,6.3953158232272305,2.860811233520508,0.672062873840332,0.08627980947494507,0,0.0,0.8068952560424805,0.29544800114871644,0.4166082764986001,1,1
48,1,140,-2.5791425704956055,3.9562933444976807,2.242095470428467,2,0,0,1,0.0,0,0,0,1,7.235024593222565,2.387197971343994,0.5614185333251953,0.2671903967857361,0,0.196428582072258,0.8080986738204956,0.29587566192763326,1.079409152200418,0,0
48,1,150,-2.726834535598755,4.128857612609863,2.295381784439087,3,0,0,1,0.0,0,0,0,0,6.175813134949511,2.593395948410034,0.5772171020507812,0.14226379990577698,0,0.0,0.7091745734214783,0.2603303123561975,0.31389476680234896,1,1
48,1,150,-2.726834535598755,4.128857612609863,2.295381784439087,3,0,0,1,0.0,0,0,0,1,7.32652484205639,2.1593616008758545,0.5689058303833008,0.12044065445661545,0,0.1785714328289032,0.8633756637573242,0.31540219278387294,1.0038175809421552,0,0
48,1,150,-2.726834535598755,4.128857612609863,2.295381784439087,3,0,0,1,0.0,0,0,0,2,7.960170210163873,2.1543128490448,0.5676436424255371,0.12044065445661545,0,0.1785714328289032,0.8743138909339905,0.31930883342527455,0.9377679932142112,0,0
48,1,160,-2.8781845569610596,4.303706169128418,2.2653818130493164,3,0,0,1,0.0,0,0,0,0,5.943804402740028,2.384568691253662,0.5121750831604004,0.16793423891067505,0,0.0,0.6075925827026367,0.22426130052319795,0.2508473641842099,1,1
48,1,160,-2.8781845569610596,4.303706169128418,2.2653818130493164,3,0,0,1,0.0,0,0,0,1,7.352478946927915,-18.368501663208008,0.49480676651000977,-0.04886403679847717,1,0.125,0.7480983734130859,0.2744421646359964,0.9231401120938403,0,0
48,1,160,-2.8781845569610596,4.303706169128418,2.2653818130493164,3,0,0,1,0.0,0,0,0,2,8.496132075785447,-18.368501663208008,0.49480676651000977,-0.04886403679847717,1,0.125,0.7480983734130859,0.2744421646359964,0.9231401120938403,0,0
48,1,170,-3.0165388584136963,4.488621711730957,2.1599464416503906,2,0,0,1,0.0,0,0,0,0,5.723388955630348,2.243701457977295,0.4764823913574219,0.16888588666915894,0,0.0,0.5273370146751404,0.1959576989693405,0.20374904865637797,1,1
48,1,170,-3.0165388584136963,4.488621711730957,2.1599464416503906,2,0,0,1,0.0,0,0,0,1,7.384186449843755,-18.992809295654297,0.33861589431762695,-0.06649383902549744,1,0.1071428656578064,0.4856480658054352,0.18106942811774474,0.8784752633926658,0,0
48,1,180,-3.1257433891296387,4.688287734985352,1.987693190574646,2,0,0,1,0.0,0,0,0,0,5.468885910149886,2.2118070125579834,0.464627742767334,0.17664800584316254,0,0.0,0.4819030165672302,0.1791687379731126,0.16214407982576448,1,1
48,1,180,-3.1257433891296387,4.688287734985352,1.987693190574646,2,0,0,1,0.0,0,0,0,1,7.489625740424744,-19.43490982055664,0.2303028106689453,-0.08877423405647278,1,0.0892857164144516,0.321397066116333,0.12184498215521954,0.8485551730166948,0,0
48,1,190,-3.2010812759399414,4.913068771362305,1.8251919746398926,2,0,0,1,0.0,1,1,0,0,5.270675172702047,-17.91596794128418,0.5361905097961426,-0.030364615842700005,1,0.0,0.5409993529319763,0.20090388641982865,0.11123010191297977,1,1
48,1,190,-3.2010812759399414,4.913068771362305,1.8251919746398926,2,0,0,1,0.0,1,1,0,1,7.5897326684986055,-19.842363357543945,0.15597820281982422,-0.090280681848526,1,0.1428571492433548,0.27296724915504456,0.10517863919381809,0.9136418329558378,0,0
1,0,0,-2.25,1.0,1.5707963267948966,3,0,0,1,0.0,0,0,0,0,9.0,7.150001525878906,1.2875003814697266,1.8949999809265137,0,0.0,1.2850003242492676,0.45982142857142855,0.0,1,1
1,0,0,-2.25,1.0,1.5707963267948966,3,0,0,1,0.0,0,0,0,1,9.513236186146589,6.992805480957031,1.2482013702392578,1.6120399236679077,0,0.0,1.2636055946350098,0.45218076037786004,0.2523747889156115,0,0
1,0,0,-2.25,1.0,1.5707963267948966,3,0,0,1,0.0,0,0,0,2,9.513236186146589,6.992805480957031,1.2482013702392578,1.6120399236679077,0,0.0,1.2636055946350098,0.45218076037786004,0.25237478891561166,0,0
1,0,10,-2.2493691444396973,1.0683510303497314,1.5572539567947388,3,0,0,1,0.0,0,0,0,0,8.95,7.467267990112305,1.3668169975280762,1.8945108652114868,0,0.0,1.3534741401672363,0.4881587320359878,0.007073459404834525,1,1
1,0,10,-2.2493691444396973,1.0683510303497314,1.5572539567947388,3,0,0,1,0.0,0,0,0,1,9.463793281809847,7.285696029663086,1.3214240074157715,1.5892372131347656,0,0.0,1.3329665660858154,0.48083440650032705,0.2759820275548221,0,0
1,0,10,-2.2493691444396973,1.0683510303497314,1.5572539567947388,3,0,0,1,0.0,0,0,0,2,9.463793281809847,7.275457382202148,1.318864345550537,1.5645002126693726,0,0.0,1.3325837850570679,0.48069775594556,0.27808929979988783,0,0
1,0,20,-2.247762680053711,1.2233102321624756,1.5650391578674316,3,0,0,1,0.0,0,0,0,0,8.799999999999999,7.587762832641602,1.3969407081604004,1.894482970237732,0,0.0,1.3747185468673706,0.4989092929293397,0.005269078761768749,1,1
1,0,20,-2.247762680053711,1.2233102321624756,1.5650391578674316,3,0,0,1,0.0,0,0,0,1,9.31551287810118,7.387655258178711,1.3469138145446777,1.5646470785140991,0,0.0,1.3535209894180298,0.4913382612790332,0.2801105553387825,0,0
1,0,20,-2.247762680053711,1.2233102321624756,1.5650391578674316,3,0,0,1,0.0,0,0,0,2,9.31551287810118,7.381641387939453,1.3454103469848633,1.5646183490753174,0,0.0,1.3530724048614502,0.49117807682171033,0.28305902444730807,0,0
1,0,30,-2.2470500469207764,1.4506596326828003,1.5666232109069824,3,0,0,1,0.0,0,0,0,0,8.549999999999999,7.599941253662109,1.3999853134155273,1.8944354057312012,0,0.0,1.3749892711639404,0.499996709974128,0.005235958467032617,1,1
1,0,30,-2.2470500469207764,1.4506596326828003,1.5666232109069824,3,0,0,1,0.0,0,0,0,1,9.0685506996768,7.404453277587891,1.3511133193969727,1.5647401809692383,0,0.0,1.3533709049224854,0.4922749036605466,0.27738276968061254,0,0
1,0,30,-2.2470500469207764,1.4506596326828003,1.5666232109069824,3,0,0,1,0.0,0,0,0,2,9.0685506996768,7.399585723876953,1.3498964309692383,1.564458966255188,0,0.0,1.352891445159912,0.4921037149869568,0.2804074968653456,0,0
1,0,40,-2.246227264404297,1.686084270477295,1.5701748132705688,3,0,0,1,0.0,0,0,0,0,8.299999999999999,7.599966049194336,1.399991512298584,1.894463300704956,0,0.0,1.3749946355819702,0.49999737400721955,0.004982434707413459,1,1
1,0,40,-2.246227264404297,1.686084270477295,1.5701748132705688,3,0,0,1,0.0,0,0,0,1,8.82182489730488,7.4066009521484375,1.3516502380371094,1.5883593559265137,0,0.0,1.35304856300354,0.49215967578607894,0.27476721631453266,0,0
1,0,40,-2.246227264404297,1.686084270477295,1.5701748132705688,3,0,0,1,0.0,0,0,0,2,8.82182489730488,7.404384613037109,1.3510961532592773,1.5646584033966064,0,0.0,1.3525645732879639,0.4919864273430684,0.2781279957746573,0,0
1,0,50,-2.2476887702941895,1.9204412698745728,1.5816634893417358,3,0,0,1,0.0,0,0,0,0,8.099999999999998,7.599849700927734,1.3999624252319336,1.7150105237960815,0,0.0,1.3749923706054688,0.49999812717504355,0.004425144772353072,1,1
1,0,50,-2.2476887702941895,1.9204412698745728,1.5816634893417358,3,0,0,1,0.0,0,0,0,1,8.624633442061722,7.384784698486328,1.346196174621582,1.5644280910491943,0,0.0,1.3520324230194092,0.49179730533045063,0.28288648628505453,0,0
1,0,50,-2.2476887702941895,1.9204412698745728,1.5816634893417358,3,0,0,1,0.0,0,0,0,2,8.624633442061722,7.392740249633789,1.3481850624084473,1.564941167831421,0,0.0,1.352027416229248,0.49179538715263676,0.28308186437375177,0,0
1,0,60,-2.2507882118225098,2.1551640033721924,1.582728385925293,3,0,0,1,0.0,0,0,0,0,7.849999999999999,7.599834442138672,1.399958610534668,1.5068471431732178,0,0.0,1.3749865293502808,0.4999941586276453,0.0066773663240487545,1,1
1,0,60,-2.2507882118225098,2.1551640033721924,1.582728385925293,3,0,0,1,0.0,0,0,0,1,8.378408067339434,7.393766403198242,1.3484416007995605,1.5610315799713135,0,0.0,1.3528152704238892,0.49207578520995027,0.2827189184155068,0,0
1,0,60,-2.2507882118225098,2.1551640033721924,1.582728385925293,3,0,0,1,0.0,0,0,0,2,8.378408067339434,7.404003143310547,1.3510007858276367,1.5648086071014404,0,0.0,1.353214979171753,0.49221821478576216,0.28029388636305985,0,0
1,0,70,-2.2525317668914795,2.391216993331909,1.5754755735397339,3,0,0,1,0.0,0,0,0,0,7.599999999999999,7.599943161010742,1.3999857902526855,1.2817540168762207,0,0.0,1.374990463256836,0.49999681577911137,0.005152489321386776,1,1
1,0,70,-2.2525317668914795,2.391216993331909,1.5754755735397339,3,0,0,1,0.0,0,0,0,1,8.132511449126646,7.398639678955078,1.3496599197387695,1.344378113746643,0,0.0,1.3522566556930542,0.4918769838695526,0.27877045571122616,0,0
1,0,70,-2.2525317668914795,2.391216993331909,1.5754755735397339,3,0,0,1,0.0,0,0,0,2,8.132511449126646,7.403833389282227,1.3509583473205566,1.4514505863189697,0,0.0,1.3527010679244995,0.4920355278855138,0.2761077575286966,0,0
1,0,80,-2.2537784576416016,2.6261343955993652,1.575737476348877,3,0,0,1,0.0,0,0,0,0,7.349999999999999,7.599922180175781,1.3999805450439453,1.0876657962799072,0,0.0,1.374985933303833,0.4999949066382432,0.00662012740736751,1,1
1,0,80,-2.2537784576416016,2.6261343955993652,1.575737476348877,3,0,0,1,0.0,0,0,0,1,7.886988069905341,7.407308578491211,1.3518271446228027,1.1326980590820312,0,0.0,1.3529632091522217,0.4921293076512657,0.27756586676902983,0,0
1,0,80,-2.2537784576416016,2.6261343955993652,1.575737476348877,3,0,0,1,0.0,0,0,0,2,7.886988069905341,7.413112640380859,1.3532781600952148,1.2688076496124268,0,0.0,1.353538155555725,0.49233448603596036,0.27393352096570367,0,0
1,0,90,-2.2546098232269287,2.862886667251587,1.5748192071914673,3,0,0,1,0.0,0,0,0,0,7.137113338708876,7.41287899017334,1.399979591369629,0.9064804315567017,0,0.0,1.3749847412109375,0.4999934946289894,0.007572085978335171,1,1
1,0,90,-2.2546098232269287,2.862886667251587,1.5748192071914673,3,0,0,1,0.0,0,0,0,1,7.618560576770513,7.290329456329346,1.3641977310180664,0.9167693257331848,0,0.0,1.354725956916809,0.49275852218198984,0.2493099877516171,0,0
1,0,90,-2.2546098232269287,2.862886667251587,1.5748192071914673,3,0,0,1,0.0,0,0,0,2,7.6782469899265635,7.397621154785156,1.349405288696289,1.1272114515304565,0,0.0,1.3521702289581299,0.4918458161689698,0.2797364479552413,0,0
1,0,100,-2.253498077392578,3.09616756439209,1.5550196170806885,3,0,1,0,0.23661327362060547,0,0,0,0,6.903832441568373,7.060741424560547,1.3999271392822266,0.7305164337158203,0,0.0,1.374991774559021,0.499996161250979,0.0063718084693591475,1,0
1,0,100,-2.253498077392578,3.09616756439209,1.5550196170806885,3,0,1,0,0.23661327362060547,0,0,0,1,7.449909047545351,7.297354698181152,1.3488731384277344,0.9509309530258179,0,0.0,1.3534445762634277,0.4923015104432963,0.2801824839622964,0,1
1,0,100,-2.253498077392578,3.09616756439209,1.5550196170806885,3,0,1,0,0.23661327362060547,0,0,0,2,7.576872144595845,6.666799545288086,1.322464942932129,0.6884700059890747,0,0.0,1.3510761260986328,0.4914553661638588,0.30449544224141983,0,0
1,0,110,-2.247425079345703,3.331571340560913,1.5398362874984741,3,0,1,0,0.34926843643188477,0,0,0,0,6.755900181528915,6.771596431732178,1.3996977806091309,0.5864027142524719,0,0.0,1.374897837638855,0.4999575705598628,0.017990211195743528,1,0
1,0,110,-2.247425079345703,3.331571340560913,1.5398362874984741,3,0,1,0,0.34926843643188477,0,0,0,1,7.34896237921432,7.1208648681640625,1.316838264465332,0.9267560243606567,0,0.0,1.3524131774902344,0.4919268529369946,0.3130469833565351,0,1
1,0,110,-2.247425079345703,3.331571340560913,1.5398362874984741,3,0,1,0,0.34926843643188477,0,0,0,2,7.587348746186274,6.941560745239258,1.2353901863098145,1.040714144706726,0,0.0,1.343409776687622,0.48812061522395134,0.3103506774672829,0,0
1,0,120,-2.2378323078155518,3.5663976669311523,1.518603801727295,3,0,1,0,0.21376943588256836,0,0,0,0,6.644130443751651,6.448090076446533,1.3988447189331055,0.4263556897640228,0,0.0,1.3744031190872192,0.4997569724968004,0.040280513274276855,1,0
1,0,120,-2.2378323078155518,3.5663976669311523,1.518603801727295,3,0,1,0,0.21376943588256836,0,0,0,1,7.056665393029628,6.661859512329102,1.3305673599243164,0.6697951555252075,0,0.0,1.3507252931594849,0.49130043229753084,0.3289841587063354,0,1
1,0,120,-2.2378323078155518,3.5663976669311523,1.518603801727295,3,0,1,0,0.21376943588256836,0,0,0,2,7.294121410279168,6.614742279052734,1.2677602767944336,0.7718507051467896,0,0.0,1.3552528619766235,0.4929390344139445,0.28513356165377646,0,0
1,0,130,-2.221648693084717,3.800610303878784,1.4906195402145386,2,0,0,1,0.0,0,0,0,0,6.444609606703645,6.31300163269043,1.3972821235656738,0.3619365990161896,0,0.0,1.3747495412826538,0.4999082337844231,0.03161493585321588,1,1
1,0,130,-2.221648693084717,3.800610303878784,1.4906195402145386,2,0,0,1,0.0,0,0,0,1,6.876482037503011,6.191738128662109,1.3126983642578125,0.4704722464084625,0,0.0,1.3541898727416992,0.49256567919310207,0.3036984710266214,0,0
1,0,140,-2.2014002799987793,4.033577919006348,1.4830447435379028,2,0,0,1,0.0,0,0,0,0,6.242361642454653,5.889283180236816,1.3783950805664062,0.18785130977630615,0,0.0,1.3576014041900635,0.4937547411161241,0.14070263392623744,1,1
1,0,140,-2.2014002799987793,4.033577919006348,1.4830447435379028,2,0,0,1,0.0,0,0,0,1,6.68933610923699,5.785314559936523,1.3016362190246582,0.2893848419189453,0,0.0,1.35210120677948,0.4917903138525501,0.32962560522000134,0,0
1,0,150,-2.1813838481903076,4.264965057373047,1.482603907585144,2,0,1,0,0.22112655639648438,0,0,0,0,6.014124627121854,5.248334884643555,1.2964777946472168,0.031211815774440765,0,0.0,1.2837961912155151,0.4673461685168635,0.26456514114397417,1,0
1,0,150,-2.1813838481903076,4.264965057373047,1.482603907585144,2,0,1,0,0.22112655639648438,0,0,0,1,6.469827589241447,5.469461441040039,1.2975444793701172,0.13964183628559113,0,0.0,1.3481824398040771,0.4903408781154826,0.35506665038021784,0,1
1,0,230,-1.6341211795806885,6.015867710113525,1.345624327659607,2,0,0,1,0.0,0,0,0,0,4.103139157218859,1.924813985824585,0.4121890068054199,0.13802900910377502,0,0.0,0.4062390923500061,0.15244220636998218,0.09606136411702473,1,1
1,0,230,-1.6341211795806885,6.015867710113525,1.345624327659607,2,0,0,1,0.0,0,0,0,1,4.522164504963531,1.924813985824585,0.4121890068054199,0.13802900910377502,0,0.0,0.4062390923500061,0.15244220636998218,0.09606136411702473,0,0
1,0,240,-1.5949755907058716,6.246240615844727,1.4475276470184326,2,0,0,1,0.0,0,0,0,0,4.037165070943926,2.674318313598633,0.5926849842071533,0.15178918838500977,0,0.0,0.5895554423332214,0.21796325781576834,0.05361867178962598,1,1
1,0,240,-1.5949755907058716,6.246240615844727,1.4475276470184326,2,0,0,1,0.0,0,0,0,1,4.264965061818575,2.673797607421875,0.5925548076629639,0.15178918838500977,0,0.0,0.5893068313598633,0.21787461131508337,0.06515409778468814,0,0
1,0,250,-1.578428030014038,6.474786281585693,1.5340406894683838,3,0,2,0,0.15532231330871582,0,0,0,0,3.999085026192401,2.719926357269287,0.5912213325500488,0.17752057313919067,0,0.0,0.5854353308677673,0.21648094684088257,0.01589211007904712,1,0
1,0,250,-1.578428030014038,6.474786281585693,1.5340406894683838,3,0,2,0,0.15532231330871582,0,0,0,1,4.006383818170735,2.719510555267334,0.5911173820495605,0.17752057313919067,0,0.0,0.5852763652801514,0.216424133245058,0.02287700547608295,0,0
1,0,250,-1.578428030014038,6.474786281585693,1.5340406894683838,3,0,2,0,0.15532231330871582,0,0,0,2,4.686540282807419,2.875248670578003,0.6574392318725586,0.12274589389562607,0,0.0,0.644744873046875,0.23766309572700556,0.1951634945530938,0,1
1,0,260,-1.5753024816513062,6.705868244171143,1.5680757761001587,3,0,2,0,0.32418346405029297,0,0,0,0,3.872666135724034,3.196469783782959,0.7097291946411133,0.17877648770809174,0,0.0,0.7091163396835327,0.2602737468223234,0.0011869568555195897,1,0
1,0,260,-1.5753024816513062,6.705868244171143,1.5680757761001587,3,0,2,0,0.32418346405029297,0,0,0,1,3.8901894482121104,3.13598370552063,0.722881555557251,0.12222879379987717,0,0.0,0.7157094478607178,0.2626290043257945,0.13184252942050084,0,0
1,0,260,-1.5753024816513062,6.705868244171143,1.5680757761001587,3,0,2,0,0.32418346405029297,0,0,0,2,4.7150694991680275,3.520653247833252,0.8290820121765137,0.10216256976127625,0,0.0,0.8216737508773804,0.3004725953581941,0.2656075663246321,0,1
1,0,270,-1.5767229795455933,6.93663215637207,1.5858248472213745,3,0,0,1,0.0,0,0,0,0,3.7216211472615184,4.601672172546387,1.0606379508972168,0.1795601099729538,0,0.0,1.0767484903335571,0.3920290431690801,0.0068345574532290634,1,1
1,0,270,-1.5767229795455933,6.93663215637207,1.5858248472213745,3,0,0,1,0.0,0,0,0,1,3.721640076620201,4.517362594604492,1.06142258644104,0.1358361840248108,0,0.0,1.0542564392089844,0.3839954562383939,0.29000890907146243,0,0
1,0,270,-1.5767229795455933,6.93663215637207,1.5858248472213745,3,0,0,1,0.0,0,0,0,2,4.930471045383706,3.4423415660858154,0.8268935680389404,0.06738367676734924,0,0.0,0.8356329798698425,0.3059148157708925,0.29131442060873664,0,0
1,0,280,-1.5852246284484863,7.168817043304443,1.6200875043869019,3,0,1,0,20.142463207244873,1,0,1,0,3.4990328909968853,-15.431822776794434,1.1546565294265747,-0.025224484503269196,1,0.0,1.1834396123886108,0.4301511088549082,0.10956655786388216,1,0
1,0,280,-1.5852246284484863,7.168817043304443,1.6200875043869019,3,0,1,0,20.142463207244873,1,0,1,1,3.525581468185581,4.7106404304504395,1.1763191223144531,0.002681868150830269,0,0.0,1.180698037147522,0.4291716921863299,0.2806608361849114,0,1
1,0,280,-1.5852246284484863,7.168817043304443,1.6200875043869019,3,0,1,0,20.142463207244873,1,0,1,2,5.0631023081832485,3.136121988296509,0.7341794967651367,0.09970194846391678,0,0.0,0.7715006470680237,0.2830300109959837,0.4112627205748298,0,0
1,1,0,-2.25,1.0,1.5707963267948966,3,0,0,1,0.0,0,0,0,0,9.0,7.150001525878906,1.2875003814697266,1.8949999809265137,0,0.0,1.2850003242492676,0.45982142857142855,0.0,1,1
1,1,0,-2.25,1.0,1.5707963267948966,3,0,0,1,0.0,0,0,0,1,9.513236186146589,6.992805480957031,1.2482013702392578,1.6120399236679077,0,0.0,1.2636055946350098,0.45218076037786004,0.2523747889156115,0,0
1,1,0,-2.25,1.0,1.5707963267948966,3,0,0,1,0.0,0,0,0,2,9.513236186146589,6.992805480957031,1.2482013702392578,1.6120399236679077,0,0.0,1.2636055946350098,0.45218076037786004,0.25237478891561166,0,0
1,1,10,-2.252131462097168,1.0681453943252563,1.6243609189987183,3,0,0,1,0.0,0,0,0,0,8.95,7.464860916137695,1.3662152290344238,1.8447526693344116,0,0.0,1.3533369302749634,0.4881130916589142,0.03149939818238904,1,1
1,1,10,-2.252131462097168,1.0681453943252563,1.6243609189987183,3,0,0,1,0.0,0,0,0,1,9.463793281809847,7.257776260375977,1.3144440650939941,1.5391287803649902,0,0.0,1.3318159580230713,0.48042699105347225,0.30249938891747474,0,0
1,1,10,-2.252131462097168,1.0681453943252563,1.6243609189987183,3,0,0,1,0.0,0,0,0,2,9.463793281809847,7.2992401123046875,1.3248100280761719,1.6145884990692139,0,0.0,1.3335143327713013,0.48103362446071435,0.2923700433044911,0,0
1,1,20,-2.264166831970215,1.2348971366882324,1.6433980464935303,3,0,0,1,0.0,0,0,0,0,8.75,7.590015411376953,1.3975038528442383,1.8196775913238525,0,0.0,1.3742209672927856,0.49940299615627987,0.050075089164460164,1,1
1,1,20,-2.264166831970215,1.2348971366882324,1.6433980464935303,3,0,0,1,0.0,0,0,0,1,9.26610276253317,7.366752624511719,1.3416881561279297,1.5144670009613037,0,0.0,1.3504278659820557,0.49090512907039063,0.3220910311826036,0,0
1,1,20,-2.264166831970215,1.2348971366882324,1.6433980464935303,3,0,0,1,0.0,0,0,0,2,9.26610276253317,7.429893493652344,1.357473373413086,1.6387205123901367,0,0.0,1.354069709777832,0.4922058167190384,0.3002028936381444,0,0
1,1,30,-2.2759273052215576,1.466516137123108,1.5981998443603516,3,0,0,1,0.0,0,0,0,0,8.550204914590983,7.597019195556641,1.3992547988891602,1.8430507183074951,0,0.0,1.3748695850372314,0.49994776644730893,0.02391111756648077,1,1
1,1,30,-2.2759273052215576,1.466516137123108,1.5981998443603516,3,0,0,1,0.0,0,0,0,1,9.06082040629453,7.398908615112305,1.3497271537780762,1.6149011850357056,0,0.0,1.3508912324905396,0.4913841574486718,0.30152209400781527,0,0
1,1,30,-2.2759273052215576,1.466516137123108,1.5981998443603516,3,0,0,1,0.0,0,0,0,2,9.076648414228565,7.380254745483398,1.3450636863708496,1.4898985624313354,0,0.0,1.3535642623901367,0.4923387981683379,0.2845399358136171,0,0
1,1,40,-2.2779595851898193,1.7012983560562134,1.5730206966400146,3,0,0,1,0.0,0,0,0,0,8.3002136713115,7.598470687866211,1.3996176719665527,1.8437548875808716,0,0.0,1.3748488426208496,0.4999295697660525,0.026471833741981227,1,1
1,1,40,-2.2779595851898193,1.7012983560562134,1.5730206966400146,3,0,0,1,0.0,0,0,0,1,8.813795614018574,7.399980545043945,1.3499951362609863,1.6144267320632935,0,0.0,1.351580262184143,0.4916194157986881,0.3012835715606591,0,0
1,1,40,-2.2779595851898193,1.7012983560562134,1.5730206966400146,3,0,0,1,0.0,0,0,0,2,8.830235022619542,7.400373458862305,1.3500933647155762,1.5384920835494995,0,0.0,1.3543856143951416,0.4926213530071732,0.28326723174409363,0,0
1,1,50,-2.280524253845215,1.9353759288787842,1.593044400215149,3,0,0,1,0.0,0,0,0,0,8.050223209837263,7.597850799560547,1.3994626998901367,1.6977680921554565,0,0.0,1.3749254941940308,0.4999690345989491,0.01933826207883788,1,1
1,1,50,-2.280524253845215,1.9353759288787842,1.593044400215149,3,0,0,1,0.0,0,0,0,1,8.567011976328542,7.412498474121094,1.3531246185302734,1.6385598182678223,0,0.0,1.3519446849822998,0.4917615926910015,0.2916768817239426,0,0
1,1,50,-2.280524253845215,1.9353759288787842,1.593044400215149,3,0,0,1,0.0,0,0,0,2,8.58411117861617,7.395717620849609,1.3489294052124023,1.514553189277649,0,0.0,1.353743314743042,0.4924040301457174,0.2797814941816413,0,0
1,1,60,-2.289409637451172,2.170884609222412,1.6148401498794556,3,0,0,1,0.0,0,0,0,0,7.850231476520241,7.596488952636719,1.3991222381591797,1.454779863357544,0,0.0,1.3749209642410278,0.49997103937501436,0.017742772884659926,1,1
1,1,60,-2.289409637451172,2.170884609222412,1.6148401498794556,3,0,0,1,0.0,0,0,0,1,8.369778914365407,7.406373977661133,1.3515934944152832,1.5818595886230469,0,0.0,1.3518662452697754,0.4917371035490325,0.29520870112436615,0,0
1,1,60,-2.289409637451172,2.170884609222412,1.6148401498794556,3,0,0,1,0.0,0,0,0,2,8.387444715047044,7.363777160644531,1.3409442901611328,1.4896478652954102,0,0.0,1.3520333766937256,0.4917967714573757,0.29346355609438646,0,0
1,1,70,-2.299428701400757,2.4055936336517334,1.6088591814041138,3,0,0,1,0.0,0,0,0,0,7.600242712727235,7.597345352172852,1.399336338043213,1.2481683492660522,0,0.0,1.3748899698257446,0.49995504217072995,0.018864309579105617,1,1
1,1,70,-2.299428701400757,2.4055936336517334,1.6088591814041138,3,0,0,1,0.0,0,0,0,1,8.123509301822907,7.416963577270508,1.354240894317627,1.400853157043457,0,0.0,1.3533393144607544,0.49225834448160083,0.2897746138314455,0,0
1,1,70,-2.299428701400757,2.4055936336517334,1.6088591814041138,3,0,0,1,0.0,0,0,0,2,8.141937469843858,7.374868392944336,1.343717098236084,1.301291584968567,0,0.0,1.3524433374404907,0.4919381441631488,0.2950205189824186,0,0
1,1,80,-2.3058578968048096,2.6402690410614014,1.5879050493240356,3,0,0,1,0.0,0,0,0,0,7.350255095400645,7.599061965942383,1.3997654914855957,1.0484824180603027,0,0.0,1.3749361038208008,0.49997292818505173,0.014805036233871378,1,1
1,1,80,-2.3058578968048096,2.6402690410614014,1.5879050493240356,3,0,0,1,0.0,0,0,0,1,7.87757984230967,7.41478157043457,1.3536953926086426,1.2324098348617554,0,0.0,1.3530840873718262,0.4921682268008575,0.28132300194078663,0,0
1,1,80,-2.3058578968048096,2.6402690410614014,1.5879050493240356,3,0,0,1,0.0,0,0,0,2,7.896837824575627,7.38676643371582,1.346691608428955,1.1087568998336792,0,0.0,1.3518877029418945,0.4917412623568157,0.28844525183767733,0,0
1,1,90,-2.3061118125915527,2.8743860721588135,1.5607227087020874,3,0,2,0,0.08701562881469727,0,0,0,0,7.12588127072963,7.310866832733154,1.3999857902526855,0.8554617762565613,0,0.0,1.3749918937683105,0.4999974151995325,0.005786530232960908,1,0
1,1,90,-2.3061118125915527,2.8743860721588135,1.5607227087020874,3,0,2,0,0.08701562881469727,0,0,0,1,7.6166892142643565,7.207672119140625,1.3641996383666992,0.8754367828369141,0,0.0,1.3548369407653809,0.49279873059046914,0.24745001045644782,0,0
1,1,90,-2.3061118125915527,2.8743860721588135,1.5607227087020874,3,0,2,0,0.08701562881469727,0,0,0,2,7.657176455617099,7.397882461547852,1.349470615386963,1.0742918252944946,0,0.0,1.3520760536193848,0.4918126047802625,0.2788897261643039,0,1
1,1,100,-2.3002350330352783,3.109394073486328,1.5352966785430908,3,0,1,0,0.26995372772216797,0,0,0,0,6.890887416668485,6.989811420440674,1.399789810180664,0.6953261494636536,0,0.0,1.3748997449874878,0.4999586226736983,0.01793321120866711,1,0
1,1,100,-2.3002350330352783,3.109394073486328,1.5352966785430908,3,0,1,0,0.26995372772216797,0,0,0,1,7.426720148454255,7.259765148162842,1.3479533195495605,0.9339759945869446,0,0.0,1.3528984785079956,0.4921010777720441,0.2930633108650307,0,1
1,1,100,-2.3002350330352783,3.109394073486328,1.5352966785430908,3,0,1,0,0.26995372772216797,0,0,0,2,7.543337956623027,6.669915676116943,1.3291816711425781,0.6765944957733154,0,0.0,1.3516340255737305,0.4916496568961653,0.3096492434005649,0,0
1,1,110,-2.2905707359313965,3.3449344635009766,1.5275702476501465,3,0,1,0,0.36426448822021484,0,0,0,0,6.7405206331495275,6.700288772583008,1.3995132446289062,0.5511178970336914,0,0.0,1.3746954202651978,0.4998712551661331,0.03144527386634057,1,0
1,1,110,-2.2905707359313965,3.3449344635009766,1.5275702476501465,3,0,1,0,0.36426448822021484,0,0,0,1,7.323448313846201,7.064553260803223,1.3166499137878418,0.8989768624305725,0,0.0,1.3514533042907715,0.49157054196318445,0.3266691426991161,0,1
1,1,110,-2.2905707359313965,3.3449344635009766,1.5275702476501465,3,0,1,0,0.36426448822021484,0,0,0,2,7.559226874129649,6.960903167724609,1.2402257919311523,1.0099035501480103,0,0.0,1.345961332321167,0.48912153711465567,0.3033537726548143,0,0
1,1,120,-2.2784109115600586,3.57932186126709,1.5117777585983276,3,0,1,0,0.28194141387939453,0,0,0,0,6.6262118434115145,6.374135494232178,1.3986363410949707,0.38979509472846985,0,0.0,1.3740761280059814,0.49961350991388137,0.05334082827855532,1,0
1,1,120,-2.2784109115600586,3.57932186126709,1.5117777585983276,3,0,1,0,0.28194141387939453,0,0,0,1,7.031825263622184,6.656076908111572,1.3308305740356445,0.6663773655891418,0,0.0,1.3496298789978027,0.4908819510087626,0.3417439914342283,0,1
1,1,120,-2.2784109115600586,3.57932186126709,1.5117777585983276,3,0,1,0,0.28194141387939453,0,0,0,2,7.2664844106113655,6.546165466308594,1.2704596519470215,0.7321633100509644,0,0.0,1.354972004890442,0.4928464391718971,0.2825047912798221,0,0
1,1,130,-2.2613282203674316,3.813915491104126,1.4810080528259277,2,0,0,1,0.0,0,0,0,0,6.452142694295782,6.2608962059021,1.3951449394226074,0.34015822410583496,0,0.0,1.372387170791626,0.49904972028698974,0.07469092436002255,1,1
1,1,130,-2.2613282203674316,3.813915491104126,1.4810080528259277,2,0,0,1,0.0,0,0,0,1,6.884429920016871,6.167659759521484,1.3063182830810547,0.47119319438934326,0,0.0,1.3530747890472412,0.4921527275030989,0.3199640929288246,0,0
1,1,140,-2.2338643074035645,4.046236991882324,1.4368836879730225,2,0,0,1,0.0,0,0,0,0,6.249940577835879,5.806412696838379,1.3585906028747559,0.1860252469778061,0,0.0,1.340820550918579,0.4876571544496927,0.20568123233285787,1,1
1,1,140,-2.2338643074035645,4.046236991882324,1.4368836879730225,2,0,0,1,0.0,0,0,0,1,6.695588662369595,5.754897594451904,1.2785325050354004,0.32038381695747375,0,0.0,1.3493481874465942,0.49070332390465016,0.3507281958886704,0,0
1,1,150,-2.2007946968078613,4.277641296386719,1.424471378326416,2,0,1,0,0.2909064292907715,0,0,0,0,6.001632834858231,5.182043552398682,1.2847247123718262,0.021572239696979523,0,0.0,1.2771470546722412,0.4649595352291679,0.27430603113189556,1,0
1,1,150,-2.2007946968078613,4.277641296386719,1.424471378326416,2,0,1,0,0.2909064292907715,0,0,0,1,6.457840888227066,5.472949981689453,1.2865662574768066,0.1633424013853073,0,0.0,1.349624752998352,0.49084492946552977,0.3523482673685433,0,1
1,1,230,-1.654927372932434,6.044920444488525,1.348825454711914,2,0,0,1,0.0,0,0,0,0,4.095307275946132,1.5752549171447754,0.3411424160003662,0.10534261167049408,0,0.0,0.33268648386001587,0.12598979055008835,0.09326311400239708,1,1
1,1,230,-1.654927372932434,6.044920444488525,1.348825454711914,2,0,0,1,0.0,0,0,0,1,4.381363018352193,1.5752549171447754,0.3411424160003662,0.10534261167049408,0,0.0,0.33268648386001587,0.12598979055008835,0.09326311400239708,0,0
1,1,240,-1.614842176437378,6.272367000579834,1.433456301689148,2,0,1,0,0.017322540283203125,0,0,0,0,4.043855119808598,2.4862568378448486,0.5569586753845215,0.12921111285686493,0,0.0,0.5530806183815002,0.20480109820847106,0.05938937316569347,1,0
1,1,240,-1.614842176437378,6.272367000579834,1.433456301689148,2,0,1,0,0.017322540283203125,0,0,0,1,4.279059917007925,2.5035793781280518,0.5612893104553223,0.12921111285686493,0,0.0,0.5569018125534058,0.20616590317353628,0.08432120531391707,0,1
1,1,250,-1.5939079523086548,6.4994964599609375,1.5137670040130615,3,0,2,0,0.1652989387512207,0,0,0,0,3.9701820692494607,2.9426021575927734,0.6583337783813477,0.154633566737175,0,0.0,0.6557901501655579,0.24148322454966,0.024709484979676927,1,0
1,1,250,-1.5939079523086548,6.4994964599609375,1.5137670040130615,3,0,2,0,0.1652989387512207,0,0,0,1,3.9862703063252587,2.942720413208008,0.6583633422851562,0.154633566737175,0,0.0,0.6553305387496948,0.24131908456578957,0.04622815091834013,0,0
1,1,250,-1.5939079523086548,6.4994964599609375,1.5137670040130615,3,0,2,0,0.1652989387512207,0,0,0,2,4.669455143478531,3.107901096343994,0.7176246643066406,0.11870122700929642,0,0.0,0.7063027620315552,0.2595235015343852,0.2194517518721477,0,1
1,1,260,-1.5897409915924072,6.730738162994385,1.581285834312439,3,0,1,0,0.029523611068725586,0,0,0,0,3.872458754778452,3.7736220359802246,0.8723154067993164,0.14218026399612427,0,0.0,0.8637111186981201,0.31573937159576576,0.19605106827731095,1,0
1,1,260,-1.5897409915924072,6.730738162994385,1.581285834312439,3,0,1,0,0.029523611068725586,0,0,0,1,3.9022153278052625,3.80314564704895,0.8694238662719727,0.1627250760793686,0,0.0,0.8722473382949829,0.3187875950918488,0.007584036493086174,0,1
1,1,260,-1.5897409915924072,6.730738162994385,1.581285834312439,3,0,1,0,0.029523611068725586,0,0,0,2,4.747165740836258,3.726205825805664,0.8719742298126221,0.11915451288223267,0,0.0,0.8654337525367737,0.31635459062612625,0.2747528575128902,0,0
1,1,270,-1.5968167781829834,6.961719512939453,1.613288402557373,3,0,1,0,0.15199899673461914,0,0,0,0,3.7089540022175225,4.816442966461182,1.1208313703536987,0.1665586680173874,0,0.0,1.1154216527938843,0.4058898545944161,0.3082098936871002,1,0
1,1,270,-1.5968167781829834,6.961719512939453,1.613288402557373,3,0,1,0,0.15199899673461914,0,0,0,1,3.7319618882548586,4.968441963195801,1.1413078308105469,0.2016054093837738,0,0.0,1.1559906005859375,0.42037807703629415,0.019418276302173347,0,1
1,1,270,-1.5968167781829834,6.961719512939453,1.613288402557373,3,0,1,0,0.15199899673461914,0,0,0,2,4.918739592104264,3.4748694896698,0.8236603736877441,0.0901140347123146,0,0.0,0.8329550623893738,0.3050082601174779,0.285752135169225,0,0
1,1,280,-1.6046730279922485,7.1928911209106445,1.5863467454910278,3,0,2,0,18.50018548965454,1,0,1,0,3.5094075677739136,-15.346657752990723,1.1849504709243774,-0.04322979226708412,1,0.0,1.1891371011734009,0.43202959670063124,0.3015171969932698,1,0
1,1,280,-1.6046730279922485,7.1928911209106445,1.5863467454910278,3,0,2,0,18.50018548965454,1,0,1,1,3.5109253615075744,-15.537971496582031,1.1367523670196533,-0.042490407824516296,1,0.0,1.1723432540893555,0.42603087703569414,0.11546098514241367,0,0
1,1,280,-1.6046730279922485,7.1928911209106445,1.5863467454910278,3,0,2,0,18.50018548965454,1,0,1,2,5.102007571322388,3.1535277366638184,0.7212951183319092,0.13417360186576843,0,0.0,0.7603894472122192,0.2789052934273396,0.42127203961723897,0,1
5,0,0,-2.25,1.0,1.5707963267948966,3,0,0,1,0.0,0,0,0,0,9.0,7.150001525878906,1.2875003814697266,1.8949999809265137,0,0.0,1.2850003242492676,0.45982142857142855,0.0,1,1
5,0,0,-2.25,1.0,1.5707963267948966,3,0,0,1,0.0,0,0,0,1,9.513236186146589,6.992805480957031,1.2482013702392578,1.6120399236679077,0,0.0,1.2636055946350098,0.45218076037786004,0.2523747889156115,0,0
5,0,0,-2.25,1.0,1.5707963267948966,3,0,0,1,0.0,0,0,0,2,9.513236186146589,6.992805480957031,1.2482013702392578,1.6120399236679077,0,0.0,1.2636055946350098,0.45218076037786004,0.25237478891561166,0,0
5,0,10,-2.2493691444396973,1.0683510303497314,1.5572539567947388,3,0,0,1,0.0,0,0,0,0,8.95,7.467267990112305,1.3668169975280762,1.8945108652114868,0,0.0,1.3534741401672363,0.4881587320359878,0.007073459404834525,1,1
5,0,10,-2.2493691444396973,1.0683510303497314,1.5572539567947388,3,0,0,1,0.0,0,0,0,1,9.463793281809847,7.285696029663086,1.3214240074157715,1.5892372131347656,0,0.0,1.3329665660858154,0.48083440650032705,0.2759820275548221,0,0
5,0,10,-2.2493691444396973,1.0683510303497314,1.5572539567947388,3,0,0,1,0.0,0,0,0,2,9.463793281809847,7.275457382202148,1.318864345550537,1.5645002126693726,0,0.0,1.3325837850570679,0.48069775594556,0.27808929979988783,0,0
5,0,20,-2.247762680053711,1.2233102321624756,1.5650391578674316,3,0,0,1,0.0,0,0,0,0,8.799999999999999,7.587762832641602,1.3969407081604004,1.894482970237732,0,0.0,1.3747185468673706,0.4989092929293397,0.005269078761768749,1,1
5,0,20,-2.247762680053711,1.2233102321624756,1.5650391578674316,3,0,0,1,0.0,0,0,0,1,9.31551287810118,7.387655258178711,1.3469138145446777,1.5646470785140991,0,0.0,1.3535209894180298,0.4913382612790332,0.2801105553387825,0,0
5,0,20,-2.247762680053711,1.2233102321624756,1.5650391578674316,3,0,0,1,0.0,0,0,0,2,9.31551287810118,7.381641387939453,1.3454103469848633,1.5646183490753174,0,0.0,1.3530724048614502,0.49117807682171033,0.28305902444730807,0,0
5,0,30,-2.2470500469207764,1.4506596326828003,1.5666232109069824,3,0,0,1,0.0,0,0,0,0,8.549999999999999,7.599941253662109,1.3999853134155273,1.8944354057312012,0,0.0,1.3749892711639404,0.499996709974128,0.005235958467032617,1,1
5,0,30,-2.2470500469207764,1.4506596326828003,1.5666232109069824,3,0,0,1,0.0,0,0,0,1,9.0685506996768,7.404453277587891,1.3511133193969727,1.5647401809692383,0,0.0,1.3533709049224854,0.4922749036605466,0.27738276968061254,0,0
5,0,30,-2.2470500469207764,1.4506596326828003,1.5666232109069824,3,0,0,1,0.0,0,0,0,2,9.0685506996768,7.399585723876953,1.3498964309692383,1.564458966255188,0,0.0,1.352891445159912,0.4921037149869568,0.2804074968653456,0,0
5,0,40,-2.246227264404297,1.686084270477295,1.5701748132705688,3,0,0,1,0.0,0,0,0,0,8.299999999999999,7.599966049194336,1.399991512298584,1.894463300704956,0,0.0,1.3749946355819702,0.49999737400721955,0.004982434707413459,1,1
5,0,40,-2.246227264404297,1.686084270477295,1.5701748132705688,3,0,0,1,0.0,0,0,0,1,8.82182489730488,7.4066009521484375,1.3516502380371094,1.5883593559265137,0,0.0,1.35304856300354,0.49215967578607894,0.27476721631453266,0,0
5,0,40,-2.246227264404297,1.686084270477295,1.5701748132705688,3,0,0,1,0.0,0,0,0,2,8.82182489730488,7.404384613037109,1.3510961532592773,1.5646584033966064,0,0.0,1.3525645732879639,0.4919864273430684,0.2781279957746573,0,0
5,0,50,-2.2476887702941895,1.9204412698745728,1.5816634893417358,3,0,0,1,0.0,0,0,0,0,8.099999999999998,7.599849700927734,1.3999624252319336,1.894751787185669,0,0.0,1.3749923706054688,0.49999812717504355,0.004425144772353072,1,1
5,0,50,-2.2476887702941895,1.9204412698745728,1.5816634893417358,3,0,0,1,0.0,0,0,0,1,8.624633442061722,7.384784698486328,1.346196174621582,1.5644280910491943,0,0.0,1.3520324230194092,0.49179730533045063,0.28288648628505453,0,0
5,0,50,-2.2476887702941895,1.9204412698745728,1.5816634893417358,3,0,0,1,0.0,0,0,0,2,8.624633442061722,7.392740249633789,1.3481850624084473,1.564941167831421,0,0.0,1.352027416229248,0.49179538715263676,0.28308186437375177,0,0
5,0,60,-2.2507882118225098,2.1551640033721924,1.582728385925293,3,0,0,1,0.0,0,0,0,0,7.849999999999999,7.599834442138672,1.399958610534668,1.8943061828613281,0,0.0,1.3749865293502808,0.4999941586276453,0.0066773663240487545,1,1
5,0,60,-2.2507882118225098,2.1551640033721924,1.582728385925293,3,0,0,1,0.0,0,0,0,1,8.378408067339434,7.393766403198242,1.3484416007995605,1.564521074295044,0,0.0,1.3528152704238892,0.49207578520995027,0.2827189184155068,0,0
5,0,60,-2.2507882118225098,2.1551640033721924,1.582728385925293,3,0,0,1,0.0,0,0,0,2,8.378408067339434,7.404003143310547,1.3510007858276367,1.5648086071014404,0,0.0,1.353214979171753,0.49221821478576216,0.28029388636305985,0,0
5,0,70,-2.2525317668914795,2.391216993331909,1.5754755735397339,3,0,0,1,0.0,0,0,0,0,7.599999999999999,7.599943161010742,1.3999857902526855,1.894468903541565,0,0.0,1.374990463256836,0.49999681577911137,0.005152489321386776,1,1
5,0,70,-2.2525317668914795,2.391216993331909,1.5754755735397339,3,0,0,1,0.0,0,0,0,1,8.132511449126646,7.398639678955078,1.3496599197387695,1.564644455909729,0,0.0,1.3522566556930542,0.4918769838695526,0.27877045571122616,0,0
5,0,70,-2.2525317668914795,2.391216993331909,1.5754755735397339,3,0,0,1,0.0,0,0,0,2,8.132511449126646,7.403833389282227,1.3509583473205566,1.5883911848068237,0,0.0,1.3527010679244995,0.4920355278855138,0.2761077575286966,0,0
5,0,80,-2.2537784576416016,2.6261343955993652,1.575737476348877,3,0,0,1,0.0,0,0,0,0,7.349999999999999,7.599922180175781,1.3999805450439453,1.8269476890563965,0,0.0,1.374985933303833,0.4999949066382432,0.00662012740736751,1,1
5,0,80,-2.2537784576416016,2.6261343955993652,1.575737476348877,3,0,0,1,0.0,0,0,0,1,7.886988069905341,7.407308578491211,1.3518271446228027,1.5644663572311401,0,0.0,1.3529632091522217,0.4921293076512657,0.27756586676902983,0,0
5,0,80,-2.2537784576416016,2.6261343955993652,1.575737476348877,3,0,0,1,0.0,0,0,0,2,7.886988069905341,7.413112640380859,1.3532781600952148,1.5884448289871216,0,0.0,1.353538155555725,0.49233448603596036,0.27393352096570367,0,0
5,0,90,-2.25461745262146,2.8628933429718018,1.5749727487564087,3,0,0,1,0.0,0,0,0,0,7.1371066629886615,7.599918365478516,1.399979591369629,1.5816965103149414,0,0.0,1.3749849796295166,0.49999335157999825,0.007648036416587738,1,1
5,0,90,-2.25461745262146,2.8628933429718018,1.5749727487564087,3,0,0,1,0.0,0,0,0,1,7.678240449430755,7.3915557861328125,1.3478889465332031,1.5574572086334229,0,0.0,1.3514708280563354,0.49159563667185846,0.28397766056457285,0,0
5,0,90,-2.25461745262146,2.8628933429718018,1.5749727487564087,3,0,0,1,0.0,0,0,0,2,7.678240449430755,7.397695541381836,1.349423885345459,1.5574828386306763,0,0.0,1.3521738052368164,0.491846635663505,0.2797823381499823,0,0
5,0,100,-2.2545323371887207,3.0966711044311523,1.565800428390503,3,0,0,1,0.0,0,0,0,0,6.903328901529311,7.599941253662109,1.3999853134155273,1.3623524904251099,0,0.0,1.3749983310699463,0.4999982624476207,0.004630259009297997,1,1
5,0,100,-2.2545323371887207,3.0966711044311523,1.565800428390503,3,0,0,1,0.0,0,0,0,1,7.449416669100316,7.402162551879883,1.3505406379699707,1.444130539894104,0,0.0,1.3532047271728516,0.49221590376011054,0.27962097053330814,0,0
5,0,100,-2.2545323371887207,3.0966711044311523,1.565800428390503,3,0,0,1,0.0,0,0,0,2,7.449416669100316,7.400545120239258,1.3501362800598145,1.4000797271728516,0,0.0,1.3536549806594849,0.4923766327848168,0.2763995130605043,0,0
5,0,110,-2.252577781677246,3.331584930419922,1.5612099170684814,3,0,0,1,0.0,0,0,0,0,6.668415045738219,7.5998687744140625,1.3999671936035156,1.1449875831604004,0,0.0,1.3749926090240479,0.49999872769208015,0.003786422350305316,1,1
5,0,110,-2.252577781677246,3.331584930419922,1.5612099170684814,3,0,0,1,0.0,0,0,0,1,7.219963324895867,7.40418815612793,1.3510470390319824,1.2491685152053833,0,0.0,1.3533885478973389,0.4922818886382179,0.2786007878850478,0,0
5,0,110,-2.252577781677246,3.331584930419922,1.5612099170684814,3,0,0,1,0.0,0,0,0,2,7.219963324895867,7.397531509399414,1.3493828773498535,1.1985539197921753,0,0.0,1.353470802307129,0.49231113462005943,0.27781084515025817,0,0
5,0,120,-2.2497096061706543,3.5669758319854736,1.555566430091858,3,0,1,0,0.009046554565429688,0,0,0,0,6.433024144172667,7.397777557373047,1.3999319076538086,0.8990248441696167,0,0.0,1.3749821186065674,0.4999918096301307,0.008005679471370594,1,0
5,0,120,-2.2497096061706543,3.5669758319854736,1.555566430091858,3,0,1,0,0.009046554565429688,0,0,0,1,6.990602352783904,7.406824111938477,1.3517060279846191,1.0298991203308105,0,0.0,1.3536301851272583,0.49236683694385,0.28055501742266503,0,1
5,0,120,-2.2497096061706543,3.5669758319854736,1.555566430091858,3,0,1,0,0.009046554565429688,0,0,0,2,6.990602352783904,7.342090606689453,1.3484091758728027,0.9742270112037659,0,0.0,1.3532005548477173,0.49221318621383897,0.28314524891489284,0,0
5,0,130,-2.2482223510742188,3.8032054901123047,1.5760295391082764,3,0,1,0,0.15862655639648438,0,0,0,0,6.196794486045836,7.000088691711426,1.399993896484375,0.7000564932823181,0,0.0,1.3750025033950806,0.4999996519278284,0.002033672880254086,1,0
5,0,130,-2.2482223510742188,3.8032054901123047,1.5760295391082764,3,0,1,0,0.15862655639648438,0,0,0,1,6.761075411926324,7.15871524810791,1.3495407104492188,0.8802762031555176,0,0.0,1.3534778356552124,0.4923140246513492,0.27626266350357265,0,1
5,0,130,-2.2482223510742188,3.8032054901123047,1.5760295391082764,3,0,1,0,0.15862655639648438,0,0,0,2,6.86013495154376,6.776342868804932,1.3281340599060059,0.7319033145904541,0,0.0,1.3528131246566772,0.4920765890909502,0.2976725590975514,0,0
5,0,140,-2.2531256675720215,4.036839962005615,1.6036081314086914,3,0,1,0,0.2604403495788574,0,0,0,0,5.963160014152526,6.598817348480225,1.399648666381836,0.5001114010810852,0,0.0,1.374880075454712,0.49994961783681,0.019499458791263635,1,0
5,0,140,-2.2531256675720215,4.036839962005615,1.6036081314086914,3,0,1,0,0.2604403495788574,0,0,0,1,6.534819031553766,6.859257698059082,1.345731258392334,0.7381663918495178,0,0.0,1.3526898622512817,0.49202495677538405,0.29458843903944976,0,1
5,0,140,-2.2531256675720215,4.036839962005615,1.6036081314086914,3,0,1,0,0.2604403495788574,0,0,0,2,6.635785592814286,6.415345191955566,1.332129955291748,0.5434126257896423,0,0.0,1.3533806800842285,0.492271096384924,0.30722210704926267,0,0
5,0,150,-2.2620420455932617,4.270698547363281,1.6070313453674316,3,0,2,0,0.4762129783630371,0,0,0,0,5.72930142879486,6.289022445678711,1.399460792541504,0.3455895483493805,0,0.0,1.3747310638427734,0.4998841393524878,0.03036305011924369,1,0
5,0,150,-2.2620420455932617,4.270698547363281,1.6070313453674316,3,0,2,0,0.4762129783630371,0,0,0,1,6.3092227765897855,6.545955657958984,1.3443717956542969,0.5842342376708984,0,0.0,1.3519530296325684,0.4917486146873066,0.30518847882484684,0,0
5,0,150,-2.2620420455932617,4.270698547363281,1.6070313453674316,3,0,2,0,0.4762129783630371,0,0,0,2,6.554093402653628,6.765235424041748,1.2801542282104492,0.8223091959953308,0,0.0,1.3527767658233643,0.49204359822346017,0.3080678954516088,0,1
5,0,160,-2.2687673568725586,4.505722999572754,1.595155119895935,3,0,2,0,0.6020278930664062,0,0,0,0,5.494276976585387,5.946519374847412,1.3951787948608398,0.18290218710899353,0,0.0,1.370327115058899,0.49830786234233876,0.033086993950568584,1,0
5,0,160,-2.2687673568725586,4.505722999572754,1.595155119895935,3,0,2,0,0.6020278930664062,0,0,0,1,6.083550226954971,6.316417694091797,1.345046043395996,0.46811679005622864,0,0.0,1.3516262769699097,0.49162928270828715,0.3076957930234374,0,0
5,0,160,-2.2687673568725586,4.505722999572754,1.595155119895935,3,0,2,0,0.6020278930664062,0,0,0,2,6.333839904148602,6.548547267913818,1.2810587882995605,0.7121561169624329,0,0.0,1.3518977165222168,0.49172611342146816,0.31358855113028056,0,1
5,0,170,-2.275606870651245,4.73996114730835,1.5963670015335083,3,0,2,0,0.6524443626403809,0,0,0,0,5.260483746547734,5.705558776855469,1.3494267463684082,0.15392594039440155,0,0.0,1.3251574039459229,0.48219286079066487,0.02365041926779812,1,0
5,0,170,-2.275606870651245,4.73996114730835,1.5963670015335083,3,0,2,0,0.6524443626403809,0,0,0,1,5.875542490583172,6.108523845672607,1.3453624248504639,0.36353710293769836,0,0.0,1.3546092510223389,0.4927117566766393,0.28043144395097924,0,0
5,0,170,-2.275606870651245,4.73996114730835,1.5963670015335083,3,0,2,0,0.6524443626403809,0,0,0,2,6.135417254350562,6.35800313949585,1.2774217128753662,0.6241582036018372,0,0.0,1.3553588390350342,0.49298008696578205,0.29087527947200076,0,1
5,0,180,-2.2810072898864746,4.97416877746582,1.5950032472610474,3,0,2,0,0.8063735961914062,0,0,0,0,5.026316552421838,5.301774501800537,1.2485473155975342,0.15379266440868378,0,0.0,1.224149465560913,0.4461222685027448,0.017466801909612133,1,0
5,0,180,-2.2810072898864746,4.97416877746582,1.5950032472610474,3,0,2,0,0.8063735961914062,0,0,0,1,5.654497995570859,5.8199968338012695,1.3289036750793457,0.2521909475326538,0,0.0,1.3372422456741333,0.4865124847114345,0.27723844730287667,0,0
5,0,180,-2.2810072898864746,4.97416877746582,1.5950032472610474,3,0,2,0,0.8063735961914062,0,0,0,2,5.921088549601167,6.108148097991943,1.2759544849395752,0.5021651387214661,0,0.0,1.3549649715423584,0.49284193025283285,0.2916928474361529,0,1
5,0,190,-2.288330078125,5.209204196929932,1.6095631122589111,3,0,2,0,1.0307507514953613,0,0,0,0,4.791329843943783,4.823588848114014,1.1164979934692383,0.17879849672317505,0,0.0,1.092278242111206,0.39902704506632525,0.014926207127222863,1,0
5,0,190,-2.288330078125,5.209204196929932,1.6095631122589111,3,0,2,0,1.0307507514953613,0,0,0,1,5.4346811884352935,5.1186628341674805,1.1841940879821777,0.19094312191009521,0,0.0,1.1839265823364258,0.4317591316272387,0.25606793321017834,0,0
5,0,190,-2.288330078125,5.209204196929932,1.6095631122589111,3,0,2,0,1.0307507514953613,0,0,0,2,5.708737274927689,5.854339599609375,1.2705378532409668,0.38609403371810913,0,0.0,1.3548569679260254,0.4928052244023489,0.2893651143708823,0,1
5,0,200,-2.297412872314453,5.443181991577148,1.6041938066482544,3,0,1,0,0.14431524276733398,0,0,0,0,4.557411332051358,4.234501361846924,0.9691941738128662,0.17886225879192352,0,0.0,0.9446981549263,0.346317260815459,0.014499888250615729,1,0
5,0,200,-2.297412872314453,5.443181991577148,1.6041938066482544,3,0,1,0,0.14431524276733398,0,0,0,1,5.2183248253644585,4.378816604614258,1.0082871913909912,0.1728339046239853,0,0.0,0.9949516654014587,0.36426554171969505,0.20707699491009016,0,1
5,0,200,-2.297412872314453,5.443181991577148,1.6041938066482544,3,0,1,0,0.14431524276733398,0,0,0,2,5.245066681342957,4.185948848724365,0.9684126377105713,0.15614914894104004,0,0.0,0.9439221024513245,0.3460403566500553,0.06673822853917807,0,0
5,0,210,-2.3088207244873047,5.6747260093688965,1.6394495964050293,3,0,2,0,0.05919837951660156,0,0,0,0,4.325940536802175,3.636734962463379,0.8208024501800537,0.1767626255750656,0,0.0,0.7969121932983398,0.2935035405738876,0.03991821465347854,1,0
5,0,210,-2.3088207244873047,5.6747260093688965,1.6394495964050293,3,0,2,0,0.05919837951660156,0,0,0,1,4.9702556402081886,3.619980573654175,0.817206859588623,0.1755765974521637,0,0.0,0.7934427261352539,0.2922647371676859,0.12356954940912382,0,0
5,0,210,-2.3088207244873047,5.6747260093688965,1.6394495964050293,3,0,2,0,0.05919837951660156,0,0,0,2,5.00725772878916,3.6959333419799805,0.8356020450592041,0.1767626255750656,0,0.0,0.8150558471679688,0.2999830589023952,0.15742256900696772,0,1
5,0,220,-2.328291893005371,5.904569149017334,1.6677515506744385,3,0,0,1,0.0,0,0,0,0,4.098466863241894,3.558619976043701,0.7781825065612793,0.2229449599981308,0,0.0,0.7568941116333008,0.2789700416716235,0.03538615694589196,1,1
5,0,220,-2.328291893005371,5.904569149017334,1.6677515506744385,3,0,0,1,0.0,0,0,0,1,4.735648224571905,3.527371406555176,0.7725086212158203,0.21866847574710846,0,0.0,0.7508823871612549,0.2768229345446745,0.11943453801065936,0,0
5,0,220,-2.328291893005371,5.904569149017334,1.6677515506744385,3,0,0,1,0.0,0,0,0,2,4.825181726814439,3.518324375152588,0.779686689376831,0.19978880882263184,0,0.0,0.7602970004081726,0.28018514953981327,0.11763930983944608,0,0
5,0,230,-2.354044198989868,6.1331562995910645,1.6946461200714111,3,0,0,1,0.0,0,0,0,0,3.87036838236775,3.3880491256713867,0.733618974685669,0.22678667306900024,0,0.0,0.7157614827156067,0.2629929090162325,0.05953367732545434,1,1
5,0,230,-2.354044198989868,6.1331562995910645,1.6946461200714111,3,0,0,1,0.0,0,0,0,1,4.529585491823027,3.3824644088745117,0.7322227954864502,0.22678667306900024,0,0.0,0.7140278220176697,0.26237355545724667,0.10334438267828602,0,0
5,0,230,-2.354044198989868,6.1331562995910645,1.6946461200714111,3,0,0,1,0.0,0,0,0,2,4.627549552264993,3.338329315185547,0.7308998107910156,0.2073650062084198,0,0.0,0.7137598395347595,0.26227744537324155,0.10898885944407748,0,0
5,0,240,-2.3840901851654053,6.361686706542969,1.69966459274292,3,0,0,1,0.0,0,0,0,0,3.6477431736643187,4.541616439819336,1.01021146774292,0.25038519501686096,0,0.0,0.9961249828338623,0.36319628962127243,0.04805823379453537,1,1
5,0,240,-2.3840901851654053,6.361686706542969,1.69966459274292,3,0,0,1,0.0,0,0,0,1,4.30416760613505,4.485770225524902,0.9992172718048096,0.24445053935050964,0,0.0,0.9835515022277832,0.35870563267651406,0.20324341859887704,0,0
5,0,240,-2.3840901851654053,6.361686706542969,1.69966459274292,3,0,0,1,0.0,0,0,0,2,4.465705065692119,4.4433465003967285,0.9885411262512207,0.24459101259708405,0,0.0,0.9833393096923828,0.35862965175142697,0.20374409356903628,0,0
5,0,250,-2.410020112991333,6.5902509689331055,1.6709072589874268,3,0,0,1,0.0,0,0,0,0,3.421400219112312,5.422497272491455,1.2296838760375977,0.2518808841705322,0,0.0,1.2162142992019653,0.4415027655822817,0.056304136999343384,1,1
5,0,250,-2.410020112991333,6.5902509689331055,1.6709072589874268,3,0,0,1,0.0,0,0,0,1,4.107465002172117,5.342587947845459,1.2097065448760986,0.2518808841705322,0,0.0,1.1985082626342773,0.43517888516716435,0.2746647783873693,0,0
5,0,250,-2.410020112991333,6.5902509689331055,1.6709072589874268,3,0,0,1,0.0,0,0,0,2,4.286246092434935,5.224043369293213,1.180070400238037,0.2518808841705322,0,0.0,1.1956760883331299,0.4341675748138041,0.2928706646700191,0,0
5,0,260,-2.4292147159576416,6.82003927230835,1.637578010559082,3,0,0,1,0.0,0,0,0,0,3.2068637943521208,5.896552562713623,1.3501240015029907,0.2480282485485077,0,0.0,1.340741515159607,0.48608073970771265,0.025475689031884515,1,1
5,0,260,-2.4292147159576416,6.82003927230835,1.637578010559082,3,0,0,1,0.0,0,0,0,1,3.889162028459819,5.793941497802734,1.3244712352752686,0.2480282485485077,0,0.0,1.3196208477020264,0.4785373773857522,0.2910725020115322,0,0
5,0,260,-2.4292147159576416,6.82003927230835,1.637578010559082,3,0,0,1,0.0,0,0,0,2,4.153879604645882,5.611658096313477,1.278900384902954,0.2480282485485077,0,0.0,1.320803165435791,0.47895927863013965,0.2807474363081833,0,0
5,0,270,-2.4382057189941406,7.050416469573975,1.5884556770324707,3,0,0,1,0.0,0,0,0,0,2.9881299091863736,6.134549617767334,1.3921682834625244,0.2829382121562958,0,0.0,1.3749797344207764,0.4999910494377436,0.01026866247587915,1,1
5,0,270,-2.4382057189941406,7.050416469573975,1.5884556770324707,3,0,0,1,0.0,0,0,0,1,3.7093688498706925,6.002256393432617,1.3590949773788452,0.2829382121562958,0,0.0,1.3528704643249512,0.49209551833633886,0.285045395552184,0,0
5,0,270,-2.4382057189941406,7.050416469573975,1.5884556770324707,3,0,0,1,0.0,0,0,0,2,4.057499721566787,5.779163360595703,1.3033217191696167,0.2829382121562958,0,0.0,1.3515288829803467,0.4916170403030055,0.3112687081699362,0,0
5,0,280,-2.43835186958313,7.286839485168457,1.556538701057434,3,0,0,1,0.0,0,0,0,0,2.770160717708055,6.392500877380371,1.3933371305465698,0.40957605838775635,0,0.0,1.3748801946640015,0.4999464932072707,0.02030364040923659,1,1
5,0,280,-2.43835186958313,7.286839485168457,1.556538701057434,3,0,0,1,0.0,0,0,0,1,3.664242080409086,6.209603309631348,1.347612738609314,0.40957605838775635,0,0.0,1.3518176078796387,0.49171286534583125,0.30900037044143,0,0
5,0,280,-2.43835186958313,7.286839485168457,1.556538701057434,3,0,0,1,0.0,0,0,0,2,4.031783812853002,5.935502052307129,1.2806270122528076,0.40649712085723877,0,0.0,1.3536971807479858,0.4923616817849788,0.2993602838780673,0,0
5,1,0,-2.25,1.0,1.5707963267948966,3,0,0,1,0.0,0,0,0,0,9.0,7.150001525878906,1.2875003814697266,1.8949999809265137,0,0.0,1.2850003242492676,0.45982142857142855,0.0,1,1
5,1,0,-2.25,1.0,1.5707963267948966,3,0,0,1,0.0,0,0,0,1,9.513236186146589,6.992805480957031,1.2482013702392578,1.6120399236679077,0,0.0,1.2636055946350098,0.45218076037786004,0.2523747889156115,0,0
5,1,0,-2.25,1.0,1.5707963267948966,3,0,0,1,0.0,0,0,0,2,9.513236186146589,6.992805480957031,1.2482013702392578,1.6120399236679077,0,0.0,1.2636055946350098,0.45218076037786004,0.25237478891561166,0,0
5,1,10,-2.252131462097168,1.0681453943252563,1.6243609189987183,3,0,0,1,0.0,0,0,0,0,8.95,7.464860916137695,1.3662152290344238,1.8447526693344116,0,0.0,1.3533369302749634,0.4881130916589142,0.03149939818238904,1,1
5,1,10,-2.252131462097168,1.0681453943252563,1.6243609189987183,3,0,0,1,0.0,0,0,0,1,9.463793281809847,7.257776260375977,1.3144440650939941,1.5391287803649902,0,0.0,1.3318159580230713,0.48042699105347225,0.30249938891747474,0,0
5,1,10,-2.252131462097168,1.0681453943252563,1.6243609189987183,3,0,0,1,0.0,0,0,0,2,9.463793281809847,7.2992401123046875,1.3248100280761719,1.6145884990692139,0,0.0,1.3335143327713013,0.48103362446071435,0.2923700433044911,0,0
5,1,20,-2.264166831970215,1.2348971366882324,1.6433980464935303,3,0,0,1,0.0,0,0,0,0,8.75,7.590015411376953,1.3975038528442383,1.8196775913238525,0,0.0,1.3742209672927856,0.49940299615627987,0.050075089164460164,1,1
5,1,20,-2.264166831970215,1.2348971366882324,1.6433980464935303,3,0,0,1,0.0,0,0,0,1,9.26610276253317,7.366752624511719,1.3416881561279297,1.5144670009613037,0,0.0,1.3504278659820557,0.49090512907039063,0.3220910311826036,0,0
5,1,20,-2.264166831970215,1.2348971366882324,1.6433980464935303,3,0,0,1,0.0,0,0,0,2,9.26610276253317,7.429893493652344,1.357473373413086,1.6387205123901367,0,0.0,1.354069709777832,0.4922058167190384,0.3002028936381444,0,0
5,1,30,-2.2759273052215576,1.466516137123108,1.5981998443603516,3,0,0,1,0.0,0,0,0,0,8.550204914590983,7.597019195556641,1.3992547988891602,1.8430507183074951,0,0.0,1.3748695850372314,0.49994776644730893,0.02391111756648077,1,1
5,1,30,-2.2759273052215576,1.466516137123108,1.5981998443603516,3,0,0,1,0.0,0,0,0,1,9.06082040629453,7.398908615112305,1.3497271537780762,1.6149011850357056,0,0.0,1.3508912324905396,0.4913841574486718,0.30152209400781527,0,0
5,1,30,-2.2759273052215576,1.466516137123108,1.5981998443603516,3,0,0,1,0.0,0,0,0,2,9.076648414228565,7.380254745483398,1.3450636863708496,1.4898985624313354,0,0.0,1.3535642623901367,0.4923387981683379,0.2845399358136171,0,0
5,1,40,-2.2779595851898193,1.7012983560562134,1.5730206966400146,3,0,0,1,0.0,0,0,0,0,8.3002136713115,7.598470687866211,1.3996176719665527,1.8437548875808716,0,0.0,1.3748488426208496,0.4999295697660525,0.026471833741981227,1,1
5,1,40,-2.2779595851898193,1.7012983560562134,1.5730206966400146,3,0,0,1,0.0,0,0,0,1,8.813795614018574,7.399980545043945,1.3499951362609863,1.6144267320632935,0,0.0,1.351580262184143,0.4916194157986881,0.3012835715606591,0,0
5,1,40,-2.2779595851898193,1.7012983560562134,1.5730206966400146,3,0,0,1,0.0,0,0,0,2,8.830235022619542,7.400373458862305,1.3500933647155762,1.5384920835494995,0,0.0,1.3543856143951416,0.4926213530071732,0.28326723174409363,0,0
5,1,50,-2.280524253845215,1.9353759288787842,1.593044400215149,3,0,0,1,0.0,0,0,0,0,8.050223209837263,7.597850799560547,1.3994626998901367,1.8434895277023315,0,0.0,1.3749254941940308,0.4999690345989491,0.01933826207883788,1,1
5,1,50,-2.280524253845215,1.9353759288787842,1.593044400215149,3,0,0,1,0.0,0,0,0,1,8.567011976328542,7.412498474121094,1.3531246185302734,1.6385598182678223,0,0.0,1.3519446849822998,0.4917615926910015,0.2916768817239426,0,0
5,1,50,-2.280524253845215,1.9353759288787842,1.593044400215149,3,0,0,1,0.0,0,0,0,2,8.58411117861617,7.395717620849609,1.3489294052124023,1.514553189277649,0,0.0,1.353743314743042,0.4924040301457174,0.2797814941816413,0,0
5,1,60,-2.289409637451172,2.170884609222412,1.6148401498794556,3,0,0,1,0.0,0,0,0,0,7.850231476520241,7.596488952636719,1.3991222381591797,1.8190076351165771,0,0.0,1.3749209642410278,0.49997103937501436,0.017742772884659926,1,1
5,1,60,-2.289409637451172,2.170884609222412,1.6148401498794556,3,0,0,1,0.0,0,0,0,1,8.369778914365407,7.406373977661133,1.3515934944152832,1.639742374420166,0,0.0,1.3518662452697754,0.4917371035490325,0.29520870112436615,0,0
5,1,60,-2.289409637451172,2.170884609222412,1.6148401498794556,3,0,0,1,0.0,0,0,0,2,8.387444715047044,7.363777160644531,1.3409442901611328,1.4896478652954102,0,0.0,1.3520333766937256,0.4917967714573757,0.29346355609438646,0,0
5,1,70,-2.299428701400757,2.4055936336517334,1.6088591814041138,3,0,0,1,0.0,0,0,0,0,7.600242712727235,7.597345352172852,1.399336338043213,1.818225383758545,0,0.0,1.3748899698257446,0.49995504217072995,0.018864309579105617,1,1
5,1,70,-2.299428701400757,2.4055936336517334,1.6088591814041138,3,0,0,1,0.0,0,0,0,1,8.123509301822907,7.416963577270508,1.354240894317627,1.6398518085479736,0,0.0,1.3533393144607544,0.49225834448160083,0.2897746138314455,0,0
5,1,70,-2.299428701400757,2.4055936336517334,1.6088591814041138,3,0,0,1,0.0,0,0,0,2,8.141937469843858,7.374868392944336,1.343717098236084,1.4894847869873047,0,0.0,1.3524433374404907,0.4919381441631488,0.2950205189824186,0,0
5,1,80,-2.3058578968048096,2.6402690410614014,1.5879050493240356,3,0,0,1,0.0,0,0,0,0,7.350255095400645,7.599061965942383,1.3997654914855957,1.802997350692749,0,0.0,1.3749361038208008,0.49997292818505173,0.014805036233871378,1,1
5,1,80,-2.3058578968048096,2.6402690410614014,1.5879050493240356,3,0,0,1,0.0,0,0,0,1,7.87757984230967,7.41478157043457,1.3536953926086426,1.6394425630569458,0,0.0,1.3530840873718262,0.4921682268008575,0.28132300194078663,0,0
5,1,80,-2.3058578968048096,2.6402690410614014,1.5879050493240356,3,0,0,1,0.0,0,0,0,2,7.896837824575627,7.38676643371582,1.346691608428955,1.5143694877624512,0,0.0,1.3518877029418945,0.4917412623568157,0.28844525183767733,0,0
5,1,90,-2.306154727935791,2.8744020462036133,1.56136155128479,3,0,0,1,0.0,0,0,0,0,7.125865297598127,7.599939346313477,1.3999848365783691,1.5927871465682983,0,0.0,1.3749914169311523,0.4999973188685605,0.005893353045706409,1,1
5,1,90,-2.306154727935791,2.8744020462036133,1.56136155128479,3,0,0,1,0.0,0,0,0,1,7.657160777174436,7.398159027099609,1.3495397567749023,1.6033059358596802,0,0.0,1.3520864248275757,0.4918167123934727,0.2788772870415063,0,0
5,1,90,-2.306154727935791,2.8744020462036133,1.56136155128479,3,0,0,1,0.0,0,0,0,2,7.677228547288866,7.391122817993164,1.347780704498291,1.5118796825408936,0,0.0,1.3515751361846924,0.49163387700511146,0.2821245642030739,0,0
5,1,100,-2.30159068107605,3.1090571880340576,1.5465466976165771,3,0,0,1,0.0,0,0,0,0,6.891224280769,7.599729537963867,1.3999323844909668,1.3684751987457275,0,0.0,1.3749637603759766,0.4999845802810528,0.011243433165998403,1,1
5,1,100,-2.30159068107605,3.1090571880340576,1.5465466976165771,3,0,0,1,0.0,0,0,0,1,7.427050205271273,7.397434234619141,1.3493585586547852,1.41056227684021,0,0.0,1.3531891107559204,0.4922082974067484,0.2861455428919368,0,0
5,1,100,-2.30159068107605,3.1090571880340576,1.5465466976165771,3,0,0,1,0.0,0,0,0,2,7.4480392050847115,7.404890060424805,1.3512225151062012,1.4487791061401367,0,0.0,1.353610634803772,0.4923589580302489,0.2838078138642372,0,0
5,1,110,-2.2966156005859375,3.3452577590942383,1.555665373802185,3,0,0,1,0.0,0,0,0,0,6.655039489940548,7.59980583190918,1.399951457977295,1.1283543109893799,0,0.0,1.3749632835388184,0.4999843132189996,0.011067854222866864,1,1
5,1,110,-2.2966156005859375,3.3452577590942383,1.555665373802185,3,0,0,1,0.0,0,0,0,1,7.195872161580256,7.399702072143555,1.3499255180358887,1.188950538635254,0,0.0,1.3529895544052124,0.4921371779706552,0.286117375859045,0,0
5,1,110,-2.2966156005859375,3.3452577590942383,1.555665373802185,3,0,0,1,0.0,0,0,0,2,7.217875746342189,7.401861190795898,1.3504652976989746,1.2418091297149658,0,0.0,1.353808879852295,0.4924291441276561,0.2808579101441305,0,0
5,1,120,-2.294316530227661,3.580225706100464,1.567805528640747,3,0,0,1,0.0,0,0,0,0,6.420089136935336,7.451206207275391,1.3999228477478027,0.9257572889328003,0,0.0,1.3749831914901733,0.4999923042568515,0.00846123780437276,1,1
5,1,120,-2.294316530227661,3.580225706100464,1.567805528640747,3,0,0,1,0.0,0,0,0,1,6.966414569099312,7.366096496582031,1.350959300994873,0.9811297655105591,0,0.0,1.353010654449463,0.49214613907347143,0.28344756826818684,0,0
5,1,120,-2.294316530227661,3.580225706100464,1.567805528640747,3,0,0,1,0.0,0,0,0,2,6.989526813523108,7.396493911743164,1.349123477935791,1.077411413192749,0,0.0,1.3538224697113037,0.4924355417692544,0.27796898610710047,0,0
5,1,130,-2.2958624362945557,3.816772699356079,1.5883373022079468,3,0,2,0,0.1874685287475586,0,0,0,0,6.1835620927284625,7.026613712310791,1.399707317352295,0.7138922214508057,0,0.0,1.3749834299087524,0.4999950065452605,0.007050455517187486,1,0
5,1,130,-2.2958624362945557,3.816772699356079,1.5883373022079468,3,0,2,0,0.1874685287475586,0,0,0,1,6.673581810433076,7.012260913848877,1.366487979888916,0.7731544971466064,0,0.0,1.354988694190979,0.4928530229219564,0.24827580213430211,0,0
5,1,130,-2.2958624362945557,3.816772699356079,1.5883373022079468,3,0,2,0,0.1874685287475586,0,0,0,2,6.760359530653977,7.21408224105835,1.3463797569274902,0.9142816066741943,0,0.0,1.3534541130065918,0.4923049239557283,0.2806044024899347,0,1
5,1,140,-2.3034682273864746,4.052792072296143,1.6116715669631958,3,0,1,0,0.25336408615112305,0,0,0,0,5.947565313590989,6.661029815673828,1.3991141319274902,0.5322865843772888,0,0.0,1.3748222589492798,0.49992550522405327,0.023849415714280807,1,0
5,1,140,-2.3034682273864746,4.052792072296143,1.6116715669631958,3,0,1,0,0.25336408615112305,0,0,0,1,6.5325394293925605,6.914393901824951,1.3425087928771973,0.7721793055534363,0,0.0,1.3525162935256958,0.4919591671429355,0.29892336902214645,0,1
5,1,140,-2.3034682273864746,4.052792072296143,1.6116715669631958,3,0,1,0,0.25336408615112305,0,0,0,2,6.6064037028340845,6.450124263763428,1.3355751037597656,0.5539119839668274,0,0.0,1.353417158126831,0.4922809902922736,0.3100469773486081,0,0
5,1,150,-2.314833402633667,4.288394927978516,1.6226295232772827,3,0,2,0,0.3386697769165039,0,0,0,0,5.71198827255875,6.344198226928711,1.3985066413879395,0.3750858008861542,0,0.0,1.374474048614502,0.4997771184854001,0.04119137394833906,1,0
5,1,150,-2.314833402633667,4.288394927978516,1.6226295232772827,3,0,2,0,0.3386697769165039,0,0,0,1,6.306101326814781,6.631831169128418,1.3396682739257812,0.6365789175033569,0,0.0,1.3513060808181763,0.49150286024330736,0.31587807291256276,0,0
5,1,150,-2.314833402633667,4.288394927978516,1.6226295232772827,3,0,2,0,0.3386697769165039,0,0,0,2,6.554761839360734,6.682868003845215,1.2719712257385254,0.7974915504455566,0,0.0,1.3528556823730469,0.49205643728403636,0.3090866495609797,0,1
5,1,160,-2.3259222507476807,4.52296781539917,1.6104379892349243,3,0,2,0,0.5596742630004883,0,0,0,0,5.478683493247376,6.098555564880371,1.3981714248657227,0.2529350221157074,0,0.0,1.374904751777649,0.49996421510962785,0.02146262980021566,1,0
5,1,160,-2.3259222507476807,4.52296781539917,1.6104379892349243,3,0,2,0,0.5596742630004883,0,0,0,1,6.0971984856776835,6.422445774078369,1.341132640838623,0.5289576649665833,0,0.0,1.3544284105300903,0.49265036632407433,0.28052543689496773,0,0
5,1,160,-2.3259222507476807,4.52296781539917,1.6104379892349243,3,0,2,0,0.5596742630004883,0,0,0,2,6.354865521597485,6.658229827880859,1.270573616027832,0.7879675626754761,0,0.0,1.3557714223861694,0.4931300668275814,0.2855057784407778,0,1
5,1,170,-2.3363394737243652,4.756037712097168,1.6223654747009277,3,0,2,0,0.5224575996398926,0,0,0,0,5.245751383640764,5.897426128387451,1.361257791519165,0.22619745135307312,0,0.0,1.3382797241210938,0.4868841456873932,0.020236670224448323,1,0
5,1,170,-2.3363394737243652,4.756037712097168,1.6223654747009277,3,0,2,0,0.5224575996398926,0,0,0,1,5.876695869184229,6.197636127471924,1.3381705284118652,0.42247703671455383,0,0.0,1.3535823822021484,0.4923485417042728,0.2895170911196052,0,0
5,1,170,-2.3363394737243652,4.756037712097168,1.6223654747009277,3,0,2,0,0.5224575996398926,0,0,0,2,6.1405566997843115,6.419883728027344,1.2655456066131592,0.678850531578064,0,0.0,1.3553332090377808,0.49297522878315686,0.28690064935822784,0,1
5,1,180,-2.3517651557922363,4.990408420562744,1.646420955657959,3,0,2,0,0.5670285224914551,0,0,0,0,5.011544366535442,5.587477207183838,1.2719786167144775,0.24978137016296387,0,0.0,1.2497371435165405,0.45523448472932965,0.04034611246084815,1,0
5,1,180,-2.3517651557922363,4.990408420562744,1.646420955657959,3,0,2,0,0.5670285224914551,0,0,0,1,5.6567470241118665,5.986157417297363,1.3314638137817383,0.3301510810852051,0,0.0,1.3508219718933105,0.4913360736883047,0.31547179648853624,0,0
5,1,180,-2.3517651557922363,4.990408420562744,1.646420955657959,3,0,2,0,0.5670285224914551,0,0,0,2,5.9274723677526975,6.154505729675293,1.2567999362945557,0.5636528730392456,0,0.0,1.3546459674835205,0.4927016741898443,0.2955874092788138,0,1
5,1,190,-2.370471715927124,5.223743438720703,1.6538482904434204,3,0,2,0,0.7777786254882812,0,0,0,0,4.778405040493,5.127253532409668,1.156646728515625,0.2503332197666168,0,0.0,1.1343276500701904,0.413965485652152,0.06166258442803603,1,0
5,1,190,-2.370471715927124,5.223743438720703,1.6538482904434204,3,0,2,0,0.7777786254882812,0,0,0,1,5.4399368899784815,5.453369140625,1.2291553020477295,0.268373966217041,0,0.0,1.2413088083267212,0.45217276520936167,0.31769832929646774,0,0
5,1,190,-2.370471715927124,5.223743438720703,1.6538482904434204,3,0,2,0,0.7777786254882812,0,0,0,2,5.718208282472242,5.905032157897949,1.2507803440093994,0.4509553909301758,0,0.0,1.35276198387146,0.49197751826382047,0.31127333124091205,0,1
5,1,200,-2.389854907989502,5.456651210784912,1.6544005870819092,3,0,2,0,0.24613571166992188,0,0,0,0,4.548716167704169,4.96078634262085,1.1042635440826416,0.2718660831451416,0,0.0,1.0835778713226318,0.3959059618763134,0.035110781324351276,1,0
5,1,200,-2.389854907989502,5.456651210784912,1.6544005870819092,3,0,2,0,0.24613571166992188,0,0,0,1,5.181176329808633,4.747749328613281,1.073801040649414,0.22627252340316772,0,0.0,1.053263783454895,0.38507937791639535,0.19024365136623642,0,0
5,1,200,-2.389854907989502,5.456651210784912,1.6544005870819092,3,0,2,0,0.24613571166992188,0,0,0,2,5.247151747061434,5.2069220542907715,1.165797472000122,0.2718660831451416,0,0.0,1.1758806705474854,0.4288710088679507,0.26889095134066354,0,1
5,1,210,-2.408905029296875,5.69167423248291,1.6430705785751343,3,0,2,0,0.06600141525268555,0,0,0,0,4.314369870134543,4.565200328826904,1.0059547424316406,0.2706906497478485,0,0.0,0.984105110168457,0.3603544096322572,0.04157069416480435,1,0
5,1,210,-2.408905029296875,5.69167423248291,1.6430705785751343,3,0,2,0,0.06600141525268555,0,0,0,1,4.912497304855659,4.340080738067627,0.9594128131866455,0.2512146532535553,0,0.0,0.9388707280158997,0.34419931589876895,0.20592670574104235,0,0
5,1,210,-2.408905029296875,5.69167423248291,1.6430705785751343,3,0,2,0,0.06600141525268555,0,0,0,2,5.036533029157249,4.63120174407959,1.042719841003418,0.23016129434108734,0,0.0,1.0382813215255737,0.3797029685445889,0.23742418236098953,0,1
5,1,220,-2.424259662628174,5.924420356750488,1.6379318237304688,3,0,0,1,0.0,0,0,0,0,4.082485677303762,4.368959426879883,0.952918291091919,0.27864307165145874,0,0.0,0.9305623173713684,0.3411989511059523,0.05425137759876456,1,1
5,1,220,-2.424259662628174,5.924420356750488,1.6379318237304688,3,0,0,1,0.0,0,0,0,1,4.697230862361822,4.260165214538574,0.9260897636413574,0.27790307998657227,0,0.0,0.9040932655334473,0.33174665321127755,0.18137069924278443,0,0
5,1,220,-2.424259662628174,5.924420356750488,1.6379318237304688,3,0,0,1,0.0,0,0,0,2,4.832429454533457,4.31330680847168,0.9715638160705566,0.21352583169937134,0,0.0,0.9593565464019775,0.35148325258927166,0.21569045307704432,0,0
5,1,230,-2.439333915710449,6.154341697692871,1.6326103210449219,3,0,0,1,0.0,0,0,0,0,3.8599157290418162,4.961297512054443,1.0915534496307373,0.2975417673587799,0,0.0,1.0751644372940063,0.39164609057004995,0.023225615587149178,1,1
5,1,230,-2.439333915710449,6.154341697692871,1.6326103210449219,3,0,0,1,0.0,0,0,0,1,4.466907242612246,4.868610382080078,1.0683784484863281,0.2975482642650604,0,0.0,1.0523080825805664,0.38348272656288435,0.20965018533938853,0,0
5,1,230,-2.439333915710449,6.154341697692871,1.6326103210449219,3,0,0,1,0.0,0,0,0,2,4.664039518108998,4.7915778160095215,1.0671162605285645,0.2615564465522766,0,0.0,1.0655642747879028,0.38821731180763,0.21218177009762204,0,0
5,1,240,-2.4532604217529297,6.384607791900635,1.6310174465179443,3,0,0,1,0.0,0,0,0,0,3.6324293725122194,5.2758893966674805,1.1703126430511475,0.29731935262680054,0,0.0,1.1549139022827148,0.419897451259676,0.031357521828467246,1,1
5,1,240,-2.4532604217529297,6.384607791900635,1.6310174465179443,3,0,0,1,0.0,0,0,0,1,4.260298803177381,5.195655822753906,1.151698112487793,0.2944316565990448,0,0.0,1.1375466585159302,0.41369464534599987,0.2410269985988774,0,0
5,1,240,-2.4532604217529297,6.384607791900635,1.6310174465179443,3,0,0,1,0.0,0,0,0,2,4.47746978321528,5.1115312576293945,1.1308977603912354,0.293969988822937,0,0.0,1.1362147331237793,0.41321898617728664,0.249581472568601,0,0
5,1,250,-2.4670653343200684,6.615489482879639,1.62454092502594,3,0,0,1,0.0,0,0,0,0,3.405672582452958,5.865482330322266,1.313683271408081,0.3053746819496155,0,0.0,1.300216555595398,0.47155950710718025,0.043499925222806914,1,1
5,1,250,-2.4670653343200684,6.615489482879639,1.62454092502594,3,0,0,1,0.0,0,0,0,1,4.059537928754692,5.767199516296387,1.2891125679016113,0.3053746819496155,0,0.0,1.2811150550842285,0.46473728708448636,0.2814684372723013,0,0
5,1,250,-2.4670653343200684,6.615489482879639,1.62454092502594,3,0,0,1,0.0,0,0,0,2,4.300231088195719,5.613323211669922,1.2506434917449951,0.3053746819496155,0,0.0,1.2779603004455566,0.4636110989856651,0.3021068508012536,0,0
5,1,260,-2.475644111633301,6.847931861877441,1.5965694189071655,3,0,0,1,0.0,0,0,0,0,3.1952515041754377,6.145420551300049,1.3757245540618896,0.32126113772392273,0,0.0,1.3650565147399902,0.4952013900818896,0.023286767158028365,1,1
5,1,260,-2.475644111633301,6.847931861877441,1.5965694189071655,3,0,0,1,0.0,0,0,0,1,3.8375151340229836,6.032960891723633,1.3476096391677856,0.32126113772392273,0,0.0,1.34306800365448,0.4873490355352614,0.2938925157309241,0,0
5,1,260,-2.475644111633301,6.847931861877441,1.5965694189071655,3,0,0,1,0.0,0,0,0,2,4.167104123356573,5.835824012756348,1.300559401512146,0.31679317355155945,0,0.0,1.3411836624145508,0.4866755529103751,0.32054905347129,0,0
5,1,270,-2.480919361114502,7.07951545715332,1.591687798500061,3,0,0,1,0.0,0,0,0,0,2.9819403670017057,6.223495960235596,1.387524127960205,0.3366996645927429,0,0.0,1.374929666519165,0.49997264556724674,0.018311973823103365,1,1
5,1,270,-2.480919361114502,7.07951545715332,1.591687798500061,3,0,0,1,0.0,0,0,0,1,3.7085483111432485,6.091543197631836,1.3545359373092651,0.3366996645927429,0,0.0,1.3504548072814941,0.4912300835797129,0.3015974930572244,0,0
5,1,270,-2.480919361114502,7.07951545715332,1.591687798500061,3,0,0,1,0.0,0,0,0,2,4.058694663397375,5.8821587562561035,1.302189826965332,0.3366996645927429,0,0.0,1.3490867614746094,0.4907425113017588,0.3201000028133754,0,0
5,1,280,-2.484506368637085,7.3144402503967285,1.5820354223251343,3,0,0,1,0.0,0,0,0,0,2.763980536946356,6.4644060134887695,1.3858745098114014,0.46045389771461487,0,0.0,1.3749456405639648,0.4999771844157735,0.016249757521756236,1,1
5,1,280,-2.484506368637085,7.3144402503967285,1.5820354223251343,3,0,0,1,0.0,0,0,0,1,3.6077130441289977,6.333549976348877,1.3531605005264282,0.46045389771461487,0,0.0,1.3519022464752197,0.4917473393517064,0.3047192091363132,0,0
5,1,280,-2.484506368637085,7.3144402503967285,1.5820354223251343,3,0,0,1,0.0,0,0,0,2,3.974869562749844,6.103729248046875,1.296701431274414,0.4584617018699646,0,0.0,1.3522685766220093,0.4918387771610537,0.3090422238167277,0,0
20,0,0,-2.25,1.0,1.5707963267948966,3,0,0,1,0.0,0,0,0,0,9.0,7.150001525878906,1.2875003814697266,1.8949999809265137,0,0.0,1.2850003242492676,0.45982142857142855,0.0,1,1
20,0,0,-2.25,1.0,1.5707963267948966,3,0,0,1,0.0,0,0,0,1,9.513236186146589,6.992805480957031,1.2482013702392578,1.6120399236679077,0,0.0,1.2636055946350098,0.45218076037786004,0.2523747889156115,0,0
20,0,0,-2.25,1.0,1.5707963267948966,3,0,0,1,0.0,0,0,0,2,9.513236186146589,6.992805480957031,1.2482013702392578,1.6120399236679077,0,0.0,1.2636055946350098,0.45218076037786004,0.25237478891561166,0,0
20,0,10,-2.2493691444396973,1.0683510303497314,1.5572539567947388,3,0,0,1,0.0,0,0,0,0,8.95,7.467267990112305,1.3668169975280762,1.8945108652114868,0,0.0,1.3534741401672363,0.4881587320359878,0.007073459404834525,1,1
20,0,10,-2.2493691444396973,1.0683510303497314,1.5572539567947388,3,0,0,1,0.0,0,0,0,1,9.463793281809847,7.285696029663086,1.3214240074157715,1.5892372131347656,0,0.0,1.3329665660858154,0.48083440650032705,0.2759820275548221,0,0
20,0,10,-2.2493691444396973,1.0683510303497314,1.5572539567947388,3,0,0,1,0.0,0,0,0,2,9.463793281809847,7.275457382202148,1.318864345550537,1.5645002126693726,0,0.0,1.3325837850570679,0.48069775594556,0.27808929979988783,0,0
20,0,20,-2.247762680053711,1.2233102321624756,1.5650391578674316,3,0,0,1,0.0,0,0,0,0,8.799999999999999,7.587762832641602,1.3969407081604004,1.894482970237732,0,0.0,1.3747185468673706,0.4989092929293397,0.005269078761768749,1,1
20,0,20,-2.247762680053711,1.2233102321624756,1.5650391578674316,3,0,0,1,0.0,0,0,0,1,9.31551287810118,7.387655258178711,1.3469138145446777,1.5646470785140991,0,0.0,1.3535209894180298,0.4913382612790332,0.2801105553387825,0,0
20,0,20,-2.247762680053711,1.2233102321624756,1.5650391578674316,3,0,0,1,0.0,0,0,0,2,9.31551287810118,7.381641387939453,1.3454103469848633,1.5646183490753174,0,0.0,1.3530724048614502,0.49117807682171033,0.28305902444730807,0,0
20,0,30,-2.2470500469207764,1.4506596326828003,1.5666232109069824,3,0,0,1,0.0,0,0,0,0,8.549999999999999,7.599941253662109,1.3999853134155273,1.8944354057312012,0,0.0,1.3749892711639404,0.499996709974128,0.005235958467032617,1,1
20,0,30,-2.2470500469207764,1.4506596326828003,1.5666232109069824,3,0,0,1,0.0,0,0,0,1,9.0685506996768,7.404453277587891,1.3511133193969727,1.5647401809692383,0,0.0,1.3533709049224854,0.4922749036605466,0.27738276968061254,0,0
20,0,30,-2.2470500469207764,1.4506596326828003,1.5666232109069824,3,0,0,1,0.0,0,0,0,2,9.0685506996768,7.399585723876953,1.3498964309692383,1.564458966255188,0,0.0,1.352891445159912,0.4921037149869568,0.2804074968653456,0,0
20,0,40,-2.246227264404297,1.686084270477295,1.5701748132705688,3,0,0,1,0.0,0,0,0,0,8.299999999999999,7.599966049194336,1.399991512298584,1.894463300704956,0,0.0,1.3749946355819702,0.49999737400721955,0.004982434707413459,1,1
20,0,40,-2.246227264404297,1.686084270477295,1.5701748132705688,3,0,0,1,0.0,0,0,0,1,8.82182489730488,7.4066009521484375,1.3516502380371094,1.5883593559265137,0,0.0,1.35304856300354,0.49215967578607894,0.27476721631453266,0,0
20,0,40,-2.246227264404297,1.686084270477295,1.5701748132705688,3,0,0,1,0.0,0,0,0,2,8.82182489730488,7.404384613037109,1.3510961532592773,1.5646584033966064,0,0.0,1.3525645732879639,0.4919864273430684,0.2781279957746573,0,0
20,0,50,-2.2476887702941895,1.9204412698745728,1.5816634893417358,3,0,0,1,0.0,0,0,0,0,8.099999999999998,7.599849700927734,1.3999624252319336,1.894751787185669,0,0.0,1.3749923706054688,0.49999812717504355,0.004425144772353072,1,1
20,0,50,-2.2476887702941895,1.9204412698745728,1.5816634893417358,3,0,0,1,0.0,0,0,0,1,8.624633442061722,7.384784698486328,1.346196174621582,1.5644280910491943,0,0.0,1.3520324230194092,0.49179730533045063,0.28288648628505453,0,0
20,0,50,-2.2476887702941895,1.9204412698745728,1.5816634893417358,3,0,0,1,0.0,0,0,0,2,8.624633442061722,7.392740249633789,1.3481850624084473,1.564941167831421,0,0.0,1.352027416229248,0.49179538715263676,0.28308186437375177,0,0
20,0,60,-2.2507882118225098,2.1551640033721924,1.582728385925293,3,0,0,1,0.0,0,0,0,0,7.849999999999999,7.599834442138672,1.399958610534668,1.7772961854934692,0,0.0,1.3749865293502808,0.4999941586276453,0.0066773663240487545,1,1
20,0,60,-2.2507882118225098,2.1551640033721924,1.582728385925293,3,0,0,1,0.0,0,0,0,1,8.378408067339434,7.393766403198242,1.3484416007995605,1.564521074295044,0,0.0,1.3528152704238892,0.49207578520995027,0.2827189184155068,0,0
20,0,60,-2.2507882118225098,2.1551640033721924,1.582728385925293,3,0,0,1,0.0,0,0,0,2,8.378408067339434,7.404003143310547,1.3510007858276367,1.5648086071014404,0,0.0,1.353214979171753,0.49221821478576216,0.28029388636305985,0,0
20,0,70,-2.2525317668914795,2.391216993331909,1.5754755735397339,3,0,0,1,0.0,0,0,0,0,7.599999999999999,7.599943161010742,1.3999857902526855,1.5662506818771362,0,0.0,1.374990463256836,0.49999681577911137,0.005152489321386776,1,1
20,0,70,-2.2525317668914795,2.391216993331909,1.5754755735397339,3,0,0,1,0.0,0,0,0,1,8.132511449126646,7.398639678955078,1.3496599197387695,1.564644455909729,0,0.0,1.3522566556930542,0.4918769838695526,0.27877045571122616,0,0
20,0,70,-2.2525317668914795,2.391216993331909,1.5754755735397339,3,0,0,1,0.0,0,0,0,2,8.132511449126646,7.403833389282227,1.3509583473205566,1.5883911848068237,0,0.0,1.3527010679244995,0.4920355278855138,0.2761077575286966,0,0
20,0,80,-2.2537784576416016,2.6261343955993652,1.575737476348877,3,0,0,1,0.0,0,0,0,0,7.349999999999999,7.599922180175781,1.3999805450439453,1.3866231441497803,0,0.0,1.374985933303833,0.4999949066382432,0.00662012740736751,1,1
20,0,80,-2.2537784576416016,2.6261343955993652,1.575737476348877,3,0,0,1,0.0,0,0,0,1,7.886988069905341,7.407308578491211,1.3518271446228027,1.4396679401397705,0,0.0,1.3529632091522217,0.4921293076512657,0.27756586676902983,0,0
20,0,80,-2.2537784576416016,2.6261343955993652,1.575737476348877,3,0,0,1,0.0,0,0,0,2,7.886988069905341,7.413112640380859,1.3532781600952148,1.3878287076950073,0,0.0,1.353538155555725,0.49233448603596036,0.27393352096570367,0,0
20,0,90,-2.25461745262146,2.8628933429718018,1.5749727487564087,3,0,0,1,0.0,0,0,0,0,7.1371066629886615,7.599918365478516,1.399979591369629,1.2036088705062866,0,0.0,1.3749849796295166,0.49999335157999825,0.007648036416587738,1,1
20,0,90,-2.25461745262146,2.8628933429718018,1.5749727487564087,3,0,0,1,0.0,0,0,0,1,7.678240449430755,7.3915557861328125,1.3478889465332031,1.2149850130081177,0,0.0,1.3514708280563354,0.49159563667185846,0.28397766056457285,0,0
20,0,90,-2.25461745262146,2.8628933429718018,1.5749727487564087,3,0,0,1,0.0,0,0,0,2,7.678240449430755,7.397695541381836,1.349423885345459,1.17672860622406,0,0.0,1.3521738052368164,0.491846635663505,0.2797823381499823,0,0
20,0,100,-2.254406452178955,3.096808433532715,1.563248634338379,3,0,0,1,0.0,0,0,0,0,6.903191572427748,7.599908828735352,1.399977207183838,1.0224918127059937,0,0.0,1.3749990463256836,0.4999986657549657,0.004161435215803587,1,1
20,0,100,-2.254406452178955,3.096808433532715,1.563248634338379,3,0,0,1,0.0,0,0,0,1,7.449282384454595,7.3332414627075195,1.3508124351501465,0.9649959802627563,0,0.0,1.3532474040985107,0.4922309153378598,0.27910844987557354,0,0
20,0,100,-2.254406452178955,3.096808433532715,1.563248634338379,3,0,0,1,0.0,0,0,0,2,7.449282384454595,7.343280792236328,1.349851131439209,0.9719381332397461,0,0.0,1.3536149263381958,0.49236240476038134,0.27639143630270935,0,0
20,0,110,-2.2504141330718994,3.33207368850708,1.5472702980041504,3,0,0,1,0.0,0,0,0,0,6.778710893573723,7.195499420166016,1.399836540222168,0.7980766892433167,0,0.0,1.3749595880508423,0.4999827644178053,0.011627572700536987,1,1
20,0,110,-2.2504141330718994,3.33207368850708,1.5472702980041504,3,0,0,1,0.0,0,0,0,1,7.283843472645784,6.852057456970215,1.3423404693603516,0.7413476705551147,0,0.0,1.3532575368881226,0.49223257572633433,0.2971512542646614,0,0
20,0,110,-2.2504141330718994,3.33207368850708,1.5472702980041504,3,0,0,1,0.0,0,0,0,2,7.517349843398019,6.720983982086182,1.281641960144043,0.7972080111503601,0,0.0,1.3513423204421997,0.4914543703089408,0.3132933884153228,0,0
20,0,120,-2.24173903465271,3.5670950412750244,1.5199635028839111,3,0,0,1,0.0,0,0,0,0,6.61790208605704,6.6895012855529785,1.398984432220459,0.5467818379402161,0,0.0,1.3745249509811401,0.4998076663657588,0.03589732222369841,1,1
20,0,120,-2.24173903465271,3.5670950412750244,1.5199635028839111,3,0,0,1,0.0,0,0,0,1,6.928182991934673,6.481507778167725,1.3678832054138184,0.5049874186515808,0,0.0,1.3555372953414917,0.4930260198175968,0.2641524199556295,0,0
20,0,120,-2.24173903465271,3.5670950412750244,1.5199635028839111,3,0,0,1,0.0,0,0,0,2,7.401410097911208,6.089158058166504,1.1956186294555664,0.6533418297767639,0,0.0,1.3001970052719116,0.4720311631178921,0.38474402047881157,0,0
20,0,130,-2.22546648979187,3.802074670791626,1.4919674396514893,3,0,1,0,0.03697347640991211,0,0,0,0,6.409885025507879,6.164331912994385,1.3963618278503418,0.2894423007965088,0,0.0,1.3727060556411743,0.49909307486026383,0.08247507071129397,1,0
20,0,130,-2.22546648979187,3.802074670791626,1.4919674396514893,3,0,1,0,0.03697347640991211,0,0,0,1,6.547953787454759,6.201305389404297,1.384307861328125,0.33203697204589844,0,0.0,1.3616043329238892,0.49512838724532066,0.20083427258033545,0,1
20,0,130,-2.22546648979187,3.802074670791626,1.4919674396514893,3,0,1,0,0.03697347640991211,0,0,0,2,6.997661509722825,5.849027156829834,1.302319049835205,0.31987544894218445,0,0.0,1.3506265878677368,0.4912082489437344,0.3300986032088877,0,0
20,0,140,-2.204890727996826,4.034733772277832,1.4796977043151855,3,0,1,0,0.040616512298583984,0,0,0,0,6.158472495077595,5.575169563293457,1.3457751274108887,0.09603457152843475,0,0.0,1.3247876167297363,0.48203965869860527,0.13486738933148518,1,0
20,0,140,-2.204890727996826,4.034733772277832,1.4796977043151855,3,0,1,0,0.040616512298583984,0,0,0,1,6.368728190407373,5.615786075592041,1.3377466201782227,0.1323997974395752,0,0.0,1.3254542350769043,0.48227725942172883,0.2886432677203466,0,1
20,0,140,-2.204890727996826,4.034733772277832,1.4796977043151855,3,0,1,0,0.040616512298583984,0,0,0,2,6.834566374761579,5.366934776306152,1.293954849243164,0.09555765986442566,0,0.0,1.347740888595581,0.4900808263387869,0.34012806812880353,0,0
20,0,150,-2.1989235877990723,4.264662265777588,1.6256076097488403,3,0,2,0,0.11394119262695312,1,1,0,0,5.930370862959837,-15.109590530395508,1.2347745895385742,-0.024344105273485184,1,0.0,1.2146475315093994,0.44271738053948617,0.2602717372360767,1,0
20,0,150,-2.1989235877990723,4.264662265777588,1.6256076097488403,3,0,2,0,0.11394119262695312,1,1,0,1,6.1432679751586745,-15.224376678466797,1.21673583984375,-0.045659903436899185,1,0.0,1.2274651527404785,0.44729590592726226,0.3936048912523152,0,0
20,0,150,-2.1989235877990723,4.264662265777588,1.6256076097488403,3,0,2,0,0.11394119262695312,1,1,0,2,6.618409578638291,-14.995649337768555,1.2683310508728027,-0.034486886113882065,1,0.0,1.3531759977340698,0.4921826146658284,0.2810526692162691,0,1
20,0,160,-2.2386510372161865,4.488927841186523,1.8428122997283936,2,0,0,1,0.0,1,1,0,0,5.728369898450891,-15.829008102416992,1.0753417015075684,-0.06518743187189102,1,0.0,1.0695037841796875,0.3906305455424811,0.39522998781815094,1,1
20,0,160,-2.2386510372161865,4.488927841186523,1.8428122997283936,2,0,0,1,0.0,1,1,0,1,5.904394467059099,-16.005081176757812,1.0275177955627441,-0.05757664889097214,1,0.0,1.0751142501831055,0.3926341320046481,0.447696007239101,0,0
20,0,170,-2.324528694152832,4.7003607749938965,2.040663957595825,3,0,1,0,19.891226768493652,1,0,1,0,5.539767966650878,-16.55307388305664,0.9049134254455566,-0.08636338263750076,1,0.0,0.9205455183982849,0.3364642586767843,0.48639974069237885,1,0
20,0,170,-2.324528694152832,4.7003607749938965,2.040663957595825,3,0,1,0,19.891226768493652,1,0,1,1,5.677653595095245,3.3381528854370117,0.8229541778564453,0.02316802740097046,0,0.0,0.9094571471214294,0.33250465007071284,0.454900002210317,0,1
20,0,170,-2.324528694152832,4.7003607749938965,2.040663957595825,3,0,1,0,19.891226768493652,1,0,1,2,6.253681117137361,-16.019275665283203,1.0171051025390625,-0.0438484326004982,1,0.0,1.0504671335220337,0.38248972886682314,0.5584045046900099,0,0
20,0,180,-2.4470114707946777,4.895038604736328,2.198148488998413,3,0,1,0,19.927019834518433,1,0,1,0,5.408847847718334,-17.12969970703125,0.7473201751708984,-0.059490565210580826,1,0.0,0.7753377556800842,0.2840990737969858,0.5726216932767995,1,0
20,0,180,-2.4470114707946777,4.895038604736328,2.198148488998413,3,0,1,0,19.927019834518433,1,0,1,1,5.429648266276795,2.7973201274871826,0.6633868217468262,0.07188639044761658,0,0.0,0.784978449344635,0.2876164817337764,0.3624105955090689,0,1
20,0,180,-2.4470114707946777,4.895038604736328,2.198148488998413,3,0,1,0,19.927019834518433,1,0,1,2,6.1291823217820856,-16.930585861206055,0.8159093856811523,-0.09711133688688278,1,0.0,0.8582120537757874,0.313697278353597,0.6451607585449738,0,0
20,0,190,-2.5912024974823,5.074041843414307,2.2817068099975586,3,0,0,1,0.0,0,0,0,0,5.19664802831837,2.5377964973449707,0.5612998008728027,0.14629866182804108,0,0.0,0.6857954859733582,0.2522329483045863,0.2665125371837522,1,1
20,0,190,-2.5912024974823,5.074041843414307,2.2817068099975586,3,0,0,1,0.0,0,0,0,1,5.2929333674370955,-17.811368942260742,0.6100673675537109,-0.09010481834411621,1,0.0357142873108387,0.6442485451698303,0.23739431178639922,0.6657681728190734,0,0
20,0,190,-2.5912024974823,5.074041843414307,2.2817068099975586,3,0,0,1,0.0,0,0,0,2,6.065965806856212,-17.783784866333008,0.6389369964599609,-0.0626235082745552,1,0.1071428656578064,0.7300779819488525,0.2680481504901597,0.9245488230356477,0,0
20,0,200,-2.745828866958618,5.243916034698486,2.319979190826416,3,0,0,1,0.0,0,0,0,0,4.9738193501707855,2.3878841400146484,0.4966263771057129,0.20068934559822083,0,0.0,0.5989468693733215,0.221215582268905,0.2637752311369608,1,1
20,0,200,-2.745828866958618,5.243916034698486,2.319979190826416,3,0,0,1,0.0,0,0,0,1,5.36055619030565,-18.665281295776367,0.4562525749206543,-0.10228781402111053,1,0.1428571492433548,0.5701242685317993,0.21092136413094856,0.9720166607175986,0,0
20,0,200,-2.745828866958618,5.243916034698486,2.319979190826416,3,0,0,1,0.0,0,0,0,2,6.141770097615587,-18.728031158447266,0.4299125671386719,-0.06312666833400726,1,0.1607142984867096,0.6254720091819763,0.230688962291573,1.026955344975865,0,0
20,0,210,-2.9008357524871826,5.417699337005615,2.2652909755706787,3,0,0,1,0.0,0,0,0,0,4.749003770788641,2.419039249420166,0.49502038955688477,0.21947889029979706,0,0.0,0.5628265142440796,0.20845581601065152,0.24240389521031183,1,1
20,0,210,-2.9008357524871826,5.417699337005615,2.2652909755706787,3,0,0,1,0.0,0,0,0,1,5.1342651552235985,2.419039249420166,0.49502038955688477,0.21947889029979706,0,0.0,0.5628265142440796,0.20845581601065152,0.24240389521031183,0,0
20,0,210,-2.9008357524871826,5.417699337005615,2.2652909755706787,3,0,0,1,0.0,0,0,0,2,5.452456084786668,-19.15410614013672,0.32201433181762695,-0.09608140587806702,1,0.125,0.4575018882751465,0.17083934760617828,0.9244419507049451,0,0
20,0,220,-3.034416675567627,5.604325294494629,2.1264607906341553,3,0,1,0,0.0015344619750976562,0,0,0,0,4.553722992875111,2.823991298675537,0.5796709060668945,0.2526537775993347,0,0.0,0.6282058954238892,0.23166874636610454,0.23571855856780305,1,0
20,0,220,-3.034416675567627,5.604325294494629,2.1264607906341553,3,0,1,0,0.0015344619750976562,0,0,0,1,4.843608061904793,2.8255257606506348,0.580054521560669,0.2526537775993347,0,0.0,0.6280254125595093,0.23160414317925995,0.24926783087824858,0,1
20,0,220,-3.034416675567627,5.604325294494629,2.1264607906341553,3,0,1,0,0.0015344619750976562,0,0,0,2,5.534620930807149,2.791419506072998,0.5715279579162598,0.2526537775993347,0,0.0,0.6105288863182068,0.22535549100014204,0.3322792713174786,0,0
20,0,230,-3.1397013664245605,5.80906867980957,1.986739158630371,3,0,0,1,0.0,0,0,0,0,4.402367649302754,3.8438773155212402,0.8245193958282471,0.272899866104126,0,0.0,0.8882914781570435,0.3244407463250685,0.18189963410363702,1,1
20,0,230,-3.1397013664245605,5.80906867980957,1.986739158630371,3,0,0,1,0.0,0,0,0,1,4.735866071002032,3.585573673248291,0.7599434852600098,0.272899866104126,0,0.0,0.7907889485359192,0.2896180169457684,0.3629514845038075,0,0
20,0,230,-3.1397013664245605,5.80906867980957,1.986739158630371,3,0,0,1,0.0,0,0,0,2,5.411055521072619,3.008410692214966,0.6182217597961426,0.26776179671287537,0,0.0,0.6288776993751526,0.23179283154703503,0.40213144687051,0,0
20,0,240,-3.2171809673309326,6.026340484619141,1.848219633102417,3,0,1,0,0.07590389251708984,0,0,0,0,4.22293326508969,5.043497562408447,1.1153504848480225,0.29104775190353394,0,0.0,1.1952128410339355,0.4341481803806589,0.14642079796986046,1,0
20,0,240,-3.2171809673309326,6.026340484619141,1.848219633102417,3,0,1,0,0.07590389251708984,0,0,0,1,4.411115592334757,5.119401454925537,1.134326457977295,0.29104775190353394,0,0.0,1.179110050201416,0.42839652485968244,0.3339668813715088,0,1
20,0,240,-3.2171809673309326,6.026340484619141,1.848219633102417,3,0,1,0,0.07590389251708984,0,0,0,2,4.600712231782478,4.084713459014893,0.8756544589996338,0.29104775190353394,0,0.0,0.8786402344703674,0.32108625007995845,0.37858383260954354,0,0
20,0,250,-3.257495641708374,6.2498273849487305,1.6613423824310303,3,0,1,0,0.5667309761047363,0,0,0,0,4.034212788762778,5.023462295532227,1.2182085514068604,0.07531413435935974,0,0.0,1.282774806022644,0.465370797817893,0.04811035901696998,1,0
20,0,250,-3.257495641708374,6.2498273849487305,1.6613423824310303,3,0,1,0,0.5667309761047363,0,0,0,1,4.23293448326294,5.590193271636963,1.2668390274047852,0.2614186406135559,0,0.0,1.2858657836914062,0.46647530611152865,0.31056152900444417,0,1
20,0,250,-3.257495641708374,6.2498273849487305,1.6613423824310303,3,0,1,0,0.5667309761047363,0,0,0,2,4.436175638338358,5.534899711608887,1.2152483463287354,0.33695316314697266,0,0.0,1.2105040550231934,0.4395599067232871,0.3256918178197969,0,0
20,0,260,-3.25465989112854,6.480967044830322,1.4752148389816284,3,0,2,0,1.1600890159606934,0,0,0,0,3.824273876481606,4.8600640296936035,1.1901895999908447,0.04965288192033768,0,0.0,1.215088129043579,0.4415589801014909,0.16256836590411747,1,0
20,0,260,-3.25465989112854,6.480967044830322,1.4752148389816284,3,0,2,0,1.1600890159606934,0,0,0,1,4.056591900428417,6.00578498840332,1.338449239730835,0.3259938955307007,0,0.0,1.3353360891342163,0.48450448067725765,0.35885799292070436,0,0
20,0,260,-3.25465989112854,6.480967044830322,1.4752148389816284,3,0,2,0,1.1600890159606934,0,0,0,2,4.283476339671451,6.020153045654297,1.3259992599487305,0.35807788372039795,0,0.0,1.3327679634094238,0.4834116570118117,0.2713179319761669,0,1
20,0,270,-3.2109479904174805,6.705708980560303,1.3038700819015503,3,0,2,0,1.3157200813293457,0,0,0,0,3.5942276773383655,4.777538776397705,1.1285536289215088,0.13166223466396332,0,0.0,1.1239862442016602,0.4098418729517137,0.2716598465789226,1,0
20,0,270,-3.2109479904174805,6.705708980560303,1.3038700819015503,3,0,2,0,1.3157200813293457,0,0,0,1,3.8143962476962328,5.763347148895264,1.288599967956543,0.3044735789299011,0,0.0,1.2806167602539062,0.4657811879253874,0.4304503863147606,0,0
20,0,270,-3.2109479904174805,6.705708980560303,1.3038700819015503,3,0,2,0,1.3157200813293457,0,0,0,2,4.052281292844718,6.093258857727051,1.342311143875122,0.3620070815086365,0,0.0,1.3662395477294922,0.49660169820019934,0.20055544172740428,0,1
20,0,280,-3.1339190006256104,6.927966594696045,1.186818242073059,3,0,2,0,1.5575604438781738,0,0,0,0,3.3707224912849014,4.468583583831787,1.024864912033081,0.1845618635416031,0,0.0,1.013088345527649,0.36995500705578893,0.3353909240576004,1,0
20,0,280,-3.1339190006256104,6.927966594696045,1.186818242073059,3,0,2,0,1.5575604438781738,0,0,0,1,3.676888922496735,5.698775291442871,1.2596054077148438,0.33017677068710327,0,0.0,1.2658631801605225,0.4602308320700657,0.44344163048624924,0,0
20,0,280,-3.1339190006256104,6.927966594696045,1.186818242073059,3,0,2,0,1.5575604438781738,0,0,0,2,3.953410461843397,6.026144027709961,1.293079137802124,0.426913857460022,0,0.0,1.3681683540344238,0.49743805738160624,0.16275052234957868,0,1
20,0,290,-3.0347342491149902,7.140469074249268,1.1012914180755615,3,0,2,0,1.8389582633972168,0,0,0,0,3.1364653505042166,4.255883693695068,0.9617624282836914,0.20441703498363495,0,0.0,0.9465250968933105,0.34584723308650134,0.36097402090899733,1,0
20,0,290,-3.0347342491149902,7.140469074249268,1.1012914180755615,3,0,2,0,1.8389582633972168,0,0,0,1,3.440659152448341,4.877408027648926,1.0660784244537354,0.30654704570770264,0,0.0,1.0638704299926758,0.38775603700743183,0.4924565704006459,0,0
20,0,290,-3.0347342491149902,7.140469074249268,1.1012914180755615,3,0,2,0,1.8389582633972168,0,0,0,2,3.740147343396694,6.094841957092285,1.2787559032440186,0.48990926146507263,0,0.0,1.367294192314148,0.4970088272934215,0.18081126550362583,0,1
20,0,300,-2.928913116455078,7.348907470703125,1.118227243423462,3,0,2,0,1.8270106315612793,0,0,0,0,2.9052979162618646,4.209037780761719,0.9565267562866211,0.19146527349948883,0,0.0,0.9391527771949768,0.3432251735053426,0.3568560437944849,1,0
20,0,300,-2.928913116455078,7.348907470703125,1.118227243423462,3,0,2,0,1.8270106315612793,0,0,0,1,3.3081781409959863,4.619212627410889,1.0238550901412964,0.26189616322517395,0,0.0,1.0202066898345947,0.37217245454881737,0.4701317015145882,0,0
20,0,300,-2.928913116455078,7.348907470703125,1.118227243423462,3,0,2,0,1.8270106315612793,0,0,0,2,3.64488540012898,6.036048412322998,1.2642862796783447,0.4894515872001648,0,0.0,1.3668054342269897,0.4968367660351091,0.19974694693292316,0,1
20,1,0,-2.25,1.0,1.5707963267948966,3,0,0,1,0.0,0,0,0,0,9.0,7.150001525878906,1.2875003814697266,1.8949999809265137,0,0.0,1.2850003242492676,0.45982142857142855,0.0,1,1
20,1,0,-2.25,1.0,1.5707963267948966,3,0,0,1,0.0,0,0,0,1,9.513236186146589,6.992805480957031,1.2482013702392578,1.6120399236679077,0,0.0,1.2636055946350098,0.45218076037786004,0.2523747889156115,0,0
20,1,0,-2.25,1.0,1.5707963267948966,3,0,0,1,0.0,0,0,0,2,9.513236186146589,6.992805480957031,1.2482013702392578,1.6120399236679077,0,0.0,1.2636055946350098,0.45218076037786004,0.25237478891561166,0,0
20,1,10,-2.252131462097168,1.0681453943252563,1.6243609189987183,3,0,0,1,0.0,0,0,0,0,8.95,7.464860916137695,1.3662152290344238,1.8447526693344116,0,0.0,1.3533369302749634,0.4881130916589142,0.03149939818238904,1,1
20,1,10,-2.252131462097168,1.0681453943252563,1.6243609189987183,3,0,0,1,0.0,0,0,0,1,9.463793281809847,7.257776260375977,1.3144440650939941,1.5391287803649902,0,0.0,1.3318159580230713,0.48042699105347225,0.30249938891747474,0,0
20,1,10,-2.252131462097168,1.0681453943252563,1.6243609189987183,3,0,0,1,0.0,0,0,0,2,9.463793281809847,7.2992401123046875,1.3248100280761719,1.6145884990692139,0,0.0,1.3335143327713013,0.48103362446071435,0.2923700433044911,0,0
20,1,20,-2.264166831970215,1.2348971366882324,1.6433980464935303,3,0,0,1,0.0,0,0,0,0,8.75,7.590015411376953,1.3975038528442383,1.8196775913238525,0,0.0,1.3742209672927856,0.49940299615627987,0.050075089164460164,1,1
20,1,20,-2.264166831970215,1.2348971366882324,1.6433980464935303,3,0,0,1,0.0,0,0,0,1,9.26610276253317,7.366752624511719,1.3416881561279297,1.5144670009613037,0,0.0,1.3504278659820557,0.49090512907039063,0.3220910311826036,0,0
20,1,20,-2.264166831970215,1.2348971366882324,1.6433980464935303,3,0,0,1,0.0,0,0,0,2,9.26610276253317,7.429893493652344,1.357473373413086,1.6387205123901367,0,0.0,1.354069709777832,0.4922058167190384,0.3002028936381444,0,0
20,1,30,-2.2759273052215576,1.466516137123108,1.5981998443603516,3,0,0,1,0.0,0,0,0,0,8.550204914590983,7.597019195556641,1.3992547988891602,1.8430507183074951,0,0.0,1.3748695850372314,0.49994776644730893,0.02391111756648077,1,1
20,1,30,-2.2759273052215576,1.466516137123108,1.5981998443603516,3,0,0,1,0.0,0,0,0,1,9.06082040629453,7.398908615112305,1.3497271537780762,1.6149011850357056,0,0.0,1.3508912324905396,0.4913841574486718,0.30152209400781527,0,0
20,1,30,-2.2759273052215576,1.466516137123108,1.5981998443603516,3,0,0,1,0.0,0,0,0,2,9.076648414228565,7.380254745483398,1.3450636863708496,1.4898985624313354,0,0.0,1.3535642623901367,0.4923387981683379,0.2845399358136171,0,0
20,1,40,-2.2779595851898193,1.7012983560562134,1.5730206966400146,3,0,0,1,0.0,0,0,0,0,8.3002136713115,7.598470687866211,1.3996176719665527,1.8437548875808716,0,0.0,1.3748488426208496,0.4999295697660525,0.026471833741981227,1,1
20,1,40,-2.2779595851898193,1.7012983560562134,1.5730206966400146,3,0,0,1,0.0,0,0,0,1,8.813795614018574,7.399980545043945,1.3499951362609863,1.6144267320632935,0,0.0,1.351580262184143,0.4916194157986881,0.3012835715606591,0,0
20,1,40,-2.2779595851898193,1.7012983560562134,1.5730206966400146,3,0,0,1,0.0,0,0,0,2,8.830235022619542,7.400373458862305,1.3500933647155762,1.5384920835494995,0,0.0,1.3543856143951416,0.4926213530071732,0.28326723174409363,0,0
20,1,50,-2.280524253845215,1.9353759288787842,1.593044400215149,3,0,0,1,0.0,0,0,0,0,8.050223209837263,7.597850799560547,1.3994626998901367,1.8434895277023315,0,0.0,1.3749254941940308,0.4999690345989491,0.01933826207883788,1,1
20,1,50,-2.280524253845215,1.9353759288787842,1.593044400215149,3,0,0,1,0.0,0,0,0,1,8.567011976328542,7.412498474121094,1.3531246185302734,1.6385598182678223,0,0.0,1.3519446849822998,0.4917615926910015,0.2916768817239426,0,0
20,1,50,-2.280524253845215,1.9353759288787842,1.593044400215149,3,0,0,1,0.0,0,0,0,2,8.58411117861617,7.395717620849609,1.3489294052124023,1.514553189277649,0,0.0,1.353743314743042,0.4924040301457174,0.2797814941816413,0,0
20,1,60,-2.289409637451172,2.170884609222412,1.6148401498794556,3,0,0,1,0.0,0,0,0,0,7.850231476520241,7.596488952636719,1.3991222381591797,1.795096516609192,0,0.0,1.3749209642410278,0.49997103937501436,0.017742772884659926,1,1
20,1,60,-2.289409637451172,2.170884609222412,1.6148401498794556,3,0,0,1,0.0,0,0,0,1,8.369778914365407,7.406373977661133,1.3515934944152832,1.639742374420166,0,0.0,1.3518662452697754,0.4917371035490325,0.29520870112436615,0,0
20,1,60,-2.289409637451172,2.170884609222412,1.6148401498794556,3,0,0,1,0.0,0,0,0,2,8.387444715047044,7.363777160644531,1.3409442901611328,1.4896478652954102,0,0.0,1.3520333766937256,0.4917967714573757,0.29346355609438646,0,0
20,1,70,-2.299428701400757,2.4055936336517334,1.6088591814041138,3,0,0,1,0.0,0,0,0,0,7.600242712727235,7.597345352172852,1.399336338043213,1.6099387407302856,0,0.0,1.3748899698257446,0.49995504217072995,0.018864309579105617,1,1
20,1,70,-2.299428701400757,2.4055936336517334,1.6088591814041138,3,0,0,1,0.0,0,0,0,1,8.123509301822907,7.416963577270508,1.354240894317627,1.613402009010315,0,0.0,1.3533393144607544,0.49225834448160083,0.2897746138314455,0,0
20,1,70,-2.299428701400757,2.4055936336517334,1.6088591814041138,3,0,0,1,0.0,0,0,0,2,8.141937469843858,7.374868392944336,1.343717098236084,1.4894847869873047,0,0.0,1.3524433374404907,0.4919381441631488,0.2950205189824186,0,0
20,1,80,-2.3058578968048096,2.6402690410614014,1.5879050493240356,3,0,0,1,0.0,0,0,0,0,7.350255095400645,7.599061965942383,1.3997654914855957,1.416878342628479,0,0.0,1.3749361038208008,0.49997292818505173,0.014805036233871378,1,1
20,1,80,-2.3058578968048096,2.6402690410614014,1.5879050493240356,3,0,0,1,0.0,0,0,0,1,7.87757984230967,7.41478157043457,1.3536953926086426,1.4103976488113403,0,0.0,1.3530840873718262,0.4921682268008575,0.28132300194078663,0,0
20,1,80,-2.3058578968048096,2.6402690410614014,1.5879050493240356,3,0,0,1,0.0,0,0,0,2,7.896837824575627,7.38676643371582,1.346691608428955,1.4398399591445923,0,0.0,1.3518877029418945,0.4917412623568157,0.28844525183767733,0,0
20,1,90,-2.306154727935791,2.8744020462036133,1.56136155128479,3,0,0,1,0.0,0,0,0,0,7.125865297598127,7.599939346313477,1.3999848365783691,1.2403568029403687,0,0.0,1.3749914169311523,0.4999973188685605,0.005893353045706409,1,1
20,1,90,-2.306154727935791,2.8744020462036133,1.56136155128479,3,0,0,1,0.0,0,0,0,1,7.657160777174436,7.398159027099609,1.3495397567749023,1.1919186115264893,0,0.0,1.3520864248275757,0.4918167123934727,0.2788772870415063,0,0
20,1,90,-2.306154727935791,2.8744020462036133,1.56136155128479,3,0,0,1,0.0,0,0,0,2,7.677228547288866,7.391122817993164,1.347780704498291,1.190007209777832,0,0.0,1.3515751361846924,0.49163387700511146,0.2821245642030739,0,0
20,1,100,-2.3013458251953125,3.1096577644348145,1.5440086126327515,3,0,0,1,0.0,0,0,0,0,6.890623742434955,7.599626541137695,1.3999066352844238,1.0020333528518677,0,0.0,1.3749512434005737,0.4999800888705301,0.012673500409696305,1,1
20,1,100,-2.3013458251953125,3.1096577644348145,1.5440086126327515,3,0,0,1,0.0,0,0,0,1,7.426461803132154,7.334815502166748,1.3490524291992188,0.9693029522895813,0,0.0,1.3531303405761719,0.49218693871446567,0.2876492271339216,0,0
20,1,100,-2.3013458251953125,3.1096577644348145,1.5440086126327515,3,0,0,1,0.0,0,0,0,2,7.447453266766821,7.335416316986084,1.3514857292175293,0.9647367000579834,0,0.0,1.3536492586135864,0.4923721004927805,0.284704956122034,0,0
20,1,110,-2.2939906120300293,3.3453421592712402,1.5362975597381592,3,0,0,1,0.0,0,0,0,0,6.786175352642235,7.141663551330566,1.3997406959533691,0.7713503837585449,0,0.0,1.3748338222503662,0.499929593571815,0.023363213860016812,1,1
20,1,110,-2.2939906120300293,3.3453421592712402,1.5362975597381592,3,0,0,1,0.0,0,0,0,1,7.0646642605221714,6.981998443603516,1.379960536956787,0.7310782670974731,0,0.0,1.3588674068450928,0.49422728816014183,0.19046847975580342,0,0
20,1,110,-2.2939906120300293,3.3453421592712402,1.5362975597381592,3,0,0,1,0.0,0,0,0,2,7.519808903254752,6.7154951095581055,1.2790913581848145,0.7995648384094238,0,0.0,1.3505945205688477,0.4911491365394801,0.31819027763587676,0,0
20,1,120,-2.2833948135375977,3.5797247886657715,1.5169761180877686,2,0,0,1,0.0,0,0,0,0,6.6258107566220765,6.694310188293457,1.3989982604980469,0.5491584539413452,0,0.0,1.3743374347686768,0.499722778577159,0.045190181636604716,1,1
20,1,120,-2.2833948135375977,3.5797247886657715,1.5169761180877686,2,0,0,1,0.0,0,0,0,1,6.926727751959769,6.468471527099609,1.367414951324463,0.49940577149391174,0,0.0,1.3556689023971558,0.4930551735906149,0.26878078044042086,0,0
20,1,130,-2.2684855461120605,3.8148889541625977,1.5003632307052612,3,0,0,1,0.0,0,0,0,0,6.397153449262028,6.154603481292725,1.3961739540100098,0.28495386242866516,0,0.0,1.372735619544983,0.4991889024159685,0.06009215002525722,1,1
20,1,130,-2.2684855461120605,3.8148889541625977,1.5003632307052612,3,0,0,1,0.0,0,0,0,1,6.535327493288297,6.122320175170898,1.3799195289611816,0.30132099986076355,0,0.0,1.358807921409607,0.4942145305813888,0.196797816846704,0,0
20,1,130,-2.2684855461120605,3.8148889541625977,1.5003632307052612,3,0,0,1,0.0,0,0,0,2,6.985465645052988,5.789520263671875,1.300276279449463,0.29420748353004456,0,0.0,1.3493566513061523,0.4908390549201342,0.32789648278438804,0,0
20,1,140,-2.2523434162139893,4.047846794128418,1.5208219289779663,3,0,1,0,0.038443565368652344,0,0,0,0,6.165797956343134,5.504610538482666,1.3387508392333984,0.07480351626873016,0,0.0,1.3161689043045044,0.47897989217636994,0.13837336516552484,1,0
20,1,140,-2.2523434162139893,4.047846794128418,1.5208219289779663,3,0,1,0,0.038443565368652344,0,0,0,1,6.336078706547227,5.543054103851318,1.3323769569396973,0.10677313804626465,0,0.0,1.318443775177002,0.4797929162866829,0.25814156866732074,0,1
20,1,140,-2.2523434162139893,4.047846794128418,1.5208219289779663,3,0,1,0,0.038443565368652344,0,0,0,2,6.801490119881972,5.297698974609375,1.2890625,0.07072453200817108,0,0.0,1.3493467569351196,0.4908298568838034,0.3229696601275594,0,0
20,1,150,-2.2560460567474365,4.282170295715332,1.6625750064849854,2,0,0,1,0.0,1,1,0,0,5.933300833334371,-15.183502197265625,1.2169623374938965,-0.025676008313894272,1,0.0,1.1983656883239746,0.43686561756617065,0.3017508781841488,1,1
20,1,150,-2.2560460567474365,4.282170295715332,1.6625750064849854,2,0,0,1,0.0,1,1,0,1,6.106467164566004,-15.257908821105957,1.197441577911377,-0.023837579414248466,1,0.0,1.207146167755127,0.44000132779275447,0.41192700280864253,0,0
20,1,160,-2.3045029640197754,4.5067033767700195,1.8833900690078735,2,0,0,1,0.0,1,1,0,0,5.731472800983747,-15.853682518005371,1.0534148216247559,-0.03367090970277786,1,0.0,1.0541149377822876,0.3849335577748843,0.4342432963713521,1,1
20,1,160,-2.3045029640197754,4.5067033767700195,1.8833900690078735,2,0,0,1,0.0,1,1,0,1,5.866337117891702,-16.050689697265625,0.9999098777770996,-0.02516452595591545,1,0.0,1.0457686185836792,0.3819529935394649,0.4957839594881788,0,0
20,1,170,-2.4007534980773926,4.717844486236572,2.0831458568573,3,0,1,0,19.82659602165222,1,0,1,0,5.563360909644031,-16.48395347595215,0.9051661491394043,-0.052309371531009674,1,0.0,0.9299409985542297,0.3398954771656613,0.5328734201404565,1,0
20,1,170,-2.4007534980773926,4.717844486236572,2.0831458568573,3,0,1,0,19.82659602165222,1,0,1,1,5.620622587293976,3.3426425457000732,0.8072681427001953,0.0567849725484848,0,0.0,0.9005764722824097,0.3294078838767072,0.47403223280628104,0,1
20,1,170,-2.4007534980773926,4.717844486236572,2.0831458568573,3,0,1,0,19.82659602165222,1,0,1,2,6.329494148161025,-16.227861404418945,0.980952262878418,-0.07583558559417725,1,0.0,1.0181937217712402,0.3713441357783299,0.5937380240402987,0,0
20,1,180,-2.5302507877349854,4.906749248504639,2.2368228435516357,3,0,0,1,0.0,0,0,0,0,5.376902076227271,2.736952781677246,0.6526041030883789,0.06326814740896225,0,0.0,0.7639511227607727,0.28012353704727155,0.5077370973388187,1,1
20,1,180,-2.5302507877349854,4.906749248504639,2.2368228435516357,3,0,0,1,0.0,0,0,0,1,5.43811303413693,-17.088211059570312,0.7437844276428223,-0.03167401999235153,1,0.0,0.7723244428634644,0.28301673323861615,0.6006443801867443,0,0
20,1,180,-2.5302507877349854,4.906749248504639,2.2368228435516357,3,0,0,1,0.0,0,0,0,2,6.169556818963976,-17.111648559570312,0.8067865371704102,-0.06225480139255524,1,0.1071428656578064,0.8945189118385315,0.3266566054362897,0.8488364257839834,0,0
20,1,190,-2.6788153648376465,5.077739715576172,2.31466007232666,3,0,0,1,0.0,0,0,0,0,5.15363404343432,2.687826156616211,0.5793666839599609,0.18517965078353882,0,0.0,0.7000681757926941,0.25731821439624236,0.33422286520513156,1,1
20,1,190,-2.6788153648376465,5.077739715576172,2.31466007232666,3,0,0,1,0.0,0,0,0,1,5.388076064710692,-17.800729751586914,0.6351594924926758,-0.09925553947687149,1,0.0714285746216774,0.6898831725120544,0.2536808757969872,0.8086983883044715,0,0
20,1,190,-2.6788153648376465,5.077739715576172,2.31466007232666,3,0,0,1,0.0,0,0,0,2,6.168869005455658,-18.181385040283203,0.5846257209777832,-0.08137223869562149,1,0.1785714328289032,0.78159099817276,0.2864339385324445,1.139674132551521,0,0
20,1,200,-2.8362460136413574,5.247629165649414,2.306257486343384,3,0,0,1,0.0,0,0,0,0,4.931170104330262,2.6769556999206543,0.5496082305908203,0.23926132917404175,0,0.0,0.6460751295089722,0.23829784098086648,0.29657236642020435,1,1
20,1,200,-2.8362460136413574,5.247629165649414,2.306257486343384,3,0,0,1,0.0,0,0,0,1,5.361335214733405,2.6769556999206543,0.5496082305908203,0.23926132917404175,0,0.0,0.6460751295089722,0.23829784098086648,0.29657236642020435,0,0
20,1,200,-2.8362460136413574,5.247629165649414,2.306257486343384,3,0,0,1,0.0,0,0,0,2,5.512992263740955,-18.57781982421875,0.4810323715209961,-0.10811729729175568,1,0.1428571492433548,0.6268104314804077,0.23141818964792296,1.0567486843786864,0,0
20,1,210,-2.9822139739990234,5.424734592437744,2.2154691219329834,3,0,0,1,0.0,0,0,0,0,4.703719915593544,2.831432342529297,0.5720376968383789,0.27164071798324585,0,0.0,0.636012613773346,0.23455754098090217,0.28594835881220987,1,1
20,1,210,-2.9822139739990234,5.424734592437744,2.2154691219329834,3,0,0,1,0.0,0,0,0,1,5.027947217243382,2.8313980102539062,0.5720291137695312,0.27164071798324585,0,0.0,0.6359843015670776,0.2345472720539803,0.2871837992506639,0,0
20,1,210,-2.9822139739990234,5.424734592437744,2.2154691219329834,3,0,0,1,0.0,0,0,0,2,5.661382995212714,-18.960914611816406,0.35732316970825195,-0.08796139806509018,1,0.1071428656578064,0.5000017285346985,0.185982028773018,0.8991197263563573,0,0
20,1,220,-3.1074392795562744,5.6196980476379395,2.0781850814819336,3,0,0,1,0.0,0,0,0,0,4.558989820358745,3.483783721923828,0.716500997543335,0.3088899254798889,0,0.0,0.7756884098052979,0.2843974288180301,0.23979883149164644,1,1
20,1,220,-3.1074392795562744,5.6196980476379395,2.0781850814819336,3,0,0,1,0.0,0,0,0,1,4.8754783230335486,3.4363784790039062,0.7046496868133545,0.3088899254798889,0,0.0,0.7515173554420471,0.2757645186608105,0.3273928685873509,0,0
20,1,220,-3.1074392795562744,5.6196980476379395,2.0781850814819336,3,0,0,1,0.0,0,0,0,2,5.568469445952832,3.291550397872925,0.6714718341827393,0.3028315305709839,0,0.0,0.7068244218826294,0.2598034145823599,0.38316178907970205,0,0
20,1,230,-3.202822685241699,5.82834005355835,1.928951621055603,3,0,0,1,0.0,0,0,0,0,4.402854211914118,4.699220657348633,1.0138678550720215,0.3218745291233063,0,0.0,1.0964068174362183,0.39866807565113555,0.16996314148958322,1,1
20,1,230,-3.202822685241699,5.82834005355835,1.928951621055603,3,0,0,1,0.0,0,0,0,1,4.7095906171672635,4.283110618591309,0.9098403453826904,0.3218745291233063,0,0.0,0.9392271041870117,0.34253301722476603,0.3768277801150336,0,0
20,1,230,-3.202822685241699,5.82834005355835,1.928951621055603,3,0,0,1,0.0,0,0,0,2,5.350694895722212,3.398594856262207,0.692291259765625,0.3147149384021759,0,0.0,0.6994515061378479,0.25689883977713845,0.4312406570020982,0,0
20,1,240,-3.261784315109253,6.051231861114502,1.7478140592575073,3,0,1,0,0.129547119140625,0,0,0,0,4.217243544242963,5.407448768615723,1.2041583061218262,0.2954077422618866,0,0.0,1.280184030532837,0.46456160211528646,0.095009372322497,1,0
20,1,240,-3.261784315109253,6.051231861114502,1.7478140592575073,3,0,1,0,0.129547119140625,0,0,0,1,4.384333800033633,5.536995887756348,1.2273528575897217,0.3137921392917633,0,0.0,1.2625113725662231,0.45825012123905257,0.31823377999473074,0,1
20,1,240,-3.261784315109253,6.051231861114502,1.7478140592575073,3,0,1,0,0.129547119140625,0,0,0,2,4.5664448213987185,4.850459575653076,1.0401413440704346,0.34494704008102417,0,0.0,1.040183663368225,0.3788469705089877,0.35190599915074455,0,0
20,1,250,-3.2806808948516846,6.2812604904174805,1.5777744054794312,3,0,1,0,0.8005967140197754,0,0,0,0,4.0254485893229415,4.973721504211426,1.2227139472961426,0.041432902216911316,0,0.0,1.2777984142303467,0.46374000502371143,0.07757707442757249,1,0
20,1,250,-3.2806808948516846,6.2812604904174805,1.5777744054794312,3,0,1,0,0.8005967140197754,0,0,0,1,4.222144945905727,5.774318218231201,1.2959129810333252,0.2953331470489502,0,0.0,1.3052455186843872,0.4735423247795068,0.34731942116257886,0,1
20,1,250,-3.2806808948516846,6.2812604904174805,1.5777744054794312,3,0,1,0,0.8005967140197754,0,0,0,2,4.424847622275411,5.590198993682861,1.2267184257507324,0.3416626453399658,0,0.0,1.2233630418777466,0.4442979847911113,0.298971546485768,0,0
20,1,260,-3.2606167793273926,6.509960651397705,1.4057458639144897,3,0,1,0,1.1615123748779297,0,0,0,0,3.7969830374646483,4.9015936851501465,1.18841552734375,0.07396582514047623,0,0.0,1.2013705968856812,0.43677176794353706,0.20445336772055622,1,0
20,1,260,-3.2606167793273926,6.509960651397705,1.4057458639144897,3,0,1,0,1.1615123748779297,0,0,0,1,4.027966135437177,6.063106060028076,1.343461275100708,0.34463053941726685,0,0.0,1.3379778861999512,0.4855597316711737,0.37453726871016013,0,1
20,1,260,-3.2606167793273926,6.509960651397705,1.4057458639144897,3,0,1,0,1.1615123748779297,0,0,0,2,4.25612769343399,6.046661853790283,1.331942081451416,0.3594467341899872,0,0.0,1.3465713262557983,0.48843073431780276,0.2453454034098391,0,0
20,1,270,-3.203521728515625,6.732958793640137,1.2574281692504883,3,0,2,0,1.3261055946350098,0,0,0,0,3.569254707237371,4.747054100036621,1.1135964393615723,0.14633412659168243,0,0.0,1.1050162315368652,0.40316634134860124,0.2997922465761822,1,0
20,1,270,-3.203521728515625,6.732958793640137,1.2574281692504883,3,0,2,0,1.3261055946350098,0,0,0,1,3.787615035385842,5.660599231719971,1.2622909545898438,0.305717796087265,0,0.0,1.2547142505645752,0.45663032557892613,0.44950299084814915,0,0
20,1,270,-3.203521728515625,6.732958793640137,1.2574281692504883,3,0,2,0,1.3261055946350098,0,0,0,2,4.027026346899706,6.073159694671631,1.3354859352111816,0.36560797691345215,0,0.0,1.3674122095108032,0.4972869483839091,0.18292466330071933,0,1
20,1,280,-3.1205973625183105,6.955617904663086,1.1939040422439575,3,0,2,0,1.5662403106689453,0,0,0,0,3.325175364253711,4.568363666534424,1.0388360023498535,0.2065097540616989,0,0.0,1.0225610733032227,0.37366039584144684,0.24546469117437195,1,0
20,1,280,-3.1205973625183105,6.955617904663086,1.1939040422439575,3,0,2,0,1.5662403106689453,0,0,0,1,3.5960438201809253,5.3369317054748535,1.185394525527954,0.29767677187919617,0,0.0,1.1793068647384644,0.42964028993580256,0.41328048092314473,0,0
20,1,280,-3.1205973625183105,6.955617904663086,1.1939040422439575,3,0,2,0,1.5662403106689453,0,0,0,2,3.8697869659986663,6.134603977203369,1.3127639293670654,0.4417741894721985,0,0.0,1.368531346321106,0.49768069768823736,0.16461392876661884,0,1
20,1,290,-3.0334770679473877,7.17378568649292,1.1864573955535889,3,0,2,0,1.9945435523986816,0,0,0,0,3.1059051113756766,4.10443639755249,0.9367889165878296,0.1786404550075531,0,0.0,0.9211576581001282,0.33711664483082054,0.324424289472462,1,0
20,1,290,-3.0334770679473877,7.17378568649292,1.1864573955535889,3,0,2,0,1.9945435523986816,0,0,0,1,3.491033155134353,5.22760534286499,1.157112717628479,0.2995772957801819,0,0.0,1.1635948419570923,0.4237019202687124,0.4299826634607628,0,0
20,1,290,-3.0334770679473877,7.17378568649292,1.1864573955535889,3,0,2,0,1.9945435523986816,0,0,0,2,3.8048521933848645,6.098979949951172,1.2793850898742676,0.49071982502937317,0,0.0,1.3679492473602295,0.49736126905292305,0.1630169215594286,0,1
40,0,0,-2.25,1.0,1.5707963267948966,3,0,0,1,0.0,0,0,0,0,9.0,7.150001525878906,1.2875003814697266,1.8949999809265137,0,0.0,1.2850003242492676,0.45982142857142855,0.0,1,1
40,0,0,-2.25,1.0,1.5707963267948966,3,0,0,1,0.0,0,0,0,1,9.513236186146589,6.992805480957031,1.2482013702392578,1.6120399236679077,0,0.0,1.2636055946350098,0.45218076037786004,0.2523747889156115,0,0
40,0,0,-2.25,1.0,1.5707963267948966,3,0,0,1,0.0,0,0,0,2,9.513236186146589,6.992805480957031,1.2482013702392578,1.6120399236679077,0,0.0,1.2636055946350098,0.45218076037786004,0.25237478891561166,0,0
40,0,10,-2.2493691444396973,1.0683510303497314,1.5572539567947388,3,0,0,1,0.0,0,0,0,0,8.95,7.467267990112305,1.3668169975280762,1.8945108652114868,0,0.0,1.3534741401672363,0.4881587320359878,0.007073459404834525,1,1
40,0,10,-2.2493691444396973,1.0683510303497314,1.5572539567947388,3,0,0,1,0.0,0,0,0,1,9.463793281809847,7.285696029663086,1.3214240074157715,1.5892372131347656,0,0.0,1.3329665660858154,0.48083440650032705,0.2759820275548221,0,0
40,0,10,-2.2493691444396973,1.0683510303497314,1.5572539567947388,3,0,0,1,0.0,0,0,0,2,9.463793281809847,7.275457382202148,1.318864345550537,1.5645002126693726,0,0.0,1.3325837850570679,0.48069775594556,0.27808929979988783,0,0
40,0,20,-2.247762680053711,1.2233102321624756,1.5650391578674316,3,0,0,1,0.0,0,0,0,0,8.799999999999999,7.587762832641602,1.3969407081604004,1.894482970237732,0,0.0,1.3747185468673706,0.4989092929293397,0.005269078761768749,1,1
40,0,20,-2.247762680053711,1.2233102321624756,1.5650391578674316,3,0,0,1,0.0,0,0,0,1,9.31551287810118,7.387655258178711,1.3469138145446777,1.5646470785140991,0,0.0,1.3535209894180298,0.4913382612790332,0.2801105553387825,0,0
40,0,20,-2.247762680053711,1.2233102321624756,1.5650391578674316,3,0,0,1,0.0,0,0,0,2,9.31551287810118,7.381641387939453,1.3454103469848633,1.5646183490753174,0,0.0,1.3530724048614502,0.49117807682171033,0.28305902444730807,0,0
40,0,30,-2.2470500469207764,1.4506596326828003,1.5666232109069824,3,0,0,1,0.0,0,0,0,0,8.549999999999999,7.599941253662109,1.3999853134155273,1.8944354057312012,0,0.0,1.3749892711639404,0.499996709974128,0.005235958467032617,1,1
40,0,30,-2.2470500469207764,1.4506596326828003,1.5666232109069824,3,0,0,1,0.0,0,0,0,1,9.0685506996768,7.404453277587891,1.3511133193969727,1.5647401809692383,0,0.0,1.3533709049224854,0.4922749036605466,0.27738276968061254,0,0
40,0,30,-2.2470500469207764,1.4506596326828003,1.5666232109069824,3,0,0,1,0.0,0,0,0,2,9.0685506996768,7.399585723876953,1.3498964309692383,1.564458966255188,0,0.0,1.352891445159912,0.4921037149869568,0.2804074968653456,0,0
40,0,40,-2.246227264404297,1.686084270477295,1.5701748132705688,3,0,0,1,0.0,0,0,0,0,8.299999999999999,7.599966049194336,1.399991512298584,1.894463300704956,0,0.0,1.3749946355819702,0.49999737400721955,0.004982434707413459,1,1
40,0,40,-2.246227264404297,1.686084270477295,1.5701748132705688,3,0,0,1,0.0,0,0,0,1,8.82182489730488,7.4066009521484375,1.3516502380371094,1.5883593559265137,0,0.0,1.35304856300354,0.49215967578607894,0.27476721631453266,0,0
40,0,40,-2.246227264404297,1.686084270477295,1.5701748132705688,3,0,0,1,0.0,0,0,0,2,8.82182489730488,7.404384613037109,1.3510961532592773,1.5646584033966064,0,0.0,1.3525645732879639,0.4919864273430684,0.2781279957746573,0,0
40,0,50,-2.2476887702941895,1.9204412698745728,1.5816634893417358,3,0,0,1,0.0,0,0,0,0,8.099999999999998,7.599849700927734,1.3999624252319336,1.894751787185669,0,0.0,1.3749923706054688,0.49999812717504355,0.004425144772353072,1,1
40,0,50,-2.2476887702941895,1.9204412698745728,1.5816634893417358,3,0,0,1,0.0,0,0,0,1,8.624633442061722,7.384784698486328,1.346196174621582,1.5644280910491943,0,0.0,1.3520324230194092,0.49179730533045063,0.28288648628505453,0,0
40,0,50,-2.2476887702941895,1.9204412698745728,1.5816634893417358,3,0,0,1,0.0,0,0,0,2,8.624633442061722,7.392740249633789,1.3481850624084473,1.564941167831421,0,0.0,1.352027416229248,0.49179538715263676,0.28308186437375177,0,0
40,0,60,-2.2507882118225098,2.1551640033721924,1.582728385925293,3,0,0,1,0.0,0,0,0,0,7.849999999999999,7.599834442138672,1.399958610534668,1.8943061828613281,0,0.0,1.3749865293502808,0.4999941586276453,0.0066773663240487545,1,1
40,0,60,-2.2507882118225098,2.1551640033721924,1.582728385925293,3,0,0,1,0.0,0,0,0,1,8.378408067339434,7.393766403198242,1.3484416007995605,1.564521074295044,0,0.0,1.3528152704238892,0.49207578520995027,0.2827189184155068,0,0
40,0,60,-2.2507882118225098,2.1551640033721924,1.582728385925293,3,0,0,1,0.0,0,0,0,2,8.378408067339434,7.404003143310547,1.3510007858276367,1.5648086071014404,0,0.0,1.353214979171753,0.49221821478576216,0.28029388636305985,0,0
40,0,70,-2.2525317668914795,2.391216993331909,1.5754755735397339,3,0,0,1,0.0,0,0,0,0,7.599999999999999,7.599943161010742,1.3999857902526855,1.894468903541565,0,0.0,1.374990463256836,0.49999681577911137,0.005152489321386776,1,1
40,0,70,-2.2525317668914795,2.391216993331909,1.5754755735397339,3,0,0,1,0.0,0,0,0,1,8.132511449126646,7.398639678955078,1.3496599197387695,1.564644455909729,0,0.0,1.3522566556930542,0.4918769838695526,0.27877045571122616,0,0
40,0,70,-2.2525317668914795,2.391216993331909,1.5754755735397339,3,0,0,1,0.0,0,0,0,2,8.132511449126646,7.403833389282227,1.3509583473205566,1.5883911848068237,0,0.0,1.3527010679244995,0.4920355278855138,0.2761077575286966,0,0
40,0,80,-2.2537784576416016,2.6261343955993652,1.575737476348877,3,0,0,1,0.0,0,0,0,0,7.349999999999999,7.599922180175781,1.3999805450439453,1.8191678524017334,0,0.0,1.374985933303833,0.4999949066382432,0.00662012740736751,1,1
40,0,80,-2.2537784576416016,2.6261343955993652,1.575737476348877,3,0,0,1,0.0,0,0,0,1,7.886988069905341,7.407308578491211,1.3518271446228027,1.5644663572311401,0,0.0,1.3529632091522217,0.4921293076512657,0.27756586676902983,0,0
40,0,80,-2.2537784576416016,2.6261343955993652,1.575737476348877,3,0,0,1,0.0,0,0,0,2,7.886988069905341,7.413112640380859,1.3532781600952148,1.5884448289871216,0,0.0,1.353538155555725,0.49233448603596036,0.27393352096570367,0,0
40,0,90,-2.25461745262146,2.8628933429718018,1.5749727487564087,3,0,0,1,0.0,0,0,0,0,7.1371066629886615,7.599918365478516,1.399979591369629,1.6170827150344849,0,0.0,1.3749849796295166,0.49999335157999825,0.007648036416587738,1,1
40,0,90,-2.25461745262146,2.8628933429718018,1.5749727487564087,3,0,0,1,0.0,0,0,0,1,7.678240449430755,7.3915557861328125,1.3478889465332031,1.5529539585113525,0,0.0,1.3514708280563354,0.49159563667185846,0.28397766056457285,0,0
40,0,90,-2.25461745262146,2.8628933429718018,1.5749727487564087,3,0,0,1,0.0,0,0,0,2,7.678240449430755,7.397695541381836,1.349423885345459,1.5574828386306763,0,0.0,1.3521738052368164,0.491846635663505,0.2797823381499823,0,0
40,0,100,-2.2545323371887207,3.0966711044311523,1.565800428390503,3,0,0,1,0.0,0,0,0,0,6.903328901529311,7.599941253662109,1.3999853134155273,1.4001986980438232,0,0.0,1.3749983310699463,0.4999982624476207,0.004630259009297997,1,1
40,0,100,-2.2545323371887207,3.0966711044311523,1.565800428390503,3,0,0,1,0.0,0,0,0,1,7.449416669100316,7.402162551879883,1.3505406379699707,1.4097753763198853,0,0.0,1.3532047271728516,0.49221590376011054,0.27962097053330814,0,0
40,0,100,-2.2545323371887207,3.0966711044311523,1.565800428390503,3,0,0,1,0.0,0,0,0,2,7.449416669100316,7.400545120239258,1.3501362800598145,1.479706883430481,0,0.0,1.3536549806594849,0.4923766327848168,0.2763995130605043,0,0
40,0,110,-2.252577781677246,3.331584930419922,1.5612099170684814,3,0,0,1,0.0,0,0,0,0,6.668415045738219,7.5998687744140625,1.3999671936035156,1.215025544166565,0,0.0,1.3749926090240479,0.49999872769208015,0.003786422350305316,1,1
40,0,110,-2.252577781677246,3.331584930419922,1.5612099170684814,3,0,0,1,0.0,0,0,0,1,7.219963324895867,7.40418815612793,1.3510470390319824,1.2269188165664673,0,0.0,1.3533885478973389,0.4922818886382179,0.2786007878850478,0,0
40,0,110,-2.252577781677246,3.331584930419922,1.5612099170684814,3,0,0,1,0.0,0,0,0,2,7.219963324895867,7.397531509399414,1.3493828773498535,1.427748680114746,0,0.0,1.353470802307129,0.49231113462005943,0.27781084515025817,0,0
40,0,120,-2.249621629714966,3.566848039627075,1.5540082454681396,3,0,0,1,0.0,0,0,0,0,6.433151936531066,7.59965705871582,1.399914264678955,1.044152021408081,0,0.0,1.3749754428863525,0.4999899270974,0.008876177174119444,1,1
40,0,120,-2.249621629714966,3.566848039627075,1.5540082454681396,3,0,0,1,0.0,0,0,0,1,6.990726704643279,7.407461166381836,1.351865291595459,1.0301755666732788,0,0.0,1.3536523580551147,0.49237431375320934,0.28110871578791946,0,0
40,0,120,-2.249621629714966,3.566848039627075,1.5540082454681396,3,0,0,1,0.0,0,0,0,2,6.990726704643279,7.392889022827148,1.348222255706787,1.289250373840332,0,0.0,1.3531702756881714,0.4922022665925917,0.28401530811110026,0,0
40,0,130,-2.245807647705078,3.8030622005462646,1.5596978664398193,3,0,1,0,0.03366994857788086,0,0,0,0,6.196937775611876,7.360121250152588,1.39994478225708,0.8801710605621338,0,0.0,1.374969720840454,0.4999876177822216,0.009850509242528342,1,0
40,0,130,-2.245807647705078,3.8030622005462646,1.5596978664398193,3,0,1,0,0.03366994857788086,0,0,0,1,6.761214417116287,7.393791198730469,1.3484477996826172,1.1687687635421753,0,0.0,1.3529984951019287,0.49214005800459126,0.2848953575768984,0,1
40,0,130,-2.245807647705078,3.8030622005462646,1.5596978664398193,3,0,1,0,0.03366994857788086,0,0,0,2,6.927762011415629,6.8086838722229,1.3113665580749512,0.7816088199615479,0,0.0,1.3532888889312744,0.4922436414325814,0.3027701978280482,0,0
40,0,140,-2.2449703216552734,4.037854194641113,1.5712043046951294,3,0,1,0,0.28112268447875977,0,0,0,0,5.962145781517028,7.116908550262451,1.3999857902526855,0.7584826946258545,0,0.0,1.3749911785125732,0.49999615898103034,0.006218787393421522,1,0
40,0,140,-2.2449703216552734,4.037854194641113,1.5712043046951294,3,0,1,0,0.28112268447875977,0,0,0,1,6.533838632619643,7.398031234741211,1.3495078086853027,1.0358201265335083,0,0.0,1.3531043529510498,0.49217999089286835,0.2812252997120859,0,1
40,0,140,-2.2449703216552734,4.037854194641113,1.5712043046951294,3,0,1,0,0.28112268447875977,0,0,0,2,6.7738307234858155,7.155248641967773,1.2888121604919434,1.0575172901153564,0,0.0,1.3525152206420898,0.4919685633964118,0.30522460752497527,0,0
40,0,150,-2.245049476623535,4.27303409576416,1.5707899332046509,3,0,1,0,0.2375802993774414,0,0,0,0,5.726965880393981,7.0023674964904785,1.3999857902526855,0.7012121081352234,0,0.0,1.3749909400939941,0.49999605404360953,0.006275263424447673,1,0
40,0,150,-2.245049476623535,4.27303409576416,1.5707899332046509,3,0,1,0,0.2375802993774414,0,0,0,1,6.306974688719521,7.23994779586792,1.3493013381958008,0.9213712811470032,0,0.0,1.353103756904602,0.4921798076552698,0.28128467079201175,0,1
40,0,150,-2.245049476623535,4.27303409576416,1.5707899332046509,3,0,1,0,0.2375802993774414,0,0,0,2,6.551896614412756,7.151618957519531,1.2879047393798828,1.0467215776443481,0,0.0,1.352530598640442,0.4919748107661127,0.30513410152084636,0,0
40,0,160,-2.245227098464966,4.508094787597656,1.575608730316162,2,0,1,0,0.055136680603027344,0,0,0,0,5.491905188560485,6.989929676055908,1.3999872207641602,0.694990336894989,0,0.0,1.375000238418579,0.4999981950531853,0.004682196627838857,1,0
40,0,160,-2.245227098464966,4.508094787597656,1.575608730316162,2,0,1,0,0.055136680603027344,0,0,0,1,6.081278837331673,7.0450663566589355,1.3496661186218262,0.8232008814811707,0,0.0,1.3531867265701294,0.4922080031399065,0.27968302484165103,0,1
40,0,170,-2.2497875690460205,4.741951942443848,1.5994236469268799,2,0,0,1,0.0,0,0,0,0,5.258048152923583,6.933207035064697,1.3997433185577393,0.6671168804168701,0,0.0,1.3749364614486694,0.4999738703583751,0.014335397182395493,1,1
40,0,170,-2.2497875690460205,4.741951942443848,1.5994236469268799,2,0,0,1,0.0,0,0,0,1,5.789257350959433,6.854214191436768,1.3661882877349854,0.6947305202484131,0,0.0,1.3552098274230957,0.49292905537532505,0.25236948559598144,0,0
40,0,180,-2.25742506980896,4.97749137878418,1.6053581237792969,3,0,0,1,0.0,0,0,0,0,5.022508716583251,6.559584617614746,1.3995559215545654,0.48068052530288696,0,0.0,1.374819278717041,0.4999228553216953,0.02460800596542794,1,1
40,0,180,-2.25742506980896,4.97749137878418,1.6053581237792969,3,0,0,1,0.0,0,0,0,1,5.634620935777372,6.402617454528809,1.3463702201843262,0.5085684061050415,0,0.0,1.3524879217147827,0.49194713316258276,0.2965152937413715,0,0
40,0,180,-2.25742506980896,4.97749137878418,1.6053581237792969,3,0,0,1,0.0,0,0,0,2,5.637432459380863,6.226198673248291,1.349740982055664,0.4136173725128174,0,0.0,1.3525712490081787,0.49197734706087104,0.2905086982759295,0,0
40,0,190,-2.265474319458008,5.211936950683594,1.6019765138626099,3,0,1,0,0.09687471389770508,0,0,0,0,4.788063144683837,6.237742900848389,1.3994877338409424,0.3198958933353424,0,0.0,1.3747127056121826,0.49987489862373835,0.03187883302230204,1,0
40,0,190,-2.265474319458008,5.211936950683594,1.6019765138626099,3,0,1,0,0.09687471389770508,0,0,0,1,5.414151673693909,6.334617614746094,1.341113567352295,0.4850815534591675,0,0.0,1.3490203619003296,0.4906990718094721,0.306576944354612,0,1
40,0,190,-2.265474319458008,5.211936950683594,1.6019765138626099,3,0,1,0,0.09687471389770508,0,0,0,2,5.568912291903695,5.9088006019592285,1.3250763416290283,0.3042476177215576,0,0.0,1.354382872581482,0.4926141864403717,0.30797122112860736,0,0
40,0,200,-2.2706642150878906,5.4457173347473145,1.584472417831421,3,0,1,0,0.23285675048828125,0,0,0,0,4.554282760620116,6.1015472412109375,1.3886852264404297,0.27340322732925415,0,0.0,1.3637797832489014,0.495974155280226,0.03132098935559275,1,0
40,0,200,-2.2706642150878906,5.4457173347473145,1.584472417831421,3,0,1,0,0.23285675048828125,0,0,0,1,5.196601343485712,6.334403991699219,1.3450102806091309,0.4771815538406372,0,0.0,1.351715326309204,0.491665098034959,0.30587128427902144,0,1
40,0,200,-2.2706642150878906,5.4457173347473145,1.584472417831421,3,0,1,0,0.23285675048828125,0,0,0,2,5.394017678745543,5.248586177825928,1.2547097206115723,0.11487367004156113,0,0.0,1.3166619539260864,0.4791456215577162,0.3056511006398634,0,0
40,0,210,-2.273630380630493,5.682241439819336,1.5871034860610962,3,0,1,0,0.2563667297363281,0,0,0,0,4.317758655548094,5.865999698638916,1.3299388885498047,0.27312201261520386,0,0.0,1.30506432056427,0.47499739563691773,0.03609318350821972,1,0
40,0,210,-2.273630380630493,5.682241439819336,1.5871034860610962,3,0,1,0,0.2563667297363281,0,0,0,1,4.979429140343214,6.122366428375244,1.343885898590088,0.3734114468097687,0,0.0,1.3513253927230835,0.49151962497436813,0.31058123517525316,0,1
40,0,210,-2.273630380630493,5.682241439819336,1.5871034860610962,3,0,1,0,0.2563667297363281,0,0,0,2,5.2283139684105215,-15.522042274475098,1.1208789348602295,-0.0027789687737822533,1,0.0,1.2187567949295044,0.44320365247082066,0.34323940029812033,0,0
40,0,220,-2.2816219329833984,5.917123794555664,1.6266374588012695,3,0,1,0,0.2542104721069336,0,0,0,0,4.083641641778488,5.7794508934021,1.2845966815948486,0.32053205370903015,0,0.0,1.2613248825073242,0.4594016728941093,0.023925677503217842,1,0
40,0,220,-2.2816219329833984,5.917123794555664,1.6266374588012695,3,0,1,0,0.2542104721069336,0,0,0,1,4.790422846834643,6.033661365509033,1.336712121963501,0.3434065282344818,0,0.0,1.3529983758926392,0.4921419196140525,0.2903272022352767,0,1
40,0,220,-2.2816219329833984,5.917123794555664,1.6266374588012695,3,0,1,0,0.2542104721069336,0,0,0,2,5.08626352792278,-16.501909255981445,0.9220077991485596,-0.09497027844190598,1,0.0,1.0792514085769653,0.3928897088203303,0.48608934088032496,0,0
40,0,230,-2.3004584312438965,6.1506028175354,1.666446566581726,3,0,2,0,0.3810696601867676,0,0,0,0,3.8502902346312684,5.500657558441162,1.202322244644165,0.34568437933921814,0,0.0,1.1805602312088013,0.4305156144471014,0.04932918942156139,1,0
40,0,230,-2.3004584312438965,6.1506028175354,1.666446566581726,3,0,2,0,0.3810696601867676,0,0,0,1,4.58673052620906,5.751354217529297,1.268575668334961,0.33852577209472656,0,0.0,1.2870734930038452,0.46855561240636173,0.3103341192541933,0,0
40,0,230,-2.3004584312438965,6.1506028175354,1.666446566581726,3,0,2,0,0.3810696601867676,0,0,0,2,4.899734907905346,5.88172721862793,1.24357008934021,0.4537234306335449,0,0.0,1.3551747798919678,0.4928782929928082,0.2920686406092612,0,1
40,0,240,-2.324335813522339,6.384129047393799,1.6658971309661865,3,0,1,0,0.13368606567382812,0,0,0,0,3.616942715176341,5.218269348144531,1.132291555404663,0.3445516526699066,0,0.0,1.110219955444336,0.4053274529848706,0.0694021267212193,1,0
40,0,240,-2.324335813522339,6.384129047393799,1.6658971309661865,3,0,1,0,0.13368606567382812,0,0,0,1,4.389672112642888,5.351955413818359,1.1912939548492432,0.2933896780014038,0,0.0,1.2018376588821411,0.438048066924768,0.3083516728318507,0,1
40,0,240,-2.324335813522339,6.384129047393799,1.6658971309661865,3,0,1,0,0.13368606567382812,0,0,0,2,4.393776349753394,4.940706253051758,1.0890226364135742,0.29230791330337524,0,0.0,1.0686745643615723,0.39048985552723986,0.2329802602390745,0,0
40,0,250,-2.339665412902832,6.61710262298584,1.6163290739059448,3,0,0,1,0.0,0,0,0,0,3.3882418099700944,5.4797682762146,1.1958458423614502,0.34819239377975464,0,0.0,1.1734181642532349,0.4280045669561937,0.017733011570803377,1,1
40,0,250,-2.339665412902832,6.61710262298584,1.6163290739059448,3,0,0,1,0.0,0,0,0,1,4.112692227765137,5.02832555770874,1.09476637840271,0.32463008165359497,0,0.0,1.078558087348938,0.3941260841469086,0.23649954743024912,0,0
40,0,250,-2.339665412902832,6.61710262298584,1.6163290739059448,3,0,0,1,0.0,0,0,0,2,4.23350852239777,5.397361755371094,1.2067103385925293,0.28526026010513306,0,0.0,1.2143505811691284,0.44262387341339554,0.2550101712322891,0,0
40,0,260,-2.3469982147216797,6.853580474853516,1.5934487581253052,3,0,0,1,0.0,0,0,0,0,3.1535625685301514,5.470057964324951,1.1950322389602661,0.34496453404426575,0,0.0,1.1717712879180908,0.427417246435719,0.009225147875982453,1,1
40,0,260,-2.3469982147216797,6.853580474853516,1.5934487581253052,3,0,0,1,0.0,0,0,0,1,4.058740100218237,5.2479448318481445,1.1704660654067993,0.2830404043197632,0,0.0,1.1701276302337646,0.4268304175752585,0.2367560069624142,0,0
40,0,260,-2.3469982147216797,6.853580474853516,1.5934487581253052,3,0,0,1,0.0,0,0,0,2,4.168668912534001,4.081933498382568,0.8804841041564941,0.2799985408782959,0,0.0,0.8773390054702759,0.3222635074767752,0.27197383814861653,0,0
40,0,270,-2.3575470447540283,7.082776069641113,1.6381241083145142,3,0,0,1,0.0,0,0,0,0,2.9278057034150025,5.675295352935791,1.2370420694351196,0.363563597202301,0,0.0,1.2207684516906738,0.4433110410240417,0.04069205690121628,1,1
40,0,270,-2.3575470447540283,7.082776069641113,1.6381241083145142,3,0,0,1,0.0,0,0,0,1,3.905910274881469,5.37565803527832,1.1884604692459106,0.31090813875198364,0,0.0,1.2008651494979858,0.4362021099667018,0.2787629890026278,0,0
40,0,270,-2.3575470447540283,7.082776069641113,1.6381241083145142,3,0,0,1,0.0,0,0,0,2,4.171501039435142,3.489184856414795,0.726212739944458,0.29216691851615906,0,0.0,0.7367377281188965,0.2703075696208098,0.30531439307830766,0,0
40,0,280,-2.3730742931365967,7.3059282302856445,1.6331329345703125,3,0,0,1,0.0,0,0,0,0,2.7137632941189906,5.998081684112549,1.3152503967285156,0.3685399889945984,0,0.0,1.2998195886611938,0.4715173319795805,0.053638930591604676,1,1
40,0,280,-2.3730742931365967,7.3059282302856445,1.6331329345703125,3,0,0,1,0.0,0,0,0,1,3.778142671685317,5.739767074584961,1.2506717443466187,0.3685399889945984,0,0.0,1.2771183252334595,0.46340924834687014,0.3121602025406754,0,0
40,0,280,-2.3730742931365967,7.3059282302856445,1.6331329345703125,3,0,0,1,0.0,0,0,0,2,4.145517006337645,3.3797245025634766,0.6821033954620361,0.3256554901599884,0,0.0,0.7195886969566345,0.26427037198284864,0.3454307369434217,0,0
40,1,0,-2.25,1.0,1.5707963267948966,3,0,0,1,0.0,0,0,0,0,9.0,7.150001525878906,1.2875003814697266,1.8949999809265137,0,0.0,1.2850003242492676,0.45982142857142855,0.0,1,1
40,1,0,-2.25,1.0,1.5707963267948966,3,0,0,1,0.0,0,0,0,1,9.513236186146589,6.992805480957031,1.2482013702392578,1.6120399236679077,0,0.0,1.2636055946350098,0.45218076037786004,0.2523747889156115,0,0
40,1,0,-2.25,1.0,1.5707963267948966,3,0,0,1,0.0,0,0,0,2,9.513236186146589,6.992805480957031,1.2482013702392578,1.6120399236679077,0,0.0,1.2636055946350098,0.45218076037786004,0.25237478891561166,0,0
40,1,10,-2.252131462097168,1.0681453943252563,1.6243609189987183,3,0,0,1,0.0,0,0,0,0,8.95,7.464860916137695,1.3662152290344238,1.8447526693344116,0,0.0,1.3533369302749634,0.4881130916589142,0.03149939818238904,1,1
40,1,10,-2.252131462097168,1.0681453943252563,1.6243609189987183,3,0,0,1,0.0,0,0,0,1,9.463793281809847,7.257776260375977,1.3144440650939941,1.5391287803649902,0,0.0,1.3318159580230713,0.48042699105347225,0.30249938891747474,0,0
40,1,10,-2.252131462097168,1.0681453943252563,1.6243609189987183,3,0,0,1,0.0,0,0,0,2,9.463793281809847,7.2992401123046875,1.3248100280761719,1.6145884990692139,0,0.0,1.3335143327713013,0.48103362446071435,0.2923700433044911,0,0
40,1,20,-2.264166831970215,1.2348971366882324,1.6433980464935303,3,0,0,1,0.0,0,0,0,0,8.75,7.590015411376953,1.3975038528442383,1.8196775913238525,0,0.0,1.3742209672927856,0.49940299615627987,0.050075089164460164,1,1
40,1,20,-2.264166831970215,1.2348971366882324,1.6433980464935303,3,0,0,1,0.0,0,0,0,1,9.26610276253317,7.366752624511719,1.3416881561279297,1.5144670009613037,0,0.0,1.3504278659820557,0.49090512907039063,0.3220910311826036,0,0
40,1,20,-2.264166831970215,1.2348971366882324,1.6433980464935303,3,0,0,1,0.0,0,0,0,2,9.26610276253317,7.429893493652344,1.357473373413086,1.6387205123901367,0,0.0,1.354069709777832,0.4922058167190384,0.3002028936381444,0,0
40,1,30,-2.2759273052215576,1.466516137123108,1.5981998443603516,3,0,0,1,0.0,0,0,0,0,8.550204914590983,7.597019195556641,1.3992547988891602,1.8430507183074951,0,0.0,1.3748695850372314,0.49994776644730893,0.02391111756648077,1,1
40,1,30,-2.2759273052215576,1.466516137123108,1.5981998443603516,3,0,0,1,0.0,0,0,0,1,9.06082040629453,7.398908615112305,1.3497271537780762,1.6149011850357056,0,0.0,1.3508912324905396,0.4913841574486718,0.30152209400781527,0,0
40,1,30,-2.2759273052215576,1.466516137123108,1.5981998443603516,3,0,0,1,0.0,0,0,0,2,9.076648414228565,7.380254745483398,1.3450636863708496,1.4898985624313354,0,0.0,1.3535642623901367,0.4923387981683379,0.2845399358136171,0,0
40,1,40,-2.2779595851898193,1.7012983560562134,1.5730206966400146,3,0,0,1,0.0,0,0,0,0,8.3002136713115,7.598470687866211,1.3996176719665527,1.8437548875808716,0,0.0,1.3748488426208496,0.4999295697660525,0.026471833741981227,1,1
40,1,40,-2.2779595851898193,1.7012983560562134,1.5730206966400146,3,0,0,1,0.0,0,0,0,1,8.813795614018574,7.399980545043945,1.3499951362609863,1.6144267320632935,0,0.0,1.351580262184143,0.4916194157986881,0.3012835715606591,0,0
40,1,40,-2.2779595851898193,1.7012983560562134,1.5730206966400146,3,0,0,1,0.0,0,0,0,2,8.830235022619542,7.400373458862305,1.3500933647155762,1.5384920835494995,0,0.0,1.3543856143951416,0.4926213530071732,0.28326723174409363,0,0
40,1,50,-2.280524253845215,1.9353759288787842,1.593044400215149,3,0,0,1,0.0,0,0,0,0,8.050223209837263,7.597850799560547,1.3994626998901367,1.8434895277023315,0,0.0,1.3749254941940308,0.4999690345989491,0.01933826207883788,1,1
40,1,50,-2.280524253845215,1.9353759288787842,1.593044400215149,3,0,0,1,0.0,0,0,0,1,8.567011976328542,7.412498474121094,1.3531246185302734,1.6385598182678223,0,0.0,1.3519446849822998,0.4917615926910015,0.2916768817239426,0,0
40,1,50,-2.280524253845215,1.9353759288787842,1.593044400215149,3,0,0,1,0.0,0,0,0,2,8.58411117861617,7.395717620849609,1.3489294052124023,1.514553189277649,0,0.0,1.353743314743042,0.4924040301457174,0.2797814941816413,0,0
40,1,60,-2.289409637451172,2.170884609222412,1.6148401498794556,3,0,0,1,0.0,0,0,0,0,7.850231476520241,7.596488952636719,1.3991222381591797,1.8190076351165771,0,0.0,1.3749209642410278,0.49997103937501436,0.017742772884659926,1,1
40,1,60,-2.289409637451172,2.170884609222412,1.6148401498794556,3,0,0,1,0.0,0,0,0,1,8.369778914365407,7.406373977661133,1.3515934944152832,1.639742374420166,0,0.0,1.3518662452697754,0.4917371035490325,0.29520870112436615,0,0
40,1,60,-2.289409637451172,2.170884609222412,1.6148401498794556,3,0,0,1,0.0,0,0,0,2,8.387444715047044,7.363777160644531,1.3409442901611328,1.4896478652954102,0,0.0,1.3520333766937256,0.4917967714573757,0.29346355609438646,0,0
40,1,70,-2.299428701400757,2.4055936336517334,1.6088591814041138,3,0,0,1,0.0,0,0,0,0,7.600242712727235,7.597345352172852,1.399336338043213,1.818225383758545,0,0.0,1.3748899698257446,0.49995504217072995,0.018864309579105617,1,1
40,1,70,-2.299428701400757,2.4055936336517334,1.6088591814041138,3,0,0,1,0.0,0,0,0,1,8.123509301822907,7.416963577270508,1.354240894317627,1.6398518085479736,0,0.0,1.3533393144607544,0.49225834448160083,0.2897746138314455,0,0
40,1,70,-2.299428701400757,2.4055936336517334,1.6088591814041138,3,0,0,1,0.0,0,0,0,2,8.141937469843858,7.374868392944336,1.343717098236084,1.4894847869873047,0,0.0,1.3524433374404907,0.4919381441631488,0.2950205189824186,0,0
40,1,80,-2.3058578968048096,2.6402690410614014,1.5879050493240356,3,0,0,1,0.0,0,0,0,0,7.350255095400645,7.599061965942383,1.3997654914855957,1.7652827501296997,0,0.0,1.3749361038208008,0.49997292818505173,0.014805036233871378,1,1
40,1,80,-2.3058578968048096,2.6402690410614014,1.5879050493240356,3,0,0,1,0.0,0,0,0,1,7.87757984230967,7.41478157043457,1.3536953926086426,1.6394425630569458,0,0.0,1.3530840873718262,0.4921682268008575,0.28132300194078663,0,0
40,1,80,-2.3058578968048096,2.6402690410614014,1.5879050493240356,3,0,0,1,0.0,0,0,0,2,7.896837824575627,7.38676643371582,1.346691608428955,1.5143694877624512,0,0.0,1.3518877029418945,0.4917412623568157,0.28844525183767733,0,0
40,1,90,-2.306154727935791,2.8744020462036133,1.56136155128479,3,0,0,1,0.0,0,0,0,0,7.125865297598127,7.599939346313477,1.3999848365783691,1.5720454454421997,0,0.0,1.3749914169311523,0.4999973188685605,0.005893353045706409,1,1
40,1,90,-2.306154727935791,2.8744020462036133,1.56136155128479,3,0,0,1,0.0,0,0,0,1,7.657160777174436,7.398159027099609,1.3495397567749023,1.6033059358596802,0,0.0,1.3520864248275757,0.4918167123934727,0.2788772870415063,0,0
40,1,90,-2.306154727935791,2.8744020462036133,1.56136155128479,3,0,0,1,0.0,0,0,0,2,7.677228547288866,7.391122817993164,1.347780704498291,1.5118796825408936,0,0.0,1.3515751361846924,0.49163387700511146,0.2821245642030739,0,0
40,1,100,-2.30159068107605,3.1090571880340576,1.5465466976165771,3,0,0,1,0.0,0,0,0,0,6.891224280769,7.599729537963867,1.3999323844909668,1.3657156229019165,0,0.0,1.3749637603759766,0.4999845802810528,0.011243433165998403,1,1
40,1,100,-2.30159068107605,3.1090571880340576,1.5465466976165771,3,0,0,1,0.0,0,0,0,1,7.427050205271273,7.397434234619141,1.3493585586547852,1.5036673545837402,0,0.0,1.3531891107559204,0.4922082974067484,0.2861455428919368,0,0
40,1,100,-2.30159068107605,3.1090571880340576,1.5465466976165771,3,0,0,1,0.0,0,0,0,2,7.4480392050847115,7.404890060424805,1.3512225151062012,1.374867558479309,0,0.0,1.353610634803772,0.4923589580302489,0.2838078138642372,0,0
40,1,110,-2.2966156005859375,3.3452577590942383,1.555665373802185,3,0,0,1,0.0,0,0,0,0,6.655039489940548,7.59980583190918,1.399951457977295,1.1799743175506592,0,0.0,1.3749632835388184,0.4999843132189996,0.011067854222866864,1,1
40,1,110,-2.2966156005859375,3.3452577590942383,1.555665373802185,3,0,0,1,0.0,0,0,0,1,7.195872161580256,7.399702072143555,1.3499255180358887,1.3918910026550293,0,0.0,1.3529895544052124,0.4921371779706552,0.286117375859045,0,0
40,1,110,-2.2966156005859375,3.3452577590942383,1.555665373802185,3,0,0,1,0.0,0,0,0,2,7.217875746342189,7.401861190795898,1.3504652976989746,1.209054946899414,0,0.0,1.353808879852295,0.4924291441276561,0.2808579101441305,0,0
40,1,120,-2.294245719909668,3.5802464485168457,1.5666954517364502,3,0,0,1,0.0,0,0,0,0,6.420068396164039,7.5828351974487305,1.3999266624450684,0.9915642142295837,0,0.0,1.3749812841415405,0.4999911379455454,0.00897546929224285,1,1
40,1,120,-2.294245719909668,3.5802464485168457,1.5666954517364502,3,0,0,1,0.0,0,0,0,1,6.966394338053652,7.4033660888671875,1.3508415222167969,1.2417656183242798,0,0.0,1.352990984916687,0.4921383210780265,0.283961709218515,0,0
40,1,120,-2.294245719909668,3.5802464485168457,1.5666954517364502,3,0,0,1,0.0,0,0,0,2,6.989506685139961,7.349564075469971,1.349250316619873,0.9762814044952393,0,0.0,1.3538386821746826,0.4924412075471239,0.2782504914710017,0,0
40,1,130,-2.2942559719085693,3.8164448738098145,1.5746636390686035,3,0,1,0,0.1567702293395996,0,0,0,0,6.1838898888787845,7.249586582183838,1.3998732566833496,0.8250467777252197,0,0.0,1.3749921321868896,0.49999658476312664,0.006308249887466184,1,0
40,1,130,-2.2942559719085693,3.8164448738098145,1.5746636390686035,3,0,1,0,0.1567702293395996,0,0,0,1,6.736334857299301,7.4063568115234375,1.3515892028808594,1.105811357498169,0,0.0,1.3531056642532349,0.49218133171045075,0.2812843612776578,0,1
40,1,130,-2.2942559719085693,3.8164448738098145,1.5746636390686035,3,0,1,0,0.1567702293395996,0,0,0,2,6.929729607411267,6.736278533935547,1.3055996894836426,0.7569398283958435,0,0.0,1.3535385131835938,0.49233451568213954,0.297410822621148,0,0
40,1,140,-2.2962307929992676,4.051567554473877,1.5810878276824951,3,0,1,0,0.34807634353637695,0,0,0,0,5.948789706325835,7.023994445800781,1.3998088836669922,0.7123793959617615,0,0.0,1.374993085861206,0.4999986689098825,0.0039732644793162184,1,0
40,1,140,-2.2962307929992676,4.051567554473877,1.5810878276824951,3,0,1,0,0.34807634353637695,0,0,0,1,6.508021168948948,7.372070789337158,1.3523149490356445,0.98140549659729,0,0.0,1.3533177375793457,0.4922566768549372,0.27887315655201267,0,1
40,1,140,-2.2962307929992676,4.051567554473877,1.5810878276824951,3,0,1,0,0.34807634353637695,0,0,0,2,6.74494803862091,7.178497314453125,1.2946243286132812,1.1284267902374268,0,0.0,1.3523333072662354,0.4919049048983358,0.30516055993557945,0,0
40,1,150,-2.299318790435791,4.2869343757629395,1.5840961933135986,3,0,2,0,0.2767505645751953,0,0,0,0,5.7134486532627555,6.902318954467773,1.399773120880127,0.651613175868988,0,0.0,1.374989628791809,0.4999951688231762,0.006244009944273162,1,0
40,1,150,-2.299318790435791,4.2869343757629395,1.5840961933135986,3,0,2,0,0.2767505645751953,0,0,0,1,6.2802923831847455,7.14145565032959,1.352783203125,0.8651614785194397,0,0.0,1.3535511493682861,0.4923383224073641,0.2798906025428223,0,0
40,1,150,-2.299318790435791,4.2869343757629395,1.5840961933135986,3,0,2,0,0.2767505645751953,0,0,0,2,6.522059276577478,7.179069519042969,1.2947673797607422,1.1059435606002808,0,0.0,1.352475881576538,0.4919546666926823,0.3060741934823444,0,1
40,1,160,-2.3016815185546875,4.522446632385254,1.5780876874923706,2,0,1,0,0.05348920822143555,0,0,0,0,5.477966190265405,6.889348983764648,1.3998541831970215,0.6449662446975708,0,0.0,1.3749958276748657,0.49999640790630145,0.005317616575311621,1,0
40,1,160,-2.3016815185546875,4.522446632385254,1.5780876874923706,2,0,1,0,0.05348920822143555,0,0,0,1,6.053401442131411,6.942838191986084,1.3523077964782715,0.7668034434318542,0,0.0,1.3536301851272583,0.49236645969877346,0.27783792662451623,0,1
40,1,170,-2.304306745529175,4.7592363357543945,1.5853123664855957,2,0,0,1,0.0,0,0,0,0,5.2412116297352815,6.838722229003906,1.3997235298156738,0.619914174079895,0,0.0,1.3749631643295288,0.4999829979070652,0.011615674782444746,1,1
40,1,170,-2.304306745529175,4.7592363357543945,1.5853123664855957,2,0,0,1,0.0,0,0,0,1,5.75876657959753,6.761357307434082,1.3667118549346924,0.647255003452301,0,0.0,1.355254054069519,0.4929448799261723,0.248943208680417,0,0
40,1,180,-2.3089170455932617,4.993963718414307,1.592657446861267,3,0,0,1,0.0,0,0,0,0,5.006525368602403,6.590002536773682,1.3995139598846436,0.4959733486175537,0,0.0,1.3748810291290283,0.49994938423826846,0.020099849545392567,1,1
40,1,180,-2.3089170455932617,4.993963718414307,1.592657446861267,3,0,0,1,0.0,0,0,0,1,5.638993209596603,6.142341613769531,1.343231201171875,0.3847085237503052,0,0.0,1.346435785293579,0.48979010749288526,0.28588704760442163,0,0
40,1,180,-2.3089170455932617,4.993963718414307,1.592657446861267,3,0,0,1,0.0,0,0,0,2,5.677322744345934,6.420419692993164,1.3439350128173828,0.5223397612571716,0,0.0,1.353925108909607,0.49246528471280243,0.29627783536866437,0,0
40,1,190,-2.313854455947876,5.229886531829834,1.5890758037567139,3,0,0,1,0.0,0,0,0,0,4.770652267728003,6.327336311340332,1.39951753616333,0.36463314294815063,0,0.0,1.3748390674591064,0.49992940806258296,0.02450072623122131,1,1
40,1,190,-2.313854455947876,5.229886531829834,1.5890758037567139,3,0,0,1,0.0,0,0,0,1,5.4154492202385995,6.2479095458984375,1.331559181213379,0.4608365297317505,0,0.0,1.339619517326355,0.4873519125063933,0.29901783904347695,0,0
40,1,190,-2.313854455947876,5.229886531829834,1.5890758037567139,3,0,0,1,0.0,0,0,0,2,5.568981083822695,5.821809768676758,1.3139193058013916,0.2830662727355957,0,0.0,1.3540959358215332,0.49252221084639863,0.30500619853806754,0,0
40,1,200,-2.316987991333008,5.465649127960205,1.581034779548645,3,0,1,0,0.16690635681152344,0,0,0,0,4.534950588223001,6.222105979919434,1.395197868347168,0.3206571340560913,0,0.0,1.3704208135604858,0.49835178381460243,0.025380864100697665,1,0
40,1,200,-2.316987991333008,5.465649127960205,1.581034779548645,3,0,1,0,0.16690635681152344,0,0,0,1,5.197700891978066,6.389012336730957,1.3426635265350342,0.5091789960861206,0,0.0,1.3516954183578491,0.4916644336326711,0.30005349404649173,0,1
40,1,200,-2.316987991333008,5.465649127960205,1.581034779548645,3,0,1,0,0.16690635681152344,0,0,0,2,5.43460198699137,5.183014869689941,1.2467830181121826,0.09794139862060547,0,0.0,1.3190810680389404,0.47989086063140807,0.3081045806094398,0,0
40,1,210,-2.3197524547576904,5.69727897644043,1.5867918729782104,3,0,1,0,0.15165185928344727,0,0,0,0,4.30339567942685,6.052465438842773,1.352909803390503,0.3204130530357361,0,0.0,1.328234076499939,0.48327833073362136,0.031036743620700323,1,0
40,1,210,-2.3197524547576904,5.69727897644043,1.5867918729782104,3,0,1,0,0.15165185928344727,0,0,0,1,4.98688908185466,6.204117298126221,1.3412830829620361,0.41949254274368286,0,0.0,1.3517118692398071,0.491663287338575,0.30565968894770607,0,1
40,1,210,-2.3197524547576904,5.69727897644043,1.5867918729782104,3,0,1,0,0.15165185928344727,0,0,0,2,5.229602701508982,4.479669570922852,1.114938497543335,0.009957749396562576,0,0.0,1.218799114227295,0.4429850486055203,0.3613252735077022,0,0
40,1,220,-2.324636459350586,5.931978702545166,1.5976510047912598,3,0,1,0,0.2663612365722656,0,0,0,0,4.068793756977861,5.763889789581299,1.2809784412384033,0.31998807191848755,0,0.0,1.256515383720398,0.4576490912075909,0.041238467527872226,1,0
40,1,220,-2.324636459350586,5.931978702545166,1.5976510047912598,3,0,1,0,0.2663612365722656,0,0,0,1,4.777297498785684,6.0302510261535645,1.3363983631134033,0.3423287570476532,0,0.0,1.3489269018173218,0.4906532142878116,0.31531764908195464,0,1
40,1,220,-2.324636459350586,5.931978702545166,1.5976510047912598,3,0,1,0,0.2663612365722656,0,0,0,2,5.073365242446615,-16.51350212097168,0.9197492599487305,-0.0962492823600769,1,0.0,1.1105613708496094,0.40421558352184456,0.6386329849170733,0,0
40,1,230,-2.332875967025757,6.166767120361328,1.6121845245361328,3,0,2,0,0.13851213455200195,0,0,0,0,3.8368429843151786,5.812305450439453,1.271968126296997,0.36221635341644287,0,0.0,1.2492554187774658,0.4550909256214389,0.016300921852262222,1,0
40,1,230,-2.332875967025757,6.166767120361328,1.6121845245361328,3,0,2,0,0.13851213455200195,0,0,0,1,4.5517945958528365,5.499787330627441,1.233935832977295,0.2820219397544861,0,0.0,1.2130240201950073,0.44215138239376145,0.18752119137747986,0,0
40,1,230,-2.332875967025757,6.166767120361328,1.6121845245361328,3,0,2,0,0.13851213455200195,0,0,0,2,4.599004447103724,5.950817584991455,1.314450740814209,0.3465072214603424,0,0.0,1.3326679468154907,0.4848814450576283,0.2764439038252349,0,1
40,1,240,-2.3450677394866943,6.402172565460205,1.625401258468628,3,0,2,0,0.04349470138549805,0,0,0,0,3.602175350549091,5.621498107910156,1.2207090854644775,0.36933088302612305,0,0.0,1.198510766029358,0.43695929132797484,0.024000592681632908,1,0
40,1,240,-2.3450677394866943,6.402172565460205,1.625401258468628,3,0,2,0,0.04349470138549805,0,0,0,1,4.293835969253885,4.972261905670166,1.1075527667999268,0.2710254192352295,0,0.0,1.0920584201812744,0.3989411722204527,0.2506205674940914,0,0
40,1,240,-2.3450677394866943,6.402172565460205,1.625401258468628,3,0,2,0,0.04349470138549805,0,0,0,2,4.403566619221169,5.664992809295654,1.2594709396362305,0.3135545253753662,0,0.0,1.2751796245574951,0.4643412730993846,0.2781430625075056,0,1
40,1,250,-2.3555352687835693,6.6368489265441895,1.6021479368209839,3,0,0,1,0.0,0,0,0,0,3.3686103946305255,5.48879861831665,1.1972370147705078,0.34992536902427673,0,0.0,1.1740531921386719,0.42822380908399327,0.020527776620483718,1,1
40,1,250,-2.3555352687835693,6.6368489265441895,1.6021479368209839,3,0,0,1,0.0,0,0,0,1,4.096453990169489,5.030651092529297,1.095043659210205,0.3252381384372711,0,0.0,1.078605055809021,0.3941350611012382,0.2313769568524617,0,0
40,1,250,-2.3555352687835693,6.6368489265441895,1.6021479368209839,3,0,0,1,0.0,0,0,0,2,4.2183706537781624,5.385368824005127,1.204420566558838,0.28384333848953247,0,0.0,1.209897518157959,0.4410258642311405,0.25998842143672396,0,0
40,1,260,-2.3587732315063477,6.873200416564941,1.583040475845337,3,0,0,1,0.0,0,0,0,0,3.134147502536661,5.472639560699463,1.195736289024353,0.3448472321033478,0,0.0,1.1724663972854614,0.4275051909397972,0.01573698453723097,1,1
40,1,260,-2.3587732315063477,6.873200416564941,1.583040475845337,3,0,0,1,0.0,0,0,0,1,4.044948313650096,5.239434719085693,1.1688506603240967,0.28201600909233093,0,0.0,1.1675037145614624,0.4257327557016805,0.2431181544257852,0,0
40,1,260,-2.3587732315063477,6.873200416564941,1.583040475845337,3,0,0,1,0.0,0,0,0,2,4.154588773147184,4.133208274841309,0.88881516456604,0.28897392749786377,0,0.0,0.887493908405304,0.3257297962517112,0.27011129374458553,0,0
40,1,270,-2.361337900161743,7.104784965515137,1.5826289653778076,3,0,0,1,0.0,0,0,0,0,2.906307475118909,5.58461856842041,1.2238080501556396,0.3446930944919586,0,0.0,1.2050936222076416,0.43761779154340036,0.01881260319136655,1,1
40,1,270,-2.361337900161743,7.104784965515137,1.5826289653778076,3,0,0,1,0.0,0,0,0,1,3.8922883434929383,5.342475414276123,1.1813395023345947,0.3085586726665497,0,0.0,1.1854184865951538,0.4305908064110449,0.2519996686513649,0,0
40,1,270,-2.361337900161743,7.104784965515137,1.5826289653778076,3,0,0,1,0.0,0,0,0,2,4.218453614856411,3.458463668823242,0.7242693901062012,0.28069302439689636,0,0.0,0.7393726110458374,0.2711975909214303,0.28177775372512964,0,0
40,1,280,-2.3644089698791504,7.3287224769592285,1.586076259613037,3,0,0,1,0.0,0,0,0,0,2.6928245959708477,5.96793794631958,1.3071585893630981,0.3696518838405609,0,0.0,1.2888808250427246,0.46767586371938963,0.023909396226047503,1,1
40,1,280,-2.3644089698791504,7.3287224769592285,1.586076259613037,3,0,0,1,0.0,0,0,0,1,3.7665073738243207,5.697164535522461,1.2504048347473145,0.34777262806892395,0,0.0,1.2678370475769043,0.460161790426545,0.27957019235394726,0,0
40,1,280,-2.3644089698791504,7.3287224769592285,1.586076259613037,3,0,0,1,0.0,0,0,0,2,4.133664755185368,3.153219699859619,0.6353099346160889,0.30598995089530945,0,0.0,0.6831916570663452,0.25113677213384966,0.3431773889880307,0,0
42,0,0,-2.25,1.0,1.5707963267948966,3,0,0,1,0.0,0,0,0,0,9.0,7.150001525878906,1.2875003814697266,1.8949999809265137,0,0.0,1.2850003242492676,0.45982142857142855,0.0,1,1
42,0,0,-2.25,1.0,1.5707963267948966,3,0,0,1,0.0,0,0,0,1,9.513236186146589,6.992805480957031,1.2482013702392578,1.6120399236679077,0,0.0,1.2636055946350098,0.45218076037786004,0.2523747889156115,0,0
42,0,0,-2.25,1.0,1.5707963267948966,3,0,0,1,0.0,0,0,0,2,9.513236186146589,6.992805480957031,1.2482013702392578,1.6120399236679077,0,0.0,1.2636055946350098,0.45218076037786004,0.25237478891561166,0,0
42,0,10,-2.2493691444396973,1.0683510303497314,1.5572539567947388,3,0,0,1,0.0,0,0,0,0,8.95,7.467267990112305,1.3668169975280762,1.8945108652114868,0,0.0,1.3534741401672363,0.4881587320359878,0.007073459404834525,1,1
42,0,10,-2.2493691444396973,1.0683510303497314,1.5572539567947388,3,0,0,1,0.0,0,0,0,1,9.463793281809847,7.285696029663086,1.3214240074157715,1.5892372131347656,0,0.0,1.3329665660858154,0.48083440650032705,0.2759820275548221,0,0
42,0,10,-2.2493691444396973,1.0683510303497314,1.5572539567947388,3,0,0,1,0.0,0,0,0,2,9.463793281809847,7.275457382202148,1.318864345550537,1.5645002126693726,0,0.0,1.3325837850570679,0.48069775594556,0.27808929979988783,0,0
42,0,20,-2.247762680053711,1.2233102321624756,1.5650391578674316,3,0,0,1,0.0,0,0,0,0,8.799999999999999,7.587762832641602,1.3969407081604004,1.894482970237732,0,0.0,1.3747185468673706,0.4989092929293397,0.005269078761768749,1,1
42,0,20,-2.247762680053711,1.2233102321624756,1.5650391578674316,3,0,0,1,0.0,0,0,0,1,9.31551287810118,7.387655258178711,1.3469138145446777,1.5646470785140991,0,0.0,1.3535209894180298,0.4913382612790332,0.2801105553387825,0,0
42,0,20,-2.247762680053711,1.2233102321624756,1.5650391578674316,3,0,0,1,0.0,0,0,0,2,9.31551287810118,7.381641387939453,1.3454103469848633,1.5646183490753174,0,0.0,1.3530724048614502,0.49117807682171033,0.28305902444730807,0,0
42,0,30,-2.2470500469207764,1.4506596326828003,1.5666232109069824,3,0,0,1,0.0,0,0,0,0,8.549999999999999,7.599941253662109,1.3999853134155273,1.8944354057312012,0,0.0,1.3749892711639404,0.499996709974128,0.005235958467032617,1,1
42,0,30,-2.2470500469207764,1.4506596326828003,1.5666232109069824,3,0,0,1,0.0,0,0,0,1,9.0685506996768,7.404453277587891,1.3511133193969727,1.5647401809692383,0,0.0,1.3533709049224854,0.4922749036605466,0.27738276968061254,0,0
42,0,30,-2.2470500469207764,1.4506596326828003,1.5666232109069824,3,0,0,1,0.0,0,0,0,2,9.0685506996768,7.399585723876953,1.3498964309692383,1.564458966255188,0,0.0,1.352891445159912,0.4921037149869568,0.2804074968653456,0,0
42,0,40,-2.246227264404297,1.686084270477295,1.5701748132705688,3,0,0,1,0.0,0,0,0,0,8.299999999999999,7.599966049194336,1.399991512298584,1.894463300704956,0,0.0,1.3749946355819702,0.49999737400721955,0.004982434707413459,1,1
42,0,40,-2.246227264404297,1.686084270477295,1.5701748132705688,3,0,0,1,0.0,0,0,0,1,8.82182489730488,7.4066009521484375,1.3516502380371094,1.5883593559265137,0,0.0,1.35304856300354,0.49215967578607894,0.27476721631453266,0,0
42,0,40,-2.246227264404297,1.686084270477295,1.5701748132705688,3,0,0,1,0.0,0,0,0,2,8.82182489730488,7.404384613037109,1.3510961532592773,1.5646584033966064,0,0.0,1.3525645732879639,0.4919864273430684,0.2781279957746573,0,0
42,0,50,-2.2476887702941895,1.9204412698745728,1.5816634893417358,3,0,0,1,0.0,0,0,0,0,8.099999999999998,7.599849700927734,1.3999624252319336,1.894751787185669,0,0.0,1.3749923706054688,0.49999812717504355,0.004425144772353072,1,1
42,0,50,-2.2476887702941895,1.9204412698745728,1.5816634893417358,3,0,0,1,0.0,0,0,0,1,8.624633442061722,7.384784698486328,1.346196174621582,1.5644280910491943,0,0.0,1.3520324230194092,0.49179730533045063,0.28288648628505453,0,0
42,0,50,-2.2476887702941895,1.9204412698745728,1.5816634893417358,3,0,0,1,0.0,0,0,0,2,8.624633442061722,7.392740249633789,1.3481850624084473,1.564941167831421,0,0.0,1.352027416229248,0.49179538715263676,0.28308186437375177,0,0
42,0,60,-2.2507882118225098,2.1551640033721924,1.582728385925293,3,0,0,1,0.0,0,0,0,0,7.849999999999999,7.599834442138672,1.399958610534668,1.8943061828613281,0,0.0,1.3749865293502808,0.4999941586276453,0.0066773663240487545,1,1
42,0,60,-2.2507882118225098,2.1551640033721924,1.582728385925293,3,0,0,1,0.0,0,0,0,1,8.378408067339434,7.393766403198242,1.3484416007995605,1.564521074295044,0,0.0,1.3528152704238892,0.49207578520995027,0.2827189184155068,0,0
42,0,60,-2.2507882118225098,2.1551640033721924,1.582728385925293,3,0,0,1,0.0,0,0,0,2,8.378408067339434,7.404003143310547,1.3510007858276367,1.5648086071014404,0,0.0,1.353214979171753,0.49221821478576216,0.28029388636305985,0,0
42,0,70,-2.2525317668914795,2.391216993331909,1.5754755735397339,3,0,0,1,0.0,0,0,0,0,7.599999999999999,7.599943161010742,1.3999857902526855,1.8303478956222534,0,0.0,1.374990463256836,0.49999681577911137,0.005152489321386776,1,1
42,0,70,-2.2525317668914795,2.391216993331909,1.5754755735397339,3,0,0,1,0.0,0,0,0,1,8.132511449126646,7.398639678955078,1.3496599197387695,1.564644455909729,0,0.0,1.3522566556930542,0.4918769838695526,0.27877045571122616,0,0
42,0,70,-2.2525317668914795,2.391216993331909,1.5754755735397339,3,0,0,1,0.0,0,0,0,2,8.132511449126646,7.403833389282227,1.3509583473205566,1.5883911848068237,0,0.0,1.3527010679244995,0.4920355278855138,0.2761077575286966,0,0
42,0,80,-2.2537784576416016,2.6261343955993652,1.575737476348877,3,0,0,1,0.0,0,0,0,0,7.349999999999999,7.599922180175781,1.3999805450439453,1.7334574460983276,0,0.0,1.374985933303833,0.4999949066382432,0.00662012740736751,1,1
42,0,80,-2.2537784576416016,2.6261343955993652,1.575737476348877,3,0,0,1,0.0,0,0,0,1,7.886988069905341,7.407308578491211,1.3518271446228027,1.532824158668518,0,0.0,1.3529632091522217,0.4921293076512657,0.27756586676902983,0,0
42,0,80,-2.2537784576416016,2.6261343955993652,1.575737476348877,3,0,0,1,0.0,0,0,0,2,7.886988069905341,7.413112640380859,1.3532781600952148,1.5884448289871216,0,0.0,1.353538155555725,0.49233448603596036,0.27393352096570367,0,0
42,0,90,-2.25461745262146,2.8628933429718018,1.5749727487564087,3,0,0,1,0.0,0,0,0,0,7.1371066629886615,7.599918365478516,1.399979591369629,1.6169012784957886,0,0.0,1.3749849796295166,0.49999335157999825,0.007648036416587738,1,1
42,0,90,-2.25461745262146,2.8628933429718018,1.5749727487564087,3,0,0,1,0.0,0,0,0,1,7.678240449430755,7.3915557861328125,1.3478889465332031,1.4214966297149658,0,0.0,1.3514708280563354,0.49159563667185846,0.28397766056457285,0,0
42,0,90,-2.25461745262146,2.8628933429718018,1.5749727487564087,3,0,0,1,0.0,0,0,0,2,7.678240449430755,7.397695541381836,1.349423885345459,1.4554216861724854,0,0.0,1.3521738052368164,0.491846635663505,0.2797823381499823,0,0
42,0,100,-2.2545323371887207,3.0966711044311523,1.565800428390503,3,0,0,1,0.0,0,0,0,0,6.903328901529311,7.599941253662109,1.3999853134155273,1.5314972400665283,0,0.0,1.3749983310699463,0.4999982624476207,0.004630259009297997,1,1
42,0,100,-2.2545323371887207,3.0966711044311523,1.565800428390503,3,0,0,1,0.0,0,0,0,1,7.449416669100316,7.402162551879883,1.3505406379699707,1.3260596990585327,0,0.0,1.3532047271728516,0.49221590376011054,0.27962097053330814,0,0
42,0,100,-2.2545323371887207,3.0966711044311523,1.565800428390503,3,0,0,1,0.0,0,0,0,2,7.449416669100316,7.400545120239258,1.3501362800598145,1.3260573148727417,0,0.0,1.3536549806594849,0.4923766327848168,0.2763995130605043,0,0
42,0,110,-2.252577781677246,3.331584930419922,1.5612099170684814,3,0,0,1,0.0,0,0,0,0,6.668415045738219,7.5998687744140625,1.3999671936035156,1.4737529754638672,0,0.0,1.3749926090240479,0.49999872769208015,0.003786422350305316,1,1
42,0,110,-2.252577781677246,3.331584930419922,1.5612099170684814,3,0,0,1,0.0,0,0,0,1,7.219963324895867,7.40418815612793,1.3510470390319824,1.2128227949142456,0,0.0,1.3533885478973389,0.4922818886382179,0.2786007878850478,0,0
42,0,110,-2.252577781677246,3.331584930419922,1.5612099170684814,3,0,0,1,0.0,0,0,0,2,7.219963324895867,7.397531509399414,1.3493828773498535,1.2128016948699951,0,0.0,1.353470802307129,0.49231113462005943,0.27781084515025817,0,0
42,0,120,-2.249621629714966,3.566848039627075,1.5540082454681396,3,0,0,1,0.0,0,0,0,0,6.433151936531066,7.59965705871582,1.399914264678955,1.42078697681427,0,0.0,1.3749754428863525,0.4999899270974,0.008876177174119444,1,1
42,0,120,-2.249621629714966,3.566848039627075,1.5540082454681396,3,0,0,1,0.0,0,0,0,1,6.990726704643279,7.407461166381836,1.351865291595459,1.1696186065673828,0,0.0,1.3536523580551147,0.49237431375320934,0.28110871578791946,0,0
42,0,120,-2.249621629714966,3.566848039627075,1.5540082454681396,3,0,0,1,0.0,0,0,0,2,6.990726704643279,7.392889022827148,1.348222255706787,1.1451618671417236,0,0.0,1.3531702756881714,0.4922022665925917,0.28401530811110026,0,0
42,0,130,-2.2458083629608154,3.803063154220581,1.5597035884857178,3,0,0,1,0.0,0,0,0,0,6.19693682193756,7.59977912902832,1.39994478225708,1.4449353218078613,0,0.0,1.374969720840454,0.4999876266623758,0.009846985125613921,1,1
42,0,130,-2.2458083629608154,3.803063154220581,1.5597035884857178,3,0,0,1,0.0,0,0,0,1,6.761213491956028,7.405754089355469,1.3514385223388672,1.139974594116211,0,0.0,1.3538182973861694,0.49243242249593244,0.2795671987354192,0,0
42,0,130,-2.2458083629608154,3.803063154220581,1.5597035884857178,3,0,0,1,0.0,0,0,0,2,6.761213491956028,7.393795013427734,1.3484487533569336,1.115439534187317,0,0.0,1.352999210357666,0.4921401084801299,0.28489184351144664,0,0
42,0,140,-2.2449727058410645,4.037855625152588,1.5712130069732666,3,0,0,1,0.0,0,0,0,0,5.962144351005553,7.599943161010742,1.3999857902526855,1.4449009895324707,0,0.0,1.3749911785125732,0.4999961674773159,0.006212474460633783,1,1
42,0,140,-2.2449727058410645,4.037855625152588,1.5712130069732666,3,0,0,1,0.0,0,0,0,1,6.533837249840108,7.400590896606445,1.3501477241516113,1.115729570388794,0,0.0,1.3537434339523315,0.4924085558329522,0.2768609824294864,0,0
42,0,140,-2.2449727058410645,4.037855625152588,1.5712130069732666,3,0,0,1,0.0,0,0,0,2,6.533837249840108,7.398036956787109,1.3495092391967773,1.1157106161117554,0,0.0,1.3531053066253662,0.49218009343250596,0.2812190222791405,0,0
42,0,150,-2.245056390762329,4.2730278968811035,1.5708309412002563,3,0,0,1,0.0,0,0,0,0,5.726972079277037,7.599945068359375,1.3999862670898438,1.4448550939559937,0,0.0,1.3749914169311523,0.4999960881156182,0.006250989383248557,1,1
42,0,150,-2.245056390762329,4.2730278968811035,1.5708309412002563,3,0,0,1,0.0,0,0,0,1,6.306980655332655,7.400091171264648,1.350022792816162,1.1451979875564575,0,0.0,1.353742241859436,0.4924082829774144,0.27691827660584345,0,0
42,0,150,-2.245056390762329,4.2730278968811035,1.5708309412002563,3,0,0,1,0.0,0,0,0,2,6.306980655332655,7.397222518920898,1.3493056297302246,1.1149452924728394,0,0.0,1.3531043529510498,0.49218018617369674,0.2812604620424823,0,0
42,0,160,-2.245028018951416,4.508109092712402,1.572503685951233,3,0,0,1,0.0,0,0,0,0,5.4918908834457385,7.599952697753906,1.3999881744384766,1.4448316097259521,0,0.0,1.3749945163726807,0.49999689537955866,0.005687007836117074,1,1
42,0,160,-2.245028018951416,4.508109092712402,1.572503685951233,3,0,0,1,0.0,0,0,0,1,6.081265138144007,7.398662567138672,1.349665641784668,1.2224677801132202,0,0.0,1.353726863861084,0.49240204508767704,0.2765772848202296,0,0
42,0,160,-2.245028018951416,4.508109092712402,1.572503685951233,3,0,0,1,0.0,0,0,0,2,6.081265138144007,7.397224426269531,1.3493061065673828,1.135184645652771,0,0.0,1.3531277179718018,0.49218796433140755,0.28069162724726954,0,0
42,0,170,-2.24725079536438,4.743289947509766,1.5826994180679321,3,0,0,1,0.0,0,0,0,0,5.256710147857665,7.599822044372559,1.3999555110931396,1.364890694618225,0,0.0,1.374993920326233,0.499997876478756,0.004743531241049477,1,1
42,0,170,-2.24725079536438,4.743289947509766,1.5826994180679321,3,0,0,1,0.0,0,0,0,1,5.856716312953064,7.392468452453613,1.3481171131134033,1.2728445529937744,0,0.0,1.353454351425171,0.4923047454385116,0.2788125973173548,0,0
42,0,170,-2.24725079536438,4.743289947509766,1.5826994180679321,3,0,0,1,0.0,0,0,0,2,5.856716312953064,7.401549339294434,1.3503873348236084,1.2086803913116455,0,0.0,1.3534024953842163,0.49228679309938256,0.2794313520885903,0,0
42,0,180,-2.2482314109802246,4.979219436645508,1.5723885297775269,3,0,0,1,0.0,0,0,0,0,5.020780658721923,7.60002326965332,1.40000581741333,1.2263509035110474,0,0.0,1.375006914138794,0.49999973473774517,0.0017818378477048545,1,1
42,0,180,-2.2482314109802246,4.979219436645508,1.5723885297775269,3,0,0,1,0.0,0,0,0,1,5.632988621974469,7.396073341369629,1.3490183353424072,1.2297108173370361,0,0.0,1.3535302877426147,0.4923308580856757,0.2755441033379305,0,0
42,0,180,-2.2482314109802246,4.979219436645508,1.5723885297775269,3,0,0,1,0.0,0,0,0,2,5.63298862197447,7.396450042724609,1.3491125106811523,1.1157194375991821,0,0.0,1.3533426523208618,0.49226373070417395,0.2768587556369172,0,0
42,0,190,-2.2487871646881104,5.213249683380127,1.5742613077163696,3,0,0,1,0.0,0,0,0,0,4.786750411987303,7.600009918212891,1.4000024795532227,1.1033011674880981,0,0.0,1.3750059604644775,0.49999984935222097,0.001340331479389215,1,1
42,0,190,-2.2487871646881104,5.213249683380127,1.5742613077163696,3,0,0,1,0.0,0,0,0,1,5.4129232093820026,7.393973350524902,1.3484933376312256,1.1088160276412964,0,0.0,1.3534698486328125,0.49230952600386313,0.27583983209534874,0,0
42,0,190,-2.2487871646881104,5.213249683380127,1.5742613077163696,3,0,0,1,0.0,0,0,0,2,5.41618724771452,7.3536834716796875,1.354403018951416,0.9680357575416565,0,0.0,1.3537383079528809,0.49240555219127125,0.26739104945867964,0,0
42,0,200,-2.249138593673706,5.449355602264404,1.5712121725082397,2,0,0,1,0.0,0,0,0,0,4.550644493103026,7.6000213623046875,1.4000053405761719,1.0288525819778442,0,0.0,1.3750054836273193,0.49999991578670105,0.0009559450750210047,1,1
42,0,200,-2.249138593673706,5.449355602264404,1.5712121725082397,2,0,0,1,0.0,0,0,0,1,5.193236646691743,7.394097328186035,1.3485243320465088,1.020243525505066,0,0.0,1.353485345840454,0.4923154154228212,0.2753606192316684,0,0
42,0,210,-2.249070644378662,5.684919357299805,1.5683844089508057,2,0,0,1,0.0,0,0,0,0,4.315080738067625,7.592267990112305,1.4000027179718018,0.996128499507904,0,0.0,1.3750042915344238,0.4999994151846327,0.002159802816305545,1,1
42,0,210,-2.249070644378662,5.684919357299805,1.5683844089508057,2,0,0,1,0.0,0,0,0,1,4.976990097972973,7.332792282104492,1.3485243320465088,0.969347357749939,0,0.0,1.353524088859558,0.4923294779669707,0.2760837012702382,0,0
42,0,220,-2.2476072311401367,5.9200358390808105,1.5648545026779175,2,0,0,1,0.0,0,0,0,0,4.079964256286619,7.5898823738098145,1.3999898433685303,0.9949614405632019,0,0.0,1.3749991655349731,0.4999963031992296,0.005431548840284081,1,1
42,0,220,-2.2476072311401367,5.9200358390808105,1.5648545026779175,2,0,0,1,0.0,0,0,0,1,4.764892331996428,7.338627815246582,1.3486781120300293,0.9719575643539429,0,0.0,1.35365891456604,0.49237663923059494,0.27751164153055147,0,0
42,0,230,-2.246889591217041,6.155287265777588,1.5713918209075928,3,0,0,1,0.0,0,0,0,0,3.8447128295898416,7.589884281158447,1.400001049041748,0.9949399828910828,0,0.0,1.3750033378601074,0.4999986430710545,0.0037160453790141173,1,1
42,0,230,-2.246889591217041,6.155287265777588,1.5713918209075928,3,0,0,1,0.0,0,0,0,1,4.557532405851848,7.389832496643066,1.3474581241607666,1.0177621841430664,0,0.0,1.3536261320114136,0.49236550887734676,0.27612116820588634,0,0
42,0,230,-2.246889591217041,6.155287265777588,1.5713918209075928,3,0,0,1,0.0,0,0,0,2,4.557532405851848,6.724940776824951,1.3470773696899414,0.6683156490325928,0,0.0,1.3532401323318481,0.4922272493034302,0.27876646085811796,0,0
42,0,240,-2.2489333152770996,6.388904571533203,1.582316517829895,3,0,1,0,0.09784984588623047,0,0,0,0,3.6110955238342264,7.263936996459961,1.3999524116516113,0.8320637345314026,0,0.0,1.3749898672103882,0.49999687389910324,0.00513742436730494,1,0
42,0,240,-2.2489333152770996,6.388904571533203,1.582316517829895,3,0,1,0,0.09784984588623047,0,0,0,1,4.357976186466867,7.361786842346191,1.3452210426330566,0.9904512763023376,0,0.0,1.3533486127853394,0.49226655915350653,0.28006530173141064,0,1
42,0,240,-2.2489333152770996,6.388904571533203,1.582316517829895,3,0,1,0,0.09784984588623047,0,0,0,2,4.45577197498077,6.722954273223877,1.3357372283935547,0.6900026798248291,0,0.0,1.3530880212783813,0.4921740477150564,0.2929197635424308,0,0
42,0,250,-2.2517948150634766,6.622274398803711,1.5840680599212646,3,0,1,0,0.29457902908325195,0,0,0,0,3.3777256965637186,6.970784664154053,1.399926781654358,0.6855388283729553,0,0.0,1.374976396560669,0.49999100273786085,0.008321734606369924,1,0
42,0,250,-2.2517948150634766,6.622274398803711,1.5840680599212646,3,0,1,0,0.29457902908325195,0,0,0,1,4.167156353971922,7.265363693237305,1.3439245223999023,0.9448327422142029,0,0.0,1.3531259298324585,0.492186979498197,0.2834285963280685,0,1
42,0,250,-2.2517948150634766,6.622274398803711,1.5840680599212646,3,0,1,0,0.29457902908325195,0,0,0,2,4.502082812165366,6.876459121704102,1.2663936614990234,0.9054422974586487,0,0.0,1.353136420249939,0.49219047321271026,0.3017435692778387,0,0
42,0,260,-2.2535898685455322,6.856982707977295,1.571547269821167,3,0,1,0,0.3180966377258301,0,0,0,0,3.1430173873901346,6.765637397766113,1.3999943733215332,0.5828298330307007,0,0.0,1.3749966621398926,0.4999976011742965,0.004835727507899075,1,0
42,0,260,-2.2535898685455322,6.856982707977295,1.571547269821167,3,0,1,0,0.3180966377258301,0,0,0,1,3.987015973565595,7.083734035491943,1.3446226119995117,0.852621853351593,0,0.0,1.3531900644302368,0.4922090784364353,0.27987600857940015,0,1
42,0,260,-2.2535898685455322,6.856982707977295,1.571547269821167,3,0,1,0,0.3180966377258301,0,0,0,2,4.335651847504685,6.999707221984863,1.2649734020233154,0.9699068665504456,0,0.0,1.3526571989059448,0.4920205747728104,0.30401303550863246,0,0
42,0,270,-2.251969337463379,7.091347694396973,1.558069109916687,3,0,2,0,0.2486567497253418,0,0,0,0,2.908652400970457,6.689719200134277,1.3999398946762085,0.5449798703193665,0,0.0,1.3749927282333374,0.4999969351331988,0.005302643871625769,1,0
42,0,270,-2.251969337463379,7.091347694396973,1.558069109916687,3,0,2,0,0.2486567497253418,0,0,0,1,3.8235023570517717,6.8444719314575195,1.3456082344055176,0.7310193777084351,0,0.0,1.3534642457962036,0.4923076483331685,0.2797113313516838,0,0
42,0,270,-2.251969337463379,7.091347694396973,1.558069109916687,3,0,2,0,0.2486567497253418,0,0,0,2,4.185104076786386,6.938375949859619,1.2633137702941895,0.9425603747367859,0,0.0,1.3523958921432495,0.4919273109320373,0.30593913301768777,0,1
42,0,280,-2.247999906539917,7.326199054718018,1.5545271635055542,3,0,2,0,0.10660886764526367,0,0,0,0,2.673801040649412,6.639368057250977,1.3998806476593018,0.5199227929115295,0,0.0,1.3749744892120361,0.49998704150189444,0.009901375603104634,1,0
42,0,280,-2.247999906539917,7.326199054718018,1.5545271635055542,3,0,2,0,0.10660886764526367,0,0,0,1,3.6825250750459078,6.64337682723999,1.3451255559921265,0.6314372420310974,0,0.0,1.3537384271621704,0.4924043867684014,0.28089911021369096,0,0
42,0,280,-2.247999906539917,7.326199054718018,1.5545271635055542,3,0,2,0,0.10660886764526367,0,0,0,2,4.05429061330883,6.74597692489624,1.257757544517517,0.8574733734130859,0,0.0,1.3525655269622803,0.4919848742817444,0.30730532563503976,0,1
42,1,0,-2.25,1.0,1.5707963267948966,3,0,0,1,0.0,0,0,0,0,9.0,7.150001525878906,1.2875003814697266,1.8949999809265137,0,0.0,1.2850003242492676,0.45982142857142855,0.0,1,1
42,1,0,-2.25,1.0,1.5707963267948966,3,0,0,1,0.0,0,0,0,1,9.513236186146589,6.992805480957031,1.2482013702392578,1.6120399236679077,0,0.0,1.2636055946350098,0.45218076037786004,0.2523747889156115,0,0
42,1,0,-2.25,1.0,1.5707963267948966,3,0,0,1,0.0,0,0,0,2,9.513236186146589,6.992805480957031,1.2482013702392578,1.6120399236679077,0,0.0,1.2636055946350098,0.45218076037786004,0.25237478891561166,0,0
42,1,10,-2.252131462097168,1.0681453943252563,1.6243609189987183,3,0,0,1,0.0,0,0,0,0,8.95,7.464860916137695,1.3662152290344238,1.8447526693344116,0,0.0,1.3533369302749634,0.4881130916589142,0.03149939818238904,1,1
42,1,10,-2.252131462097168,1.0681453943252563,1.6243609189987183,3,0,0,1,0.0,0,0,0,1,9.463793281809847,7.257776260375977,1.3144440650939941,1.5391287803649902,0,0.0,1.3318159580230713,0.48042699105347225,0.30249938891747474,0,0
42,1,10,-2.252131462097168,1.0681453943252563,1.6243609189987183,3,0,0,1,0.0,0,0,0,2,9.463793281809847,7.2992401123046875,1.3248100280761719,1.6145884990692139,0,0.0,1.3335143327713013,0.48103362446071435,0.2923700433044911,0,0
42,1,20,-2.264166831970215,1.2348971366882324,1.6433980464935303,3,0,0,1,0.0,0,0,0,0,8.75,7.590015411376953,1.3975038528442383,1.8196775913238525,0,0.0,1.3742209672927856,0.49940299615627987,0.050075089164460164,1,1
42,1,20,-2.264166831970215,1.2348971366882324,1.6433980464935303,3,0,0,1,0.0,0,0,0,1,9.26610276253317,7.366752624511719,1.3416881561279297,1.5144670009613037,0,0.0,1.3504278659820557,0.49090512907039063,0.3220910311826036,0,0
42,1,20,-2.264166831970215,1.2348971366882324,1.6433980464935303,3,0,0,1,0.0,0,0,0,2,9.26610276253317,7.429893493652344,1.357473373413086,1.6387205123901367,0,0.0,1.354069709777832,0.4922058167190384,0.3002028936381444,0,0
42,1,30,-2.2759273052215576,1.466516137123108,1.5981998443603516,3,0,0,1,0.0,0,0,0,0,8.550204914590983,7.597019195556641,1.3992547988891602,1.8430507183074951,0,0.0,1.3748695850372314,0.49994776644730893,0.02391111756648077,1,1
42,1,30,-2.2759273052215576,1.466516137123108,1.5981998443603516,3,0,0,1,0.0,0,0,0,1,9.06082040629453,7.398908615112305,1.3497271537780762,1.6149011850357056,0,0.0,1.3508912324905396,0.4913841574486718,0.30152209400781527,0,0
42,1,30,-2.2759273052215576,1.466516137123108,1.5981998443603516,3,0,0,1,0.0,0,0,0,2,9.076648414228565,7.380254745483398,1.3450636863708496,1.4898985624313354,0,0.0,1.3535642623901367,0.4923387981683379,0.2845399358136171,0,0
42,1,40,-2.2779595851898193,1.7012983560562134,1.5730206966400146,3,0,0,1,0.0,0,0,0,0,8.3002136713115,7.598470687866211,1.3996176719665527,1.8437548875808716,0,0.0,1.3748488426208496,0.4999295697660525,0.026471833741981227,1,1
42,1,40,-2.2779595851898193,1.7012983560562134,1.5730206966400146,3,0,0,1,0.0,0,0,0,1,8.813795614018574,7.399980545043945,1.3499951362609863,1.6144267320632935,0,0.0,1.351580262184143,0.4916194157986881,0.3012835715606591,0,0
42,1,40,-2.2779595851898193,1.7012983560562134,1.5730206966400146,3,0,0,1,0.0,0,0,0,2,8.830235022619542,7.400373458862305,1.3500933647155762,1.5384920835494995,0,0.0,1.3543856143951416,0.4926213530071732,0.28326723174409363,0,0
42,1,50,-2.280524253845215,1.9353759288787842,1.593044400215149,3,0,0,1,0.0,0,0,0,0,8.050223209837263,7.597850799560547,1.3994626998901367,1.8434895277023315,0,0.0,1.3749254941940308,0.4999690345989491,0.01933826207883788,1,1
42,1,50,-2.280524253845215,1.9353759288787842,1.593044400215149,3,0,0,1,0.0,0,0,0,1,8.567011976328542,7.412498474121094,1.3531246185302734,1.6385598182678223,0,0.0,1.3519446849822998,0.4917615926910015,0.2916768817239426,0,0
42,1,50,-2.280524253845215,1.9353759288787842,1.593044400215149,3,0,0,1,0.0,0,0,0,2,8.58411117861617,7.395717620849609,1.3489294052124023,1.514553189277649,0,0.0,1.353743314743042,0.4924040301457174,0.2797814941816413,0,0
42,1,60,-2.289409637451172,2.170884609222412,1.6148401498794556,3,0,0,1,0.0,0,0,0,0,7.850231476520241,7.596488952636719,1.3991222381591797,1.8190076351165771,0,0.0,1.3749209642410278,0.49997103937501436,0.017742772884659926,1,1
42,1,60,-2.289409637451172,2.170884609222412,1.6148401498794556,3,0,0,1,0.0,0,0,0,1,8.369778914365407,7.406373977661133,1.3515934944152832,1.639742374420166,0,0.0,1.3518662452697754,0.4917371035490325,0.29520870112436615,0,0
42,1,60,-2.289409637451172,2.170884609222412,1.6148401498794556,3,0,0,1,0.0,0,0,0,2,8.387444715047044,7.363777160644531,1.3409442901611328,1.4896478652954102,0,0.0,1.3520333766937256,0.4917967714573757,0.29346355609438646,0,0
42,1,70,-2.299428701400757,2.4055936336517334,1.6088591814041138,3,0,0,1,0.0,0,0,0,0,7.600242712727235,7.597345352172852,1.399336338043213,1.7647576332092285,0,0.0,1.3748899698257446,0.49995504217072995,0.018864309579105617,1,1
42,1,70,-2.299428701400757,2.4055936336517334,1.6088591814041138,3,0,0,1,0.0,0,0,0,1,8.123509301822907,7.416963577270508,1.354240894317627,1.6398518085479736,0,0.0,1.3533393144607544,0.49225834448160083,0.2897746138314455,0,0
42,1,70,-2.299428701400757,2.4055936336517334,1.6088591814041138,3,0,0,1,0.0,0,0,0,2,8.141937469843858,7.374868392944336,1.343717098236084,1.4894847869873047,0,0.0,1.3524433374404907,0.4919381441631488,0.2950205189824186,0,0
42,1,80,-2.3058578968048096,2.6402690410614014,1.5879050493240356,3,0,0,1,0.0,0,0,0,0,7.350255095400645,7.599061965942383,1.3997654914855957,1.664312481880188,0,0.0,1.3749361038208008,0.49997292818505173,0.014805036233871378,1,1
42,1,80,-2.3058578968048096,2.6402690410614014,1.5879050493240356,3,0,0,1,0.0,0,0,0,1,7.87757984230967,7.41478157043457,1.3536953926086426,1.6394425630569458,0,0.0,1.3530840873718262,0.4921682268008575,0.28132300194078663,0,0
42,1,80,-2.3058578968048096,2.6402690410614014,1.5879050493240356,3,0,0,1,0.0,0,0,0,2,7.896837824575627,7.38676643371582,1.346691608428955,1.4913952350616455,0,0.0,1.3518877029418945,0.4917412623568157,0.28844525183767733,0,0
42,1,90,-2.306154727935791,2.8744020462036133,1.56136155128479,3,0,0,1,0.0,0,0,0,0,7.125865297598127,7.599939346313477,1.3999848365783691,1.5720454454421997,0,0.0,1.3749914169311523,0.4999973188685605,0.005893353045706409,1,1
42,1,90,-2.306154727935791,2.8744020462036133,1.56136155128479,3,0,0,1,0.0,0,0,0,1,7.657160777174436,7.398159027099609,1.3495397567749023,1.4948270320892334,0,0.0,1.3520864248275757,0.4918167123934727,0.2788772870415063,0,0
42,1,90,-2.306154727935791,2.8744020462036133,1.56136155128479,3,0,0,1,0.0,0,0,0,2,7.677228547288866,7.391122817993164,1.347780704498291,1.3767940998077393,0,0.0,1.3515751361846924,0.49163387700511146,0.2821245642030739,0,0
42,1,100,-2.30159068107605,3.1090571880340576,1.5465466976165771,3,0,0,1,0.0,0,0,0,0,6.891224280769,7.599729537963867,1.3999323844909668,1.499834418296814,0,0.0,1.3749637603759766,0.4999845802810528,0.011243433165998403,1,1
42,1,100,-2.30159068107605,3.1090571880340576,1.5465466976165771,3,0,0,1,0.0,0,0,0,1,7.427050205271273,7.397434234619141,1.3493585586547852,1.3474041223526,0,0.0,1.3531891107559204,0.4922082974067484,0.2861455428919368,0,0
42,1,100,-2.30159068107605,3.1090571880340576,1.5465466976165771,3,0,0,1,0.0,0,0,0,2,7.4480392050847115,7.404890060424805,1.3512225151062012,1.2917404174804688,0,0.0,1.353610634803772,0.4923589580302489,0.2838078138642372,0,0
42,1,110,-2.2966156005859375,3.3452577590942383,1.555665373802185,3,0,0,1,0.0,0,0,0,0,6.655039489940548,7.59980583190918,1.399951457977295,1.4445613622665405,0,0.0,1.3749632835388184,0.4999843132189996,0.011067854222866864,1,1
42,1,110,-2.2966156005859375,3.3452577590942383,1.555665373802185,3,0,0,1,0.0,0,0,0,1,7.195872161580256,7.399702072143555,1.3499255180358887,1.2592064142227173,0,0.0,1.3529895544052124,0.4921371779706552,0.286117375859045,0,0
42,1,110,-2.2966156005859375,3.3452577590942383,1.555665373802185,3,0,0,1,0.0,0,0,0,2,7.217875746342189,7.401861190795898,1.3504652976989746,1.189475178718567,0,0.0,1.353808879852295,0.4924291441276561,0.2808579101441305,0,0
42,1,120,-2.294245719909668,3.5802464485168457,1.5666954517364502,3,0,0,1,0.0,0,0,0,0,6.420068396164039,7.599706649780273,1.3999266624450684,1.3958117961883545,0,0.0,1.3749812841415405,0.4999911379455454,0.00897546929224285,1,1
42,1,120,-2.294245719909668,3.5802464485168457,1.5666954517364502,3,0,0,1,0.0,0,0,0,1,6.966394338053652,7.4033660888671875,1.3508415222167969,1.1889625787734985,0,0.0,1.352990984916687,0.4921383210780265,0.283961709218515,0,0
42,1,120,-2.294245719909668,3.5802464485168457,1.5666954517364502,3,0,0,1,0.0,0,0,0,2,6.989506685139961,7.397001266479492,1.349250316619873,1.0910171270370483,0,0.0,1.3538386821746826,0.4924412075471239,0.2782504914710017,0,0
42,1,130,-2.2942581176757812,3.8164420127868652,1.5746965408325195,3,0,0,1,0.0,0,0,0,0,6.18389274964521,7.599493026733398,1.3998732566833496,1.394966721534729,0,0.0,1.3749923706054688,0.49999660142908414,0.006297325606436241,1,1
42,1,130,-2.2942581176757812,3.8164420127868652,1.5746965408325195,3,0,0,1,0.0,0,0,0,1,6.7363376399323585,7.406377792358398,1.3515944480895996,1.1649407148361206,0,0.0,1.3531075716018677,0.49218154593092883,0.28127340532379147,0,0
42,1,130,-2.2942581176757812,3.8164420127868652,1.5746965408325195,3,0,0,1,0.0,0,0,0,2,6.760679346006533,7.392480850219727,1.3481202125549316,1.0649703741073608,0,0.0,1.3537416458129883,0.49240825619689943,0.27684941696845045,0,0
42,1,140,-2.296254873275757,4.051567554473877,1.5812853574752808,3,0,0,1,0.0,0,0,0,0,5.948789706325835,7.59922981262207,1.3998074531555176,1.3949660062789917,0,0.0,1.3749936819076538,0.4999986197432336,0.004053952259936002,1,1
42,1,140,-2.296254873275757,4.051567554473877,1.5812853574752808,3,0,0,1,0.0,0,0,0,1,6.508021168948948,7.40934944152832,1.35233736038208,1.1669132709503174,0,0.0,1.3533228635787964,0.4922580929080088,0.2789434194132208,0,0
42,1,140,-2.296254873275757,4.051567554473877,1.5812853574752808,3,0,0,1,0.0,0,0,0,2,6.533719013178894,7.387851715087891,1.3469629287719727,1.0655007362365723,0,0.0,1.35353684425354,0.49233501801145757,0.27723516111046165,0,0
42,1,150,-2.299410343170166,4.286957263946533,1.5845327377319336,3,0,0,1,0.0,0,0,0,0,5.71342576776572,7.599063873291016,1.399765968322754,1.3949579000473022,0,0.0,1.374988079071045,0.4999946918669517,0.006513807757149209,1,1
42,1,150,-2.299410343170166,4.286957263946533,1.5845327377319336,3,0,0,1,0.0,0,0,0,1,6.2802702824894965,7.411317825317383,1.3528294563293457,1.1897081136703491,0,0.0,1.3535596132278442,0.49234199710055115,0.28004470162634354,0,0
42,1,150,-2.299410343170166,4.286957263946533,1.5845327377319336,3,0,0,1,0.0,0,0,0,2,6.307479751095533,7.384248733520508,1.346062183380127,1.0961768627166748,0,0.0,1.3532832860946655,0.49224337718805067,0.2816019894898247,0,0
42,1,160,-2.301784038543701,4.52260160446167,1.5768826007843018,3,0,0,1,0.0,0,0,0,0,5.477811239319658,7.599489212036133,1.3998723030090332,1.3949295282363892,0,0.0,1.3750003576278687,0.499997038168804,0.004847355180558554,1,1
42,1,160,-2.301784038543701,4.52260160446167,1.5768826007843018,3,0,0,1,0.0,0,0,0,1,6.053252505792905,7.408779144287109,1.3521947860717773,1.184414267539978,0,0.0,1.3536216020584106,0.49236389138301945,0.2774547602843587,0,0
42,1,160,-2.301784038543701,4.52260160446167,1.5768826007843018,3,0,0,1,0.0,0,0,0,2,6.082155990117385,7.386089324951172,1.346522331237793,1.1663918495178223,0,0.0,1.3532335758209229,0.49222568828387026,0.2799434529135932,0,0
42,1,170,-2.3021981716156006,4.758005619049072,1.5673794746398926,3,0,0,1,0.0,0,0,0,0,5.2424421490502215,7.599787712097168,1.399946928024292,1.3949135541915894,0,0.0,1.3750011920928955,0.4999996965280212,0.0019696759628413793,1,1
42,1,170,-2.3021981716156006,4.758005619049072,1.5673794746398926,3,0,0,1,0.0,0,0,0,1,5.8276411730516635,7.404614448547363,1.3511536121368408,1.2503060102462769,0,0.0,1.3535290956497192,0.49233242622178547,0.2756111310912054,0,0
42,1,170,-2.3021981716156006,4.758005619049072,1.5673794746398926,3,0,0,1,0.0,0,0,0,2,5.85844993551417,7.389193534851074,1.3472983837127686,1.2205846309661865,0,0.0,1.353331208229065,0.49226217119244947,0.27702778671624845,0,0
42,1,180,-2.300469160079956,4.99290657043457,1.561966896057129,3,0,0,1,0.0,0,0,0,0,5.007582314462931,7.599810600280762,1.3999526500701904,1.2544416189193726,0,0.0,1.3749873638153076,0.49999788522795025,0.004135658864353837,1,1
42,1,180,-2.300469160079956,4.99290657043457,1.561966896057129,3,0,0,1,0.0,0,0,0,1,5.603932203197608,7.401276588439941,1.3503191471099854,1.147910475730896,0,0.0,1.3533440828323364,0.4922659611298576,0.27921023479235235,0,0
42,1,180,-2.300469160079956,4.99290657043457,1.561966896057129,3,0,0,1,0.0,0,0,0,2,5.636894175967899,7.390812873840332,1.347703218460083,1.1899538040161133,0,0.0,1.3535096645355225,0.4923251938774148,0.27828841079405775,0,0
42,1,190,-2.2990124225616455,5.228224754333496,1.566651463508606,3,0,0,1,0.0,0,0,0,0,4.772313659743929,7.599703788757324,1.399925947189331,1.1489827632904053,0,0.0,1.3750019073486328,0.4999988143004523,0.00305695727358636,1,1
42,1,190,-2.2990124225616455,5.228224754333496,1.566651463508606,3,0,0,1,0.0,0,0,0,1,5.381572937089935,7.37834358215332,1.350592851638794,0.9879860281944275,0,0.0,1.353313684463501,0.49225459527242826,0.2781658273966724,0,0
42,1,190,-2.2990124225616455,5.228224754333496,1.566651463508606,3,0,0,1,0.0,0,0,0,2,5.416993746919087,7.387319564819336,1.346829891204834,1.052947998046875,0,0.0,1.3535470962524414,0.49233821018987317,0.2766709185155089,0,0
42,1,200,-2.2987308502197266,5.463444232940674,1.5723021030426025,2,0,0,1,0.0,0,0,0,0,4.537154849796121,7.599447250366211,1.3998618125915527,1.0718597173690796,0,0.0,1.3750063180923462,0.49999988445348237,0.0011897107029141024,1,1
42,1,200,-2.2987308502197266,5.463444232940674,1.5723021030426025,2,0,0,1,0.0,0,0,0,1,5.199723626199788,7.31259298324585,1.3456525802612305,0.9649913311004639,0,0.0,1.353500247001648,0.4923198294965739,0.27538889775016273,0,0
42,1,210,-2.299144744873047,5.6983113288879395,1.5726693868637085,2,0,0,1,0.0,0,0,0,0,4.302363702922927,7.599362373352051,1.3998405933380127,1.0452704429626465,0,0.0,1.3750063180923462,0.49999995006875253,0.0007998019477538944,1,1
42,1,210,-2.299144744873047,5.6983113288879395,1.5726693868637085,2,0,0,1,0.0,0,0,0,1,4.985957595377155,7.219112396240234,1.3449952602386475,0.9195657968521118,0,0.0,1.353467345237732,0.49230863191248986,0.2754141654556162,0,0
42,1,220,-2.2993357181549072,5.934952735900879,1.5724523067474365,3,0,0,1,0.0,0,0,0,0,4.065821145213751,7.599283218383789,1.3998208045959473,1.0449985265731812,0,0.0,1.3750059604644775,0.4999999646264822,0.0006394134436787682,1,1
42,1,220,-2.2993357181549072,5.934952735900879,1.5724523067474365,3,0,0,1,0.0,0,0,0,1,4.734461050791399,6.900644779205322,1.3559648990631104,0.7383925914764404,0,0.0,1.353747010231018,0.492408543337171,0.2667324717264342,0,0
42,1,220,-2.2993357181549072,5.934952735900879,1.5724523067474365,3,0,0,1,0.0,0,0,0,2,4.774672217697795,7.2285356521606445,1.3443255424499512,0.9256167411804199,0,0.0,1.3534570932388306,0.4923052222873613,0.2753917582212218,0,0
42,1,230,-2.3012516498565674,6.170505523681641,1.5811222791671753,3,0,0,1,0.0,0,0,0,0,3.830400403256446,7.598543167114258,1.3996357917785645,1.035151720046997,0,0.0,1.3749854564666748,0.49999478549307763,0.006332576824707442,1,1
42,1,230,-2.3012516498565674,6.170505523681641,1.5811222791671753,3,0,0,1,0.0,0,0,0,1,4.51988236664867,6.886568546295166,1.3516998291015625,0.739884614944458,0,0.0,1.3536362648010254,0.49236893071106963,0.2787879376207032,0,0
42,1,230,-2.3012516498565674,6.170505523681641,1.5811222791671753,3,0,0,1,0.0,0,0,0,2,4.569649137949915,7.313478469848633,1.342101812362671,0.9725356101989746,0,0.0,1.3532088994979858,0.49221648261707085,0.2814491028555624,0,0
42,1,240,-2.3028793334960938,6.404682636260986,1.5770776271820068,3,0,2,0,0.03262615203857422,0,0,0,0,3.596408340049059,7.333554267883301,1.3996820449829102,0.8674131631851196,0,0.0,1.3749977350234985,0.49999531337265196,0.006143913035296378,1,0
42,1,240,-2.3028793334960938,6.404682636260986,1.5770776271820068,3,0,2,0,0.03262615203857422,0,0,0,1,4.317751315751143,6.957483291625977,1.3511590957641602,0.7764233350753784,0,0.0,1.3536936044692993,0.49238855078280236,0.27772998200173876,0,0
42,1,240,-2.3028793334960938,6.404682636260986,1.5770776271820068,3,0,2,0,0.03262615203857422,0,0,0,2,4.372716230187713,7.366180419921875,1.3415451049804688,1.0340373516082764,0,0.0,1.3531574010849,0.49219795707520475,0.28121131207496236,0,1
42,1,250,-2.3039729595184326,6.640011310577393,1.572469711303711,3,0,1,0,0.3154635429382324,0,0,0,0,3.361361392886295,7.026670932769775,1.3997160196304321,0.7139033675193787,0,0.0,1.3749988079071045,0.49999661087474373,0.0056696905092873204,1,0
42,1,250,-2.3039729595184326,6.640011310577393,1.572469711303711,3,0,1,0,0.3154635429382324,0,0,0,1,4.184086752882947,7.342134475708008,1.3409130573272705,0.9892412424087524,0,0.0,1.3531497716903687,0.4921951228499668,0.28070379250181293,0,1
42,1,250,-2.3039729595184326,6.640011310577393,1.572469711303711,3,0,1,0,0.3154635429382324,0,0,0,2,4.509751751405844,6.265724182128906,1.258840799331665,0.615180492401123,0,0.0,1.3391345739364624,0.48719060344772763,0.3040923321499536,0,0
42,1,260,-2.303117513656616,6.875286102294922,1.561813235282898,3,0,1,0,0.2756786346435547,0,0,0,0,3.1265640933775956,6.845293998718262,1.399822473526001,0.6230019330978394,0,0.0,1.374993920326233,0.499998987593221,0.0034788352213249957,1,0
42,1,260,-2.303117513656616,6.875286102294922,1.561813235282898,3,0,1,0,0.2756786346435547,0,0,0,1,4.008131654094008,7.120972633361816,1.3411511182785034,0.8781841993331909,0,0.0,1.3533436059951782,0.4922659280625205,0.27839339967192034,0,1
42,1,260,-2.303117513656616,6.875286102294922,1.561813235282898,3,0,1,0,0.2756786346435547,0,0,0,2,4.360545450073828,6.906008720397949,1.256874442100525,0.9392555356025696,0,0.0,1.352421760559082,0.49193601703213535,0.3046528457028764,0,0
42,1,270,-2.3006691932678223,7.111301422119141,1.5634044408798218,3,0,2,0,0.18922042846679688,0,0,0,0,2.8915388158585933,6.788906097412109,1.399733066558838,0.5949869751930237,0,0.0,1.374993085861206,0.49999870469897995,0.0032785343078623685,1,0
42,1,270,-2.3006691932678223,7.111301422119141,1.5634044408798218,3,0,2,0,0.18922042846679688,0,0,0,1,3.849061904169961,6.885996341705322,1.3392245769500732,0.7645490765571594,0,0.0,1.3534820079803467,0.49231473800338726,0.2777781184943244,0,0
42,1,270,-2.3006691932678223,7.111301422119141,1.5634044408798218,3,0,2,0,0.18922042846679688,0,0,0,2,4.213545514470511,6.978126525878906,1.2496756315231323,0.989712119102478,0,0.0,1.3526506423950195,0.4920179373484122,0.3039430850165526,0,1
42,1,280,-2.3000845909118652,7.34665584564209,1.5685818195343018,3,0,0,1,0.0,0,0,0,0,2.6594012509426848,6.7880754470825195,1.3995221853256226,0.5949933528900146,0,0.0,1.3749916553497314,0.4999998602574827,0.001051441062312708,1,1
42,1,280,-2.3000845909118652,7.34665584564209,1.5685818195343018,3,0,0,1,0.0,0,0,0,1,3.714322031895646,6.696086883544922,1.3357423543930054,0.6765586137771606,0,0.0,1.3534576892852783,0.4923053873608037,0.27591368054237425,0,0
42,1,280,-2.3000845909118652,7.34665584564209,1.5685818195343018,3,0,0,1,0.0,0,0,0,2,4.0875666209469905,6.735665321350098,1.2387419939041138,0.8903487324714661,0,0.0,1.3528430461883545,0.49208722318519377,0.30204284202683,0,0
93,0,0,-2.25,1.0,1.5707963267948966,3,0,0,1,0.0,0,0,0,0,9.0,7.150001525878906,1.2875003814697266,1.8949999809265137,0,0.0,1.2850003242492676,0.45982142857142855,0.0,1,1
93,0,0,-2.25,1.0,1.5707963267948966,3,0,0,1,0.0,0,0,0,1,9.513236186146589,6.992805480957031,1.2482013702392578,1.6120399236679077,0,0.0,1.2636055946350098,0.45218076037786004,0.2523747889156115,0,0
93,0,0,-2.25,1.0,1.5707963267948966,3,0,0,1,0.0,0,0,0,2,9.513236186146589,6.992805480957031,1.2482013702392578,1.6120399236679077,0,0.0,1.2636055946350098,0.45218076037786004,0.25237478891561166,0,0
93,0,10,-2.2493691444396973,1.0683510303497314,1.5572539567947388,3,0,0,1,0.0,0,0,0,0,8.95,7.467267990112305,1.3668169975280762,1.8945108652114868,0,0.0,1.3534741401672363,0.4881587320359878,0.007073459404834525,1,1
93,0,10,-2.2493691444396973,1.0683510303497314,1.5572539567947388,3,0,0,1,0.0,0,0,0,1,9.463793281809847,7.285696029663086,1.3214240074157715,1.5892372131347656,0,0.0,1.3329665660858154,0.48083440650032705,0.2759820275548221,0,0
93,0,10,-2.2493691444396973,1.0683510303497314,1.5572539567947388,3,0,0,1,0.0,0,0,0,2,9.463793281809847,7.275457382202148,1.318864345550537,1.5645002126693726,0,0.0,1.3325837850570679,0.48069775594556,0.27808929979988783,0,0
93,0,20,-2.247762680053711,1.2233102321624756,1.5650391578674316,3,0,0,1,0.0,0,0,0,0,8.799999999999999,7.587762832641602,1.3969407081604004,1.894482970237732,0,0.0,1.3747185468673706,0.4989092929293397,0.005269078761768749,1,1
93,0,20,-2.247762680053711,1.2233102321624756,1.5650391578674316,3,0,0,1,0.0,0,0,0,1,9.31551287810118,7.387655258178711,1.3469138145446777,1.5646470785140991,0,0.0,1.3535209894180298,0.4913382612790332,0.2801105553387825,0,0
93,0,20,-2.247762680053711,1.2233102321624756,1.5650391578674316,3,0,0,1,0.0,0,0,0,2,9.31551287810118,7.381641387939453,1.3454103469848633,1.5646183490753174,0,0.0,1.3530724048614502,0.49117807682171033,0.28305902444730807,0,0
93,0,30,-2.2470500469207764,1.4506596326828003,1.5666232109069824,3,0,0,1,0.0,0,0,0,0,8.549999999999999,7.599941253662109,1.3999853134155273,1.8944354057312012,0,0.0,1.3749892711639404,0.499996709974128,0.005235958467032617,1,1
93,0,30,-2.2470500469207764,1.4506596326828003,1.5666232109069824,3,0,0,1,0.0,0,0,0,1,9.0685506996768,7.404453277587891,1.3511133193969727,1.5647401809692383,0,0.0,1.3533709049224854,0.4922749036605466,0.27738276968061254,0,0
93,0,30,-2.2470500469207764,1.4506596326828003,1.5666232109069824,3,0,0,1,0.0,0,0,0,2,9.0685506996768,7.399585723876953,1.3498964309692383,1.564458966255188,0,0.0,1.352891445159912,0.4921037149869568,0.2804074968653456,0,0
93,0,40,-2.246227264404297,1.686084270477295,1.5701748132705688,3,0,0,1,0.0,0,0,0,0,8.299999999999999,7.599966049194336,1.399991512298584,1.728703498840332,0,0.0,1.3749946355819702,0.49999737400721955,0.004982434707413459,1,1
93,0,40,-2.246227264404297,1.686084270477295,1.5701748132705688,3,0,0,1,0.0,0,0,0,1,8.82182489730488,7.4066009521484375,1.3516502380371094,1.5883593559265137,0,0.0,1.35304856300354,0.49215967578607894,0.27476721631453266,0,0
93,0,40,-2.246227264404297,1.686084270477295,1.5701748132705688,3,0,0,1,0.0,0,0,0,2,8.82182489730488,7.404384613037109,1.3510961532592773,1.5646584033966064,0,0.0,1.3525645732879639,0.4919864273430684,0.2781279957746573,0,0
93,0,50,-2.2476887702941895,1.9204412698745728,1.5816634893417358,3,0,0,1,0.0,0,0,0,0,8.099999999999998,7.599849700927734,1.3999624252319336,1.507434606552124,0,0.0,1.3749923706054688,0.49999812717504355,0.004425144772353072,1,1
93,0,50,-2.2476887702941895,1.9204412698745728,1.5816634893417358,3,0,0,1,0.0,0,0,0,1,8.624633442061722,7.384784698486328,1.346196174621582,1.5644280910491943,0,0.0,1.3520324230194092,0.49179730533045063,0.28288648628505453,0,0
93,0,50,-2.2476887702941895,1.9204412698745728,1.5816634893417358,3,0,0,1,0.0,0,0,0,2,8.624633442061722,7.392740249633789,1.3481850624084473,1.5612056255340576,0,0.0,1.352027416229248,0.49179538715263676,0.28308186437375177,0,0
93,0,60,-2.2507882118225098,2.1551640033721924,1.582728385925293,3,0,0,1,0.0,0,0,0,0,7.849999999999999,7.599834442138672,1.399958610534668,1.3164640665054321,0,0.0,1.3749865293502808,0.4999941586276453,0.0066773663240487545,1,1
93,0,60,-2.2507882118225098,2.1551640033721924,1.582728385925293,3,0,0,1,0.0,0,0,0,1,8.378408067339434,7.393766403198242,1.3484416007995605,1.5325665473937988,0,0.0,1.3528152704238892,0.49207578520995027,0.2827189184155068,0,0
93,0,60,-2.2507882118225098,2.1551640033721924,1.582728385925293,3,0,0,1,0.0,0,0,0,2,8.378408067339434,7.404003143310547,1.3510007858276367,1.3445422649383545,0,0.0,1.353214979171753,0.49221821478576216,0.28029388636305985,0,0
93,0,70,-2.2525317668914795,2.391216993331909,1.5754755735397339,3,0,0,1,0.0,0,0,0,0,7.599999999999999,7.599943161010742,1.3999857902526855,1.1179436445236206,0,0.0,1.374990463256836,0.49999681577911137,0.005152489321386776,1,1
93,0,70,-2.2525317668914795,2.391216993331909,1.5754755735397339,3,0,0,1,0.0,0,0,0,1,8.132511449126646,7.398639678955078,1.3496599197387695,1.360511302947998,0,0.0,1.3522566556930542,0.4918769838695526,0.27877045571122616,0,0
93,0,70,-2.2525317668914795,2.391216993331909,1.5754755735397339,3,0,0,1,0.0,0,0,0,2,8.132511449126646,7.403833389282227,1.3509583473205566,1.143660068511963,0,0.0,1.3527010679244995,0.4920355278855138,0.2761077575286966,0,0
93,0,80,-2.2537784576416016,2.6261343955993652,1.575737476348877,3,0,0,1,0.0,0,0,0,0,7.349999999999999,7.515911102294922,1.3999805450439453,0.9579943418502808,0,0.0,1.374985933303833,0.4999949066382432,0.00662012740736751,1,1
93,0,80,-2.2537784576416016,2.6261343955993652,1.575737476348877,3,0,0,1,0.0,0,0,0,1,7.886988069905341,7.407308578491211,1.3518271446228027,1.2181488275527954,0,0.0,1.3529632091522217,0.4921293076512657,0.27756586676902983,0,0
93,0,80,-2.2537784576416016,2.6261343955993652,1.575737476348877,3,0,0,1,0.0,0,0,0,2,7.948548078362939,7.21795654296875,1.344599723815918,0.9197788834571838,0,0.0,1.3543869256973267,0.4926373168737706,0.2868657412447297,0,0
93,0,90,-2.2546184062957764,2.8628921508789062,1.5749802589416504,3,0,1,0,0.16590642929077148,0,0,0,0,7.137107855081557,7.225639820098877,1.3999791145324707,0.8128616809844971,0,0.0,1.3749847412109375,0.49999334329978323,0.007652486063404961,1,0
93,0,90,-2.2546184062957764,2.8628921508789062,1.5749802589416504,3,0,1,0,0.16590642929077148,0,0,0,1,7.678241617376411,7.391546249389648,1.347886562347412,1.0978143215179443,0,0.0,1.35146963596344,0.4915955697568026,0.28398208229753796,0,1
93,0,90,-2.2546184062957764,2.8628921508789062,1.5749802589416504,3,0,1,0,0.16590642929077148,0,0,0,2,7.8992233945288675,7.155424118041992,1.288856029510498,1.3442089557647705,0,0.0,1.3509695529937744,0.49141656911297227,0.30725021530595137,0,0
93,0,100,-2.2545368671417236,3.09667706489563,1.565830945968628,3,0,1,0,0.30667924880981445,0,0,0,0,6.903322941064833,7.052019119262695,1.3999857902526855,0.7260379791259766,0,0.0,1.3749985694885254,0.49999825146533744,0.0046416587924543095,1,0
93,0,100,-2.2545368671417236,3.09667706489563,1.565830945968628,3,0,1,0,0.30667924880981445,0,0,0,1,7.4494108407702555,7.35869836807251,1.3505382537841797,0.9782726764678955,0,0.0,1.3532048463821411,0.49221565006419343,0.27963274196294224,0,1
93,0,100,-2.2545368671417236,3.09667706489563,1.565830945968628,3,0,1,0,0.30667924880981445,0,0,0,2,7.6735687658926945,7.1600341796875,1.290008544921875,1.2327144145965576,0,0.0,1.3507671356201172,0.4913448226001602,0.30670153662137195,0,0
93,0,110,-2.2525978088378906,3.331589698791504,1.5612837076187134,3,0,2,0,0.17187023162841797,0,0,0,0,6.668410277366637,6.989846229553223,1.3999676704406738,0.6949878334999084,0,0.0,1.3749926090240479,0.4999987563790172,0.0037527883067325035,1,0
93,0,110,-2.2525978088378906,3.331589698791504,1.5612837076187134,3,0,2,0,0.17187023162841797,0,0,0,1,7.219958672742205,7.135002136230469,1.3510394096374512,0.8654223084449768,0,0.0,1.3533871173858643,0.4922811241652448,0.2785748090150378,0,0
93,0,110,-2.2525978088378906,3.331589698791504,1.5612837076187134,3,0,2,0,0.17187023162841797,0,0,0,2,7.447575501510194,7.161716461181641,1.2904291152954102,1.1174683570861816,0,0.0,1.3508427143096924,0.4913727200102623,0.3058649852773424,0,1
93,0,120,-2.249663829803467,3.566856861114502,1.55409574508667,3,0,2,0,0.21392059326171875,0,0,0,0,6.433143115043639,6.939579963684082,1.3999156951904297,0.6699585914611816,0,0.0,1.3749761581420898,0.49999011507232005,0.008794340376224605,1,0
93,0,120,-2.249663829803467,3.566856861114502,1.55409574508667,3,0,2,0,0.21392059326171875,0,0,0,1,6.990718120646868,6.960726261138916,1.3518543243408203,0.7766544818878174,0,0.0,1.3536498546600342,0.49237311262068767,0.2810784759115117,0,0
93,0,120,-2.249663829803467,3.566856861114502,1.55409574508667,3,0,2,0,0.21392059326171875,0,0,0,2,7.222101071226133,7.153500556945801,1.2934021949768066,0.9899457693099976,0,0.0,1.3524318933486938,0.4919386125175353,0.3075550806889403,0,1
93,0,130,-2.2458693981170654,3.80307674407959,1.5597763061523438,3,0,0,1,0.0,0,0,0,0,6.196923232078551,6.989505767822266,1.3999452590942383,0.6948623657226562,0,0.0,1.3749696016311646,0.4999878776410219,0.009746390605202446,1,1
93,0,130,-2.2458693981170654,3.80307674407959,1.5597763061523438,3,0,0,1,0.0,0,0,0,1,6.7612003084236925,6.828722953796387,1.351426601409912,0.7115083932876587,0,0.0,1.3538130521774292,0.49243092453479625,0.2795322197303194,0,0
93,0,130,-2.2458693981170654,3.80307674407959,1.5597763061523438,3,0,0,1,0.0,0,0,0,2,6.996707674533157,6.92060661315918,1.2919673919677734,0.8763684630393982,0,0.0,1.3528754711151123,0.4920962824896643,0.30529114723270584,0,0
93,0,140,-2.2450482845306396,4.0378804206848145,1.5712867975234985,3,0,0,1,0.0,0,0,0,0,5.962119555473326,6.989615440368652,1.3999872207641602,0.6948332786560059,0,0.0,1.3749929666519165,0.49999632464182964,0.006088801355392299,1,1
93,0,140,-2.2450482845306396,4.0378804206848145,1.5712867975234985,3,0,0,1,0.0,0,0,0,1,6.533813281666706,6.765133857727051,1.3501348495483398,0.6822973489761353,0,0.0,1.353738784790039,0.4924066067843711,0.27681654293526725,0,0
93,0,140,-2.2450482845306396,4.0378804206848145,1.5712867975234985,3,0,0,1,0.0,0,0,0,2,6.533813281666706,6.322054862976074,1.346388816833496,0.46824976801872253,0,0.0,1.3496452569961548,0.4909445656652653,0.28107181073585796,0,0
93,0,150,-2.2451446056365967,4.273048400878906,1.570881962776184,3,0,0,1,0.0,0,0,0,0,5.726951575279235,6.989621162414551,1.3999872207641602,0.6948360204696655,0,0.0,1.3749922513961792,0.4999962548304553,0.006119920370082113,1,1
93,0,150,-2.2451446056365967,4.273048400878906,1.570881962776184,3,0,0,1,0.0,0,0,0,1,6.306960919615072,6.67381477355957,1.350013256072998,0.6368809342384338,0,0.0,1.3537380695343018,0.4924061533190095,0.2768744680309389,0,0
93,0,150,-2.2451446056365967,4.273048400878906,1.570881962776184,3,0,0,1,0.0,0,0,0,2,6.306960919615073,6.512917995452881,1.3489441871643066,0.5585705637931824,0,0.0,1.352697491645813,0.4920346830861543,0.28112669364202747,0,0
93,0,160,-2.2451183795928955,4.508130073547363,1.5724600553512573,3,0,0,1,0.0,0,0,0,0,5.491869902610778,6.989626884460449,1.3999881744384766,0.694837212562561,0,0.0,1.3749947547912598,0.4999970015524706,0.005586750219384097,1,1
93,0,160,-2.2451183795928955,4.508130073547363,1.5724600553512573,3,0,0,1,0.0,0,0,0,1,6.081245046010514,6.663308143615723,1.3496646881103516,0.632324755191803,0,0.0,1.3537230491638184,0.49240024167382884,0.27655214544691065,0,0
93,0,160,-2.2451183795928955,4.508130073547363,1.5724600553512573,3,0,0,1,0.0,0,0,0,2,6.081245046010514,6.674192428588867,1.3493070602416992,0.6384819746017456,0,0.0,1.3531328439712524,0.4921899359226278,0.28059361685223505,0,0
93,0,170,-2.247316837310791,4.74330997467041,1.5825594663619995,3,0,0,1,0.0,0,0,0,0,5.25669012069702,6.989274501800537,1.3999555110931396,0.694726288318634,0,0.0,1.3749936819076538,0.49999791020857903,0.004693767936814336,1,1
93,0,170,-2.247316837310791,4.74330997467041,1.5825594663619995,3,0,0,1,0.0,0,0,0,1,5.856697251994058,6.655118942260742,1.3481276035308838,0.6313042640686035,0,0.0,1.3534512519836426,0.49230388271348785,0.27879825802134406,0,0
93,0,170,-2.247316837310791,4.74330997467041,1.5825594663619995,3,0,0,1,0.0,0,0,0,2,5.856697251994058,6.768626689910889,1.3503777980804443,0.6835577487945557,0,0.0,1.3534058332443237,0.49228769951750145,0.27938008314651935,0,0
93,0,180,-2.2482593059539795,4.979239463806152,1.5722270011901855,3,0,0,1,0.0,0,0,0,0,5.020760631561278,6.989908218383789,1.40000581741333,0.6949424147605896,0,0.0,1.3750066757202148,0.4999997293605646,0.0017871433155846115,1,1
93,0,180,-2.2482593059539795,4.979239463806152,1.5722270011901855,3,0,0,1,0.0,0,0,0,1,5.632969705020122,6.678649425506592,1.3490347862243652,0.6412551403045654,0,0.0,1.3535304069519043,0.4923309464199933,0.2755505859388886,0,0
93,0,180,-2.2482593059539795,4.979239463806152,1.5722270011901855,3,0,0,1,0.0,0,0,0,2,5.632969705020122,6.774503231048584,1.3490958213806152,0.6890599727630615,0,0.0,1.353342056274414,0.4922636276590269,0.276865120497331,0,0
93,0,190,-2.2486557960510254,5.212047576904297,1.5725032091140747,2,0,0,1,0.0,0,0,0,0,4.7879525184631335,6.989880561828613,1.4000053405761719,0.6949297189712524,0,0.0,1.3750066757202148,0.4999998754413477,0.0012326225686304705,1,1
93,0,190,-2.2486557960510254,5.212047576904297,1.5725032091140747,2,0,0,1,0.0,0,0,0,1,5.414048146140008,6.757479667663574,1.3487117290496826,0.6813163757324219,0,0.0,1.3535000085830688,0.49232063767091383,0.27539404089006597,0,0
93,0,200,-2.2488341331481934,5.4467082023620605,1.5716357231140137,3,0,0,1,0.0,0,0,0,0,4.55329189300537,6.989845275878906,1.4000053405761719,0.6949118375778198,0,0.0,1.375005841255188,0.49999986979363115,0.0012260836727803254,1,1
93,0,200,-2.2488341331481934,5.4467082023620605,1.5716357231140137,3,0,0,1,0.0,0,0,0,1,5.195684913003394,6.783831596374512,1.3485019207000732,0.6949118375778198,0,0.0,1.3534997701644897,0.49232047678055707,0.2754194800460659,0,0
93,0,200,-2.2488341331481934,5.4467082023620605,1.5716357231140137,3,0,0,1,0.0,0,0,0,2,5.474203022531129,6.398465156555176,1.282289743423462,0.6346531510353088,0,0.0,1.3530261516571045,0.4921519597872416,0.3008707211496346,0,0
93,0,210,-2.2478959560394287,5.6801018714904785,1.5603256225585938,3,0,0,1,0.0,0,0,0,0,4.319898223876951,6.988498687744141,1.3999576568603516,0.6943339705467224,0,0.0,1.3749840259552002,0.4999931891616195,0.007302480617326654,1,1
93,0,210,-2.2478959560394287,5.6801018714904785,1.5603256225585938,3,0,0,1,0.0,0,0,0,1,4.981378200245869,6.786954879760742,1.349571704864502,0.6943339705467224,0,0.0,1.3536909818649292,0.4923878312692386,0.27896757651857845,0,0
93,0,210,-2.2478959560394287,5.6801018714904785,1.5603256225585938,3,0,0,1,0.0,0,0,0,2,4.9859116348541725,6.79791259765625,1.352311134338379,0.6943339705467224,0,0.0,1.3535056114196777,0.492321083516269,0.27338512414359534,0,0
93,0,220,-2.2466022968292236,5.915774822235107,1.571319580078125,3,0,0,1,0.0,0,0,0,0,4.084225273132322,7.027044296264648,1.3999974727630615,0.7135273218154907,0,0.0,1.3749998807907104,0.49999833646239306,0.004107406072810258,1,1
93,0,220,-2.2466022968292236,5.915774822235107,1.571319580078125,3,0,0,1,0.0,0,0,0,1,4.768696934899564,6.818943977355957,1.3479723930358887,0.7135273218154907,0,0.0,1.353642463684082,0.4923722209391756,0.27624269418411623,0,0
93,0,220,-2.2466022968292236,5.915774822235107,1.571319580078125,3,0,0,1,0.0,0,0,0,2,4.768696934899564,6.739563941955566,1.3475358486175537,0.6747103333473206,0,0.0,1.3532159328460693,0.49222002534075165,0.27915155288291843,0,0
93,0,230,-2.2485415935516357,6.1495161056518555,1.5857219696044922,3,0,0,1,0.0,0,0,0,0,3.850483989715574,7.177474498748779,1.399930477142334,0.7888763546943665,0,0.0,1.3749922513961792,0.4999948477355107,0.006612114671145965,1,1
93,0,230,-2.2485415935516357,6.1495161056518555,1.5857219696044922,3,0,0,1,0.0,0,0,0,1,4.562549911561187,6.959476947784424,1.3454310894012451,0.7888763546943665,0,0.0,1.3533260822296143,0.49225821202035164,0.2814599625489599,0,0
93,0,230,-2.2485415935516357,6.1495161056518555,1.5857219696044922,3,0,0,1,0.0,0,0,0,2,4.562549911561187,6.9213643074035645,1.3490009307861328,0.7626802325248718,0,0.0,1.353520154953003,0.4923275882611796,0.28048694543679387,0,0
93,0,240,-2.2520620822906494,6.38433313369751,1.5842304229736328,3,0,0,1,0.0,0,0,0,0,3.6156669616699197,7.449446678161621,1.3999264240264893,0.9248705506324768,0,0.0,1.3749749660491943,0.499990252095245,0.008688920940137422,1,1
93,0,240,-2.2520620822906494,6.38433313369751,1.5842304229736328,3,0,0,1,0.0,0,0,0,1,4.361807664840954,7.228459358215332,1.344679594039917,0.9248705506324768,0,0.0,1.3531051874160767,0.49217937806928524,0.283787912389332,0,0
93,0,240,-2.2520620822906494,6.38433313369751,1.5842304229736328,3,0,0,1,0.0,0,0,0,2,4.361807664840954,7.084438800811768,1.3485996723175049,0.8450199961662292,0,0.0,1.353715419769287,0.4923977336854943,0.2799445638116369,0,0
93,0,250,-2.2546231746673584,6.618000507354736,1.5775456428527832,3,0,0,1,0.0,0,0,0,0,3.381999588012693,7.589564323425293,1.3999696969985962,0.9948428273200989,0,0.0,1.3749847412109375,0.4999915144814566,0.00845670331806291,1,1
93,0,250,-2.2546231746673584,6.618000507354736,1.5775456428527832,3,0,0,1,0.0,0,0,0,1,4.17055751433368,7.246795654296875,1.3446133136749268,0.9341711401939392,0,0.0,1.353030800819397,0.4921521887939564,0.28348512354515476,0,0
93,0,250,-2.2546231746673584,6.618000507354736,1.5775456428527832,3,0,0,1,0.0,0,0,0,2,4.17055751433368,7.255398750305176,1.3473258018493652,0.9330478310585022,0,0.0,1.3538020849227905,0.49242763062878925,0.2783996221998083,0,0
93,0,260,-2.253740072250366,6.852092266082764,1.5597411394119263,3,0,0,1,0.0,0,0,0,0,3.147907829284666,7.589434623718262,1.399955153465271,0.9948070645332336,0,0.0,1.3749958276748657,0.4999984627082907,0.004285601490943413,1,1
93,0,260,-2.253740072250366,6.852092266082764,1.5597411394119263,3,0,0,1,0.0,0,0,0,1,3.9906209926041387,7.09462833404541,1.3462954759597778,0.8547231554985046,0,0.0,1.3533300161361694,0.49226066432191484,0.27914594634618933,0,0
93,0,260,-2.253740072250366,6.852092266082764,1.5597411394119263,3,0,0,1,0.0,0,0,0,2,4.004102176615287,7.258598327636719,1.3500932455062866,0.9291126728057861,0,0.0,1.3538291454315186,0.4924387921104848,0.26893066311581737,0,0
93,0,270,-2.249441385269165,7.087068557739258,1.548538327217102,3,0,0,1,0.0,0,0,0,0,2.9129315376281717,7.587431907653809,1.3997962474822998,0.9941235184669495,0,0.0,1.374955177307129,0.4999823317017258,0.01175666952730392,1,1
93,0,270,-2.249441385269165,7.087068557739258,1.548538327217102,3,0,0,1,0.0,0,0,0,1,3.826306284502718,7.071005344390869,1.3472260236740112,0.8410506248474121,0,0.0,1.3537178039550781,0.49239617910760997,0.283060759307118,0,0
93,0,270,-2.249441385269165,7.087068557739258,1.548538327217102,3,0,0,1,0.0,0,0,0,2,3.826306284502718,6.9844560623168945,1.340305209159851,0.8116177320480347,0,0.0,1.3530755043029785,0.49216649410597535,0.2869146147390798,0,0
93,0,280,-2.2449681758880615,7.321766376495361,1.5569345951080322,3,0,0,1,0.0,0,0,0,0,2.678233718872068,7.5873188972473145,1.3998879194259644,0.9938836693763733,0,0.0,1.3749605417251587,0.4999817691953757,0.011991418651116956,1,1
93,0,280,-2.2449681758880615,7.321766376495361,1.5569345951080322,3,0,0,1,0.0,0,0,0,1,3.684924631457703,7.091355800628662,1.3451067209243774,0.8554643988609314,0,0.0,1.3538914918899536,0.49245806833842215,0.2806414978368402,0,0
93,0,280,-2.2449681758880615,7.321766376495361,1.5569345951080322,3,0,0,1,0.0,0,0,0,2,3.6849246314577035,6.986606121063232,1.3394461870193481,0.8144106864929199,0,0.0,1.3528984785079956,0.49210376709676723,0.28703881174830925,0,0
93,1,0,-2.25,1.0,1.5707963267948966,3,0,0,1,0.0,0,0,0,0,9.0,7.150001525878906,1.2875003814697266,1.8949999809265137,0,0.0,1.2850003242492676,0.45982142857142855,0.0,1,1
93,1,0,-2.25,1.0,1.5707963267948966,3,0,0,1,0.0,0,0,0,1,9.513236186146589,6.992805480957031,1.2482013702392578,1.6120399236679077,0,0.0,1.2636055946350098,0.45218076037786004,0.2523747889156115,0,0
93,1,0,-2.25,1.0,1.5707963267948966,3,0,0,1,0.0,0,0,0,2,9.513236186146589,6.992805480957031,1.2482013702392578,1.6120399236679077,0,0.0,1.2636055946350098,0.45218076037786004,0.25237478891561166,0,0
93,1,10,-2.252131462097168,1.0681453943252563,1.6243609189987183,3,0,0,1,0.0,0,0,0,0,8.95,7.464860916137695,1.3662152290344238,1.8447526693344116,0,0.0,1.3533369302749634,0.4881130916589142,0.03149939818238904,1,1
93,1,10,-2.252131462097168,1.0681453943252563,1.6243609189987183,3,0,0,1,0.0,0,0,0,1,9.463793281809847,7.257776260375977,1.3144440650939941,1.5391287803649902,0,0.0,1.3318159580230713,0.48042699105347225,0.30249938891747474,0,0
93,1,10,-2.252131462097168,1.0681453943252563,1.6243609189987183,3,0,0,1,0.0,0,0,0,2,9.463793281809847,7.2992401123046875,1.3248100280761719,1.6145884990692139,0,0.0,1.3335143327713013,0.48103362446071435,0.2923700433044911,0,0
93,1,20,-2.264166831970215,1.2348971366882324,1.6433980464935303,3,0,0,1,0.0,0,0,0,0,8.75,7.590015411376953,1.3975038528442383,1.8196775913238525,0,0.0,1.3742209672927856,0.49940299615627987,0.050075089164460164,1,1
93,1,20,-2.264166831970215,1.2348971366882324,1.6433980464935303,3,0,0,1,0.0,0,0,0,1,9.26610276253317,7.366752624511719,1.3416881561279297,1.5144670009613037,0,0.0,1.3504278659820557,0.49090512907039063,0.3220910311826036,0,0
93,1,20,-2.264166831970215,1.2348971366882324,1.6433980464935303,3,0,0,1,0.0,0,0,0,2,9.26610276253317,7.429893493652344,1.357473373413086,1.6387205123901367,0,0.0,1.354069709777832,0.4922058167190384,0.3002028936381444,0,0
93,1,30,-2.2759273052215576,1.466516137123108,1.5981998443603516,3,0,0,1,0.0,0,0,0,0,8.550204914590983,7.597019195556641,1.3992547988891602,1.8430507183074951,0,0.0,1.3748695850372314,0.49994776644730893,0.02391111756648077,1,1
93,1,30,-2.2759273052215576,1.466516137123108,1.5981998443603516,3,0,0,1,0.0,0,0,0,1,9.06082040629453,7.398908615112305,1.3497271537780762,1.6149011850357056,0,0.0,1.3508912324905396,0.4913841574486718,0.30152209400781527,0,0
93,1,30,-2.2759273052215576,1.466516137123108,1.5981998443603516,3,0,0,1,0.0,0,0,0,2,9.076648414228565,7.380254745483398,1.3450636863708496,1.4898985624313354,0,0.0,1.3535642623901367,0.4923387981683379,0.2845399358136171,0,0
93,1,40,-2.2779595851898193,1.7012983560562134,1.5730206966400146,3,0,0,1,0.0,0,0,0,0,8.3002136713115,7.598470687866211,1.3996176719665527,1.728844404220581,0,0.0,1.3748488426208496,0.4999295697660525,0.026471833741981227,1,1
93,1,40,-2.2779595851898193,1.7012983560562134,1.5730206966400146,3,0,0,1,0.0,0,0,0,1,8.813795614018574,7.399980545043945,1.3499951362609863,1.6144267320632935,0,0.0,1.351580262184143,0.4916194157986881,0.3012835715606591,0,0
93,1,40,-2.2779595851898193,1.7012983560562134,1.5730206966400146,3,0,0,1,0.0,0,0,0,2,8.830235022619542,7.400373458862305,1.3500933647155762,1.5384920835494995,0,0.0,1.3543856143951416,0.4926213530071732,0.28326723174409363,0,0
93,1,50,-2.280524253845215,1.9353759288787842,1.593044400215149,3,0,0,1,0.0,0,0,0,0,8.050223209837263,7.597850799560547,1.3994626998901367,1.5115087032318115,0,0.0,1.3749254941940308,0.4999690345989491,0.01933826207883788,1,1
93,1,50,-2.280524253845215,1.9353759288787842,1.593044400215149,3,0,0,1,0.0,0,0,0,1,8.567011976328542,7.412498474121094,1.3531246185302734,1.5676357746124268,0,0.0,1.3519446849822998,0.4917615926910015,0.2916768817239426,0,0
93,1,50,-2.280524253845215,1.9353759288787842,1.593044400215149,3,0,0,1,0.0,0,0,0,2,8.58411117861617,7.395717620849609,1.3489294052124023,1.514553189277649,0,0.0,1.353743314743042,0.4924040301457174,0.2797814941816413,0,0
93,1,60,-2.289409637451172,2.170884609222412,1.6148401498794556,3,0,0,1,0.0,0,0,0,0,7.850231476520241,7.596488952636719,1.3991222381591797,1.3399666547775269,0,0.0,1.3749209642410278,0.49997103937501436,0.017742772884659926,1,1
93,1,60,-2.289409637451172,2.170884609222412,1.6148401498794556,3,0,0,1,0.0,0,0,0,1,8.369778914365407,7.406373977661133,1.3515934944152832,1.3664494752883911,0,0.0,1.3518662452697754,0.4917371035490325,0.29520870112436615,0,0
93,1,60,-2.289409637451172,2.170884609222412,1.6148401498794556,3,0,0,1,0.0,0,0,0,2,8.387444715047044,7.363777160644531,1.3409442901611328,1.4896478652954102,0,0.0,1.3520333766937256,0.4917967714573757,0.29346355609438646,0,0
93,1,70,-2.299428701400757,2.4055936336517334,1.6088591814041138,3,0,0,1,0.0,0,0,0,0,7.600242712727235,7.597345352172852,1.399336338043213,1.1682146787643433,0,0.0,1.3748899698257446,0.49995504217072995,0.018864309579105617,1,1
93,1,70,-2.299428701400757,2.4055936336517334,1.6088591814041138,3,0,0,1,0.0,0,0,0,1,8.123509301822907,7.416963577270508,1.354240894317627,1.1420998573303223,0,0.0,1.3533393144607544,0.49225834448160083,0.2897746138314455,0,0
93,1,70,-2.299428701400757,2.4055936336517334,1.6088591814041138,3,0,0,1,0.0,0,0,0,2,8.141937469843858,7.374868392944336,1.343717098236084,1.4155516624450684,0,0.0,1.3524433374404907,0.4919381441631488,0.2950205189824186,0,0
93,1,80,-2.3058578968048096,2.6402690410614014,1.5879050493240356,3,0,0,1,0.0,0,0,0,0,7.350255095400645,7.599061965942383,1.3997654914855957,1.0000569820404053,0,0.0,1.3749361038208008,0.49997292818505173,0.014805036233871378,1,1
93,1,80,-2.3058578968048096,2.6402690410614014,1.5879050493240356,3,0,0,1,0.0,0,0,0,1,7.87757984230967,7.3036980628967285,1.3536953926086426,0.9444581866264343,0,0.0,1.3530840873718262,0.4921682268008575,0.28132300194078663,0,0
93,1,80,-2.3058578968048096,2.6402690410614014,1.5879050493240356,3,0,0,1,0.0,0,0,0,2,7.896837824575627,7.38676643371582,1.346691608428955,1.265815258026123,0,0.0,1.3518877029418945,0.4917412623568157,0.28844525183767733,0,0
93,1,90,-2.306154727935791,2.8744020462036133,1.56136155128479,3,0,1,0,0.07765626907348633,0,0,0,0,7.125865297598127,7.313466548919678,1.3999848365783691,0.8567635416984558,0,0.0,1.3749914169311523,0.4999973188685605,0.005893353045706409,1,0
93,1,90,-2.306154727935791,2.8744020462036133,1.56136155128479,3,0,1,0,0.07765626907348633,0,0,0,1,7.677228547288866,7.391122817993164,1.347780704498291,1.131744384765625,0,0.0,1.3515751361846924,0.49163387700511146,0.2821245642030739,0,1
93,1,90,-2.306154727935791,2.8744020462036133,1.56136155128479,3,0,1,0,0.07765626907348633,0,0,0,2,7.875487461765719,6.525550365447998,1.291964054107666,0.6788471341133118,0,0.0,1.3521367311477661,0.4918349486095546,0.2985074675483907,0,0
93,1,100,-2.30159068107605,3.1090567111968994,1.5465459823608398,3,0,1,0,0.3049793243408203,0,0,0,0,6.891224757575939,7.099912643432617,1.399932861328125,0.7500905990600586,0,0.0,1.3749637603759766,0.4999845792615226,0.01124379060266435,1,0
93,1,100,-2.30159068107605,3.1090567111968994,1.5465459823608398,3,0,1,0,0.3049793243408203,0,0,0,1,7.4480396703011085,7.4048919677734375,1.3512229919433594,1.0119359493255615,0,0.0,1.353610634803772,0.49235896039509275,0.2838080683945914,0,1
93,1,100,-2.30159068107605,3.1090567111968994,1.5465459823608398,3,0,1,0,0.3049793243408203,0,0,0,2,7.675240663612042,7.160966873168945,1.2902417182922363,1.263658046722412,0,0.0,1.350550889968872,0.4912661872428841,0.31197329718818156,0,0
93,1,110,-2.296607732772827,3.3452389240264893,1.5555870532989502,3,0,1,0,0.1802229881286621,0,0,0,0,6.655058323676768,7.039731502532959,1.399951457977295,0.7199628949165344,0,0.0,1.3749632835388184,0.4999841793372188,0.011114602097797105,1,0
93,1,110,-2.296607732772827,3.3452389240264893,1.5555870532989502,3,0,1,0,0.1802229881286621,0,0,0,1,7.217894076528955,7.219954490661621,1.3504729270935059,0.9090314507484436,0,0.0,1.3538095951080322,0.4924295578645454,0.28088567150807997,0,1
93,1,110,-2.296607732772827,3.3452389240264893,1.5555870532989502,3,0,1,0,0.1802229881286621,0,0,0,2,7.448686566816136,7.15324592590332,1.28831148147583,1.1410311460494995,0,0.0,1.351245403289795,0.4915137287452704,0.3084225067374201,0,0
93,1,120,-2.294224500656128,3.580226421356201,1.5666699409484863,3,0,2,0,0.06121110916137695,0,0,0,0,6.420088421736326,7.089545726776123,1.3999266624450684,0.7449195981025696,0,0.0,1.3749808073043823,0.4999910626463298,0.00901251950908043,1,0
93,1,120,-2.294224500656128,3.580226421356201,1.5666699409484863,3,0,2,0,0.06121110916137695,0,0,0,1,6.989526119440839,7.045896530151367,1.3492555618286133,0.8244370818138123,0,0.0,1.3538403511047363,0.49244174748888314,0.27826436076702776,0,0
93,1,120,-2.294224500656128,3.580226421356201,1.5666699409484863,3,0,2,0,0.06121110916137695,0,0,0,2,7.224200849133618,7.1507568359375,1.287689208984375,1.0344032049179077,0,0.0,1.3532016277313232,0.49221335462906246,0.30270962364495857,0,1
93,1,130,-2.294240951538086,3.8164219856262207,1.5747371912002563,3,0,0,1,0.0,0,0,0,0,6.183912775010199,7.0892534255981445,1.3998732566833496,0.7448801398277283,0,0.0,1.3749924898147583,0.49999659297119836,0.00630891739727702,1,1
93,1,130,-2.294240951538086,3.8164219856262207,1.5747371912002563,3,0,0,1,0.0,0,0,0,1,6.76069871483309,6.924617767333984,1.348116397857666,0.7660760879516602,0,0.0,1.353742003440857,0.4924084591496494,0.2768516071448772,0,0
93,1,130,-2.294240951538086,3.8164219856262207,1.5747371912002563,3,0,0,1,0.0,0,0,0,2,6.794935762129335,6.401803970336914,1.3594303131103516,0.48204123973846436,0,0.0,1.3524478673934937,0.4919460722025692,0.26250530114502196,0,0
93,1,140,-2.2962491512298584,4.051547527313232,1.5813337564468384,3,0,0,1,0.0,0,0,0,0,5.948809731441385,7.089000225067139,1.3998064994812012,0.7448870539665222,0,0.0,1.3749938011169434,0.49999860706633587,0.004073188590149663,1,1
93,1,140,-2.2962491512298584,4.051547527313232,1.5813337564468384,3,0,0,1,0.0,0,0,0,1,6.508040583145046,6.459665298461914,1.352339267730713,0.5251542329788208,0,0.0,1.3533214330673218,0.49225817235129554,0.2789608387665112,0,0
93,1,140,-2.2962491512298584,4.051547527313232,1.5813337564468384,3,0,0,1,0.0,0,0,0,2,6.533738305656131,6.840399742126465,1.3469576835632324,0.7262845039367676,0,0.0,1.3535370826721191,0.492334918360713,0.27725486226478335,0,0
93,1,150,-2.2994134426116943,4.286948204040527,1.5845365524291992,3,0,0,1,0.0,0,0,0,0,5.713434826608292,7.088756561279297,1.399765968322754,0.7448464035987854,0,0.0,1.374988079071045,0.4999946844264625,0.006517474618282783,1,1
93,1,150,-2.2994134426116943,4.286948204040527,1.5845365524291992,3,0,0,1,0.0,0,0,0,1,6.280279030680264,6.6410231590271,1.352830410003662,0.6148508191108704,0,0.0,1.3535603284835815,0.49234207919382744,0.28004600139174557,0,0
93,1,150,-2.2994134426116943,4.286948204040527,1.5845365524291992,3,0,0,1,0.0,0,0,0,2,6.307488437819633,6.756772518157959,1.3460617065429688,0.686262845993042,0,0.0,1.3532829284667969,0.4922432811431757,0.28160659103685753,0,0
93,1,160,-2.301774740219116,4.522599220275879,1.5768177509307861,3,0,0,1,0.0,0,0,0,0,5.477813623180346,7.088973522186279,1.3998727798461914,0.7447412014007568,0,0.0,1.3750005960464478,0.4999970887541698,0.0048061372635774275,1,1
93,1,160,-2.301774740219116,4.522599220275879,1.5768177509307861,3,0,0,1,0.0,0,0,0,1,6.053254797117351,6.806944847106934,1.3521881103515625,0.6990962028503418,0,0.0,1.353621006011963,0.4923634258021855,0.2774315811394258,0,0
93,1,160,-2.301774740219116,4.522599220275879,1.5768177509307861,3,0,0,1,0.0,0,0,0,2,6.082158263283615,6.749170303344727,1.3465313911437988,0.6815224289894104,0,0.0,1.3532354831695557,0.4922262464843824,0.27990229721888993,0,0
93,1,170,-2.302178144454956,4.758002758026123,1.5673552751541138,3,0,0,1,0.0,0,0,0,0,5.242445009614505,7.089615345001221,1.399946928024292,0.7449138164520264,0,0.0,1.3750011920928955,0.4999997034050911,0.0019497178906166316,1,1
93,1,170,-2.302178144454956,4.758002758026123,1.5673552751541138,3,0,0,1,0.0,0,0,0,1,5.827643906972924,6.871726989746094,1.351149082183838,0.7335652112960815,0,0.0,1.353527545928955,0.49233185775383825,0.2756120917591243,0,0
93,1,170,-2.302178144454956,4.758002758026123,1.5673552751541138,3,0,0,1,0.0,0,0,0,2,5.85845264483253,6.7511677742004395,1.3473036289215088,0.6809766292572021,0,0.0,1.353333830833435,0.49226274985457835,0.2770074779329848,0,0
93,1,180,-2.300447940826416,4.992905139923096,1.5619776248931885,3,0,0,1,0.0,0,0,0,0,5.007583744701014,7.089155197143555,1.3999521732330322,0.7446733117103577,0,0.0,1.3749866485595703,0.4999978726558342,0.004142391276688146,1,1
93,1,180,-2.300447940826416,4.992905139923096,1.5619776248931885,3,0,0,1,0.0,0,0,0,1,5.603933560619851,6.880259990692139,1.3503193855285645,0.7394912838935852,0,0.0,1.3533434867858887,0.49226550765888166,0.27922301411440437,0,0
93,1,180,-2.300447940826416,4.992905139923096,1.5619776248931885,3,0,0,1,0.0,0,0,0,2,5.636895519416464,6.769729137420654,1.3477046489715576,0.6894553303718567,0,0.0,1.353512167930603,0.4923256225108402,0.27828415167028747,0,0
93,1,190,-2.298997640609741,5.22822380065918,1.5666874647140503,2,0,0,1,0.0,0,0,0,0,4.772314613197182,7.089141368865967,1.399925708770752,0.7447192072868347,0,0.0,1.3750019073486328,0.4999988164231623,0.003055494452311682,1,1
93,1,190,-2.298997640609741,5.22822380065918,1.5666874647140503,2,0,0,1,0.0,0,0,0,1,5.416994633340751,6.858700275421143,1.3468286991119385,0.7356926798820496,0,0.0,1.3535492420196533,0.49233838894854504,0.27666149466317563,0,0
93,1,200,-2.298973560333252,5.462611675262451,1.571580410003662,3,0,0,1,0.0,0,0,0,0,4.537987168635947,7.089322566986084,1.3998701572418213,0.7449209690093994,0,0.0,1.3750057220458984,0.49999990210005035,0.0010684175927867556,1,1
93,1,200,-2.298973560333252,5.462611675262451,1.571580410003662,3,0,0,1,0.0,0,0,0,1,5.200487473267822,6.8727545738220215,1.3457281589508057,0.7449209690093994,0,0.0,1.3534923791885376,0.4923175339890693,0.2753791303746772,0,0
93,1,200,-2.298973560333252,5.462611675262451,1.571580410003662,3,0,0,1,0.0,0,0,0,2,5.489602906066475,6.521274089813232,1.2838490009307861,0.6929391026496887,0,0.0,1.3530218601226807,0.49215099233834253,0.2997284135345587,0,0
93,1,210,-2.2986714839935303,5.696971893310547,1.5690456628799438,3,0,0,1,0.0,0,0,0,0,4.303702650809499,7.0890607833862305,1.3998775482177734,0.7447752952575684,0,0.0,1.3750039339065552,0.4999993506748284,0.00234986976604686,1,1
93,1,210,-2.2986714839935303,5.696971893310547,1.5690456628799438,3,0,0,1,0.0,0,0,0,1,4.945688845043392,6.843576431274414,1.350527286529541,0.7207335829734802,0,0.0,1.3533258438110352,0.49225819398138254,0.27744539070165797,0,0
93,1,210,-2.2986714839935303,5.696971893310547,1.5690456628799438,3,0,0,1,0.0,0,0,0,2,4.987166176411885,6.87159538269043,1.3455111980438232,0.7447752952575684,0,0.0,1.3535411357879639,0.4923356220401857,0.27601250569908414,0,0
93,1,220,-2.2987425327301025,5.932472229003906,1.5738970041275024,3,0,0,1,0.0,0,0,0,0,4.068300466063868,7.124855041503906,1.3998010158538818,0.762825608253479,0,0.0,1.3750078678131104,0.4999998753139766,0.0012073081584202412,1,1
93,1,220,-2.2987425327301025,5.932472229003906,1.5738970041275024,3,0,0,1,0.0,0,0,0,1,4.731589535694711,6.8600239753723145,1.3508918285369873,0.7282283902168274,0,0.0,1.353395938873291,0.49228256355883876,0.2762656090324592,0,0
93,1,220,-2.2987425327301025,5.932472229003906,1.5738970041275024,3,0,0,1,0.0,0,0,0,2,4.776861788375918,6.902387619018555,1.344184160232544,0.762825608253479,0,0.0,1.3534793853759766,0.4923122503125286,0.27562842626823225,0,0
93,1,230,-2.2995169162750244,6.166907787322998,1.572893500328064,3,0,0,1,0.0,0,0,0,0,3.833995784882191,7.289719581604004,1.399787187576294,0.8452852964401245,0,0.0,1.3750061988830566,0.4999999339723861,0.0008359920953975896,1,1
93,1,230,-2.2995169162750244,6.166907787322998,1.572893500328064,3,0,0,1,0.0,0,0,0,1,4.5230399963375945,6.994380950927734,1.3506295680999756,0.795931339263916,0,0.0,1.3534303903579712,0.49229588144401276,0.2758788766689465,0,0
93,1,230,-2.2995169162750244,6.166907787322998,1.572893500328064,3,0,0,1,0.0,0,0,0,2,4.572733261384791,7.064375877380371,1.3434512615203857,0.8452852964401245,0,0.0,1.3534393310546875,0.49229898360548446,0.2757710186855649,0,0
93,1,240,-2.299424409866333,6.400577068328857,1.5703611373901367,3,0,0,1,0.0,0,0,0,0,3.600510015204785,7.529064178466797,1.3997886180877686,0.9649549722671509,0,0.0,1.3750052452087402,0.4999999119395739,0.0008948159154182694,1,1
93,1,240,-2.299424409866333,6.400577068328857,1.5703611373901367,3,0,0,1,0.0,0,0,0,1,4.321231219597015,7.175378799438477,1.3500607013702393,0.8875679969787598,0,0.0,1.3533923625946045,0.49228211711028413,0.27600169907392574,0,0
93,1,240,-2.299424409866333,6.400577068328857,1.5703611373901367,3,0,0,1,0.0,0,0,0,2,4.376097601997937,7.301344871520996,1.3428587913513184,0.9649549722671509,0,0.0,1.3534772396087646,0.4923127008472994,0.2754297520124562,0,0
93,1,250,-2.2998125553131104,6.635824203491211,1.5721373558044434,3,0,0,1,0.0,0,0,0,0,3.3655422225586755,7.598865985870361,1.3997164964675903,1.0449752807617188,0,0.0,1.375004529953003,0.49999996408173836,0.0005681012839125287,1,1
93,1,250,-2.2998125553131104,6.635824203491211,1.5721373558044434,3,0,0,1,0.0,0,0,0,1,4.126366188646129,7.352453231811523,1.3499794006347656,0.97626793384552,0,0.0,1.3534401655197144,0.4922992300249788,0.2756022521788333,0,0
93,1,250,-2.2998125553131104,6.635824203491211,1.5721373558044434,3,0,0,1,0.0,0,0,0,2,4.198709021258769,7.227138042449951,1.3478083610534668,0.917952299118042,0,0.0,1.3537559509277344,0.4924122716370123,0.26666332412515176,0,0
93,1,260,-2.299358367919922,6.871256351470947,1.5668495893478394,3,0,0,1,0.0,0,0,0,0,3.1305828897927226,7.598973274230957,1.3997433185577393,1.0447643995285034,0,0.0,1.3749982118606567,0.4999991352960115,0.0025905840854192354,1,1
93,1,260,-2.299358367919922,6.871256351470947,1.5668495893478394,3,0,0,1,0.0,0,0,0,1,3.942923723046518,7.301936149597168,1.3488363027572632,0.9532953500747681,0,0.0,1.3533402681350708,0.49226378636374696,0.2777056700787213,0,0
93,1,260,-2.299358367919922,6.871256351470947,1.5668495893478394,3,0,0,1,0.0,0,0,0,2,4.025602034514823,7.034361362457275,1.3473522663116455,0.8224761486053467,0,0.0,1.3538423776626587,0.49244350683434884,0.2676277763945006,0,0
93,1,270,-2.2982208728790283,7.106517314910889,1.5665947198867798,3,0,0,1,0.0,0,0,0,0,2.8962924787193534,7.598672389984131,1.3996680974960327,1.044633150100708,0,0.0,1.3749910593032837,0.4999980611895842,0.003932948186012023,1,1
93,1,270,-2.2982208728790283,7.106517314910889,1.5665947198867798,3,0,0,1,0.0,0,0,0,1,3.7759356047136765,7.152917861938477,1.34809410572052,0.8802708387374878,0,0.0,1.3532625436782837,0.49223537782145843,0.2790263525542786,0,0
93,1,270,-2.2982208728790283,7.106517314910889,1.5665947198867798,3,0,0,1,0.0,0,0,0,2,3.8520733077998974,6.886018753051758,1.3389707803726196,0.7650676965713501,0,0.0,1.3535995483398438,0.4923560853260907,0.2768267913440265,0,0
93,1,280,-2.2981507778167725,7.34144401550293,1.5723555088043213,3,0,0,1,0.0,0,0,0,0,2.6644659377347546,7.597698211669922,1.3994245529174805,1.044864296913147,0,0.0,1.3749912977218628,0.4999996995984665,0.001887414249707241,1,1
93,1,280,-2.2981507778167725,7.34144401550293,1.5723555088043213,3,0,0,1,0.0,0,0,0,1,3.6322947388449114,7.12438440322876,1.3481059074401855,0.865980327129364,0,0.0,1.353336215019226,0.49226206719366655,0.27696314781454456,0,0
93,1,280,-2.2981507778167725,7.34144401550293,1.5723555088043213,3,0,0,1,0.0,0,0,0,2,3.716991364446848,6.915770530700684,1.33530855178833,0.7872680425643921,0,0.0,1.353533148765564,0.4923324642225961,0.27559058413175114,0,0
94,0,0,-2.25,1.0,1.5707963267948966,3,0,0,1,0.0,0,0,0,0,9.0,7.150001525878906,1.2875003814697266,1.8949999809265137,0,0.0,1.2850003242492676,0.45982142857142855,0.0,1,1
94,0,0,-2.25,1.0,1.5707963267948966,3,0,0,1,0.0,0,0,0,1,9.513236186146589,6.992805480957031,1.2482013702392578,1.6120399236679077,0,0.0,1.2636055946350098,0.45218076037786004,0.2523747889156115,0,0
94,0,0,-2.25,1.0,1.5707963267948966,3,0,0,1,0.0,0,0,0,2,9.513236186146589,6.992805480957031,1.2482013702392578,1.6120399236679077,0,0.0,1.2636055946350098,0.45218076037786004,0.25237478891561166,0,0
94,0,10,-2.2493691444396973,1.0683510303497314,1.5572539567947388,3,0,0,1,0.0,0,0,0,0,8.95,7.467267990112305,1.3668169975280762,1.8945108652114868,0,0.0,1.3534741401672363,0.4881587320359878,0.007073459404834525,1,1
94,0,10,-2.2493691444396973,1.0683510303497314,1.5572539567947388,3,0,0,1,0.0,0,0,0,1,9.463793281809847,7.285696029663086,1.3214240074157715,1.5892372131347656,0,0.0,1.3329665660858154,0.48083440650032705,0.2759820275548221,0,0
94,0,10,-2.2493691444396973,1.0683510303497314,1.5572539567947388,3,0,0,1,0.0,0,0,0,2,9.463793281809847,7.275457382202148,1.318864345550537,1.5645002126693726,0,0.0,1.3325837850570679,0.48069775594556,0.27808929979988783,0,0
94,0,20,-2.247762680053711,1.2233102321624756,1.5650391578674316,3,0,0,1,0.0,0,0,0,0,8.799999999999999,7.587762832641602,1.3969407081604004,1.894482970237732,0,0.0,1.3747185468673706,0.4989092929293397,0.005269078761768749,1,1
94,0,20,-2.247762680053711,1.2233102321624756,1.5650391578674316,3,0,0,1,0.0,0,0,0,1,9.31551287810118,7.387655258178711,1.3469138145446777,1.5646470785140991,0,0.0,1.3535209894180298,0.4913382612790332,0.2801105553387825,0,0
94,0,20,-2.247762680053711,1.2233102321624756,1.5650391578674316,3,0,0,1,0.0,0,0,0,2,9.31551287810118,7.381641387939453,1.3454103469848633,1.5646183490753174,0,0.0,1.3530724048614502,0.49117807682171033,0.28305902444730807,0,0
94,0,30,-2.2470500469207764,1.4506596326828003,1.5666232109069824,3,0,0,1,0.0,0,0,0,0,8.549999999999999,7.599941253662109,1.3999853134155273,1.8944354057312012,0,0.0,1.3749892711639404,0.499996709974128,0.005235958467032617,1,1
94,0,30,-2.2470500469207764,1.4506596326828003,1.5666232109069824,3,0,0,1,0.0,0,0,0,1,9.0685506996768,7.404453277587891,1.3511133193969727,1.5647401809692383,0,0.0,1.3533709049224854,0.4922749036605466,0.27738276968061254,0,0
94,0,30,-2.2470500469207764,1.4506596326828003,1.5666232109069824,3,0,0,1,0.0,0,0,0,2,9.0685506996768,7.399585723876953,1.3498964309692383,1.564458966255188,0,0.0,1.352891445159912,0.4921037149869568,0.2804074968653456,0,0
94,0,40,-2.246227264404297,1.686084270477295,1.5701748132705688,3,0,0,1,0.0,0,0,0,0,8.299999999999999,7.599966049194336,1.399991512298584,1.894463300704956,0,0.0,1.3749946355819702,0.49999737400721955,0.004982434707413459,1,1
94,0,40,-2.246227264404297,1.686084270477295,1.5701748132705688,3,0,0,1,0.0,0,0,0,1,8.82182489730488,7.4066009521484375,1.3516502380371094,1.5883593559265137,0,0.0,1.35304856300354,0.49215967578607894,0.27476721631453266,0,0
94,0,40,-2.246227264404297,1.686084270477295,1.5701748132705688,3,0,0,1,0.0,0,0,0,2,8.82182489730488,7.404384613037109,1.3510961532592773,1.5646584033966064,0,0.0,1.3525645732879639,0.4919864273430684,0.2781279957746573,0,0
94,0,50,-2.2476887702941895,1.9204412698745728,1.5816634893417358,3,0,0,1,0.0,0,0,0,0,8.099999999999998,7.599849700927734,1.3999624252319336,1.894751787185669,0,0.0,1.3749923706054688,0.49999812717504355,0.004425144772353072,1,1
94,0,50,-2.2476887702941895,1.9204412698745728,1.5816634893417358,3,0,0,1,0.0,0,0,0,1,8.624633442061722,7.384784698486328,1.346196174621582,1.5644280910491943,0,0.0,1.3520324230194092,0.49179730533045063,0.28288648628505453,0,0
94,0,50,-2.2476887702941895,1.9204412698745728,1.5816634893417358,3,0,0,1,0.0,0,0,0,2,8.624633442061722,7.392740249633789,1.3481850624084473,1.564941167831421,0,0.0,1.352027416229248,0.49179538715263676,0.28308186437375177,0,0
94,0,60,-2.2507882118225098,2.1551640033721924,1.582728385925293,3,0,0,1,0.0,0,0,0,0,7.849999999999999,7.599834442138672,1.399958610534668,1.8943061828613281,0,0.0,1.3749865293502808,0.4999941586276453,0.0066773663240487545,1,1
94,0,60,-2.2507882118225098,2.1551640033721924,1.582728385925293,3,0,0,1,0.0,0,0,0,1,8.378408067339434,7.393766403198242,1.3484416007995605,1.564521074295044,0,0.0,1.3528152704238892,0.49207578520995027,0.2827189184155068,0,0
94,0,60,-2.2507882118225098,2.1551640033721924,1.582728385925293,3,0,0,1,0.0,0,0,0,2,8.378408067339434,7.404003143310547,1.3510007858276367,1.5648086071014404,0,0.0,1.353214979171753,0.49221821478576216,0.28029388636305985,0,0
94,0,70,-2.2525317668914795,2.391216993331909,1.5754755735397339,3,0,0,1,0.0,0,0,0,0,7.599999999999999,7.599943161010742,1.3999857902526855,1.7872401475906372,0,0.0,1.374990463256836,0.49999681577911137,0.005152489321386776,1,1
94,0,70,-2.2525317668914795,2.391216993331909,1.5754755735397339,3,0,0,1,0.0,0,0,0,1,8.132511449126646,7.398639678955078,1.3496599197387695,1.564644455909729,0,0.0,1.3522566556930542,0.4918769838695526,0.27877045571122616,0,0
94,0,70,-2.2525317668914795,2.391216993331909,1.5754755735397339,3,0,0,1,0.0,0,0,0,2,8.132511449126646,7.403833389282227,1.3509583473205566,1.5883911848068237,0,0.0,1.3527010679244995,0.4920355278855138,0.2761077575286966,0,0
94,0,80,-2.2537784576416016,2.6261343955993652,1.575737476348877,3,0,0,1,0.0,0,0,0,0,7.349999999999999,7.599922180175781,1.3999805450439453,1.5712852478027344,0,0.0,1.374985933303833,0.4999949066382432,0.00662012740736751,1,1
94,0,80,-2.2537784576416016,2.6261343955993652,1.575737476348877,3,0,0,1,0.0,0,0,0,1,7.886988069905341,7.407308578491211,1.3518271446228027,1.5644663572311401,0,0.0,1.3529632091522217,0.4921293076512657,0.27756586676902983,0,0
94,0,80,-2.2537784576416016,2.6261343955993652,1.575737476348877,3,0,0,1,0.0,0,0,0,2,7.886988069905341,7.413112640380859,1.3532781600952148,1.5884448289871216,0,0.0,1.353538155555725,0.49233448603596036,0.27393352096570367,0,0
94,0,90,-2.25461745262146,2.8628933429718018,1.5749727487564087,3,0,0,1,0.0,0,0,0,0,7.1371066629886615,7.599918365478516,1.399979591369629,1.358071208000183,0,0.0,1.3749849796295166,0.49999335157999825,0.007648036416587738,1,1
94,0,90,-2.25461745262146,2.8628933429718018,1.5749727487564087,3,0,0,1,0.0,0,0,0,1,7.678240449430755,7.3915557861328125,1.3478889465332031,1.4001299142837524,0,0.0,1.3514708280563354,0.49159563667185846,0.28397766056457285,0,0
94,0,90,-2.25461745262146,2.8628933429718018,1.5749727487564087,3,0,0,1,0.0,0,0,0,2,7.678240449430755,7.397695541381836,1.349423885345459,1.4776192903518677,0,0.0,1.3521738052368164,0.491846635663505,0.2797823381499823,0,0
94,0,100,-2.2545323371887207,3.0966711044311523,1.565800428390503,3,0,0,1,0.0,0,0,0,0,6.903328901529311,7.599941253662109,1.3999853134155273,1.1261066198349,0,0.0,1.3749983310699463,0.4999982624476207,0.004630259009297997,1,1
94,0,100,-2.2545323371887207,3.0966711044311523,1.565800428390503,3,0,0,1,0.0,0,0,0,1,7.449416669100316,7.402162551879883,1.3505406379699707,1.1985654830932617,0,0.0,1.3532047271728516,0.49221590376011054,0.27962097053330814,0,0
94,0,100,-2.2545323371887207,3.0966711044311523,1.565800428390503,3,0,0,1,0.0,0,0,0,2,7.449416669100316,7.400545120239258,1.3501362800598145,1.2757906913757324,0,0.0,1.3536549806594849,0.4923766327848168,0.2763995130605043,0,0
94,0,110,-2.2525646686553955,3.3315956592559814,1.5609737634658813,3,0,0,1,0.0,0,0,0,0,6.668404316902159,7.448963642120361,1.399965763092041,0.9245502352714539,0,0.0,1.3749921321868896,0.49999864445265374,0.0038916791920385724,1,1
94,0,110,-2.2525646686553955,3.3315956592559814,1.5609737634658813,3,0,0,1,0.0,0,0,0,1,7.219952857550453,7.352818489074707,1.3510737419128418,0.9742618203163147,0,0.0,1.3533940315246582,0.49228319167665535,0.27868494373248054,0,0
94,0,110,-2.2525646686553955,3.3315956592559814,1.5609737634658813,3,0,0,1,0.0,0,0,0,2,7.219952857550453,7.397422790527344,1.349355697631836,1.10957670211792,0,0.0,1.353466272354126,0.49230968187926166,0.2779424266289376,0,0
94,0,120,-2.2491040229797363,3.5666534900665283,1.5490813255310059,3,0,1,0,0.25940942764282227,0,0,0,0,6.4333464860916125,7.060397148132324,1.3998517990112305,0.7304949760437012,0,0.0,1.3749531507492065,0.49998153273785106,0.011895826236957752,1,0
94,0,120,-2.2491040229797363,3.5666534900665283,1.5490813255310059,3,0,1,0,0.25940942764282227,0,0,0,1,6.990916016794781,7.3198065757751465,1.3476018905639648,0.9646994471549988,0,0.0,1.3530502319335938,0.49215830128680155,0.2870262052942856,0,1
94,0,120,-2.2491040229797363,3.5666534900665283,1.5490813255310059,3,0,1,0,0.25940942764282227,0,0,0,2,7.023409110242566,6.935623645782471,1.3455414772033691,0.7767288684844971,0,0.0,1.3519505262374878,0.49176567369107155,0.291554856793731,0,0
94,0,130,-2.242812395095825,3.8028035163879395,1.5457547903060913,3,0,2,0,0.39859771728515625,0,0,0,0,6.197196459770201,6.739818572998047,1.3997564315795898,0.570396363735199,0,0.0,1.3748818635940552,0.4999498937520017,0.019780108821507807,1,0
94,0,130,-2.242812395095825,3.8028035163879395,1.5457547903060913,3,0,2,0,0.39859771728515625,0,0,0,1,6.761465367293564,7.0858845710754395,1.3465728759765625,0.84979647397995,0,0.0,1.352549433708191,0.4919739620156452,0.29475247115553765,0,0
94,0,130,-2.242812395095825,3.8028035163879395,1.5457547903060913,3,0,2,0,0.39859771728515625,0,0,0,2,6.996967747461442,7.138416290283203,1.2846040725708008,1.0204195976257324,0,0.0,1.3529983758926392,0.4921345326274723,0.3050158882430044,0,1
94,0,140,-2.2381229400634766,4.03805685043335,1.5533852577209473,3,0,2,0,0.5988402366638184,0,0,0,0,5.961943125724791,6.495877742767334,1.399803638458252,0.4483315944671631,0,0.0,1.3748725652694702,0.4999438685467948,0.02173864539042927,1,0
94,0,140,-2.2381229400634766,4.03805685043335,1.5533852577209473,3,0,2,0,0.5988402366638184,0,0,0,1,6.533642739178617,6.810816287994385,1.346935749053955,0.7115366458892822,0,0.0,1.3523304462432861,0.4918934214866044,0.2965816635190937,0,0
94,0,140,-2.2381229400634766,4.03805685043335,1.5533852577209473,3,0,2,0,0.5988402366638184,0,0,0,2,6.773638881606448,7.094717979431152,1.2849469184875488,0.9774651527404785,0,0.0,1.3523919582366943,0.4919161372066709,0.30922765685776377,0,1
94,0,150,-2.2340965270996094,4.273143768310547,1.5563786029815674,3,0,2,0,0.3788285255432129,0,0,0,0,5.726856207847594,6.438888072967529,1.39976167678833,0.41992077231407166,0,0.0,1.3748297691345215,0.49992648535049977,0.025588244645443736,1,0
94,0,150,-2.2340965270996094,4.273143768310547,1.5563786029815674,3,0,2,0,0.3788285255432129,0,0,0,1,6.30686912568474,6.580601215362549,1.346754550933838,0.5967914462089539,0,0.0,1.352075457572937,0.4917997225790365,0.300302108083084,0,0
94,0,150,-2.2340965270996094,4.273143768310547,1.5563786029815674,3,0,2,0,0.3788285255432129,0,0,0,2,6.554801248179846,6.817716598510742,1.2908825874328613,0.8270931839942932,0,0.0,1.3516980409622192,0.4916646788179188,0.31634513295759514,0,1
94,0,160,-2.2316653728485107,4.507740497589111,1.5651581287384033,2,0,1,0,0.015865325927734375,0,0,0,0,5.4922594785690295,6.369431018829346,1.3949809074401855,0.3947536051273346,0,0.0,1.3700426816940308,0.498218021071873,0.025345704366881754,1,0
94,0,160,-2.2316653728485107,4.507740497589111,1.5651581287384033,2,0,1,0,0.015865325927734375,0,0,0,1,6.081618122030922,6.38529634475708,1.3473587036132812,0.49793073534965515,0,0.0,1.3520476818084717,0.4917914017383601,0.2999756043335095,0,1
94,0,170,-2.231900930404663,4.743274688720703,1.5716238021850586,3,0,2,0,0.09750080108642578,0,0,0,0,5.256725406646727,6.262788772583008,1.3684210777282715,0.39455220103263855,0,0.0,1.3434879779815674,0.48873721558910715,0.022581269745913853,1,0
94,0,170,-2.231900930404663,4.743274688720703,1.5716238021850586,3,0,2,0,0.09750080108642578,0,0,0,1,5.856730835595905,6.239811897277832,1.3478970527648926,0.4241117238998413,0,0.0,1.3521801233291626,0.49184114829832254,0.2972376833386433,0,0
94,0,170,-2.231900930404663,4.743274688720703,1.5716238021850586,3,0,2,0,0.09750080108642578,0,0,0,2,6.113073975873965,6.360289573669434,1.2851011753082275,0.6099423170089722,0,0.0,1.3513884544372559,0.49155813819015165,0.3153511132041715,0,1
94,0,180,-2.231287717819214,4.97765588760376,1.5667214393615723,3,0,1,0,0.004212856292724609,0,0,0,0,5.022344207763671,6.152049541473389,1.3408198356628418,0.39438506960868835,0,0.0,1.3158830404281616,0.4788750637717226,0.02514406803426043,1,0
94,0,180,-2.231287717819214,4.97765588760376,1.5667214393615723,3,0,1,0,0.004212856292724609,0,0,0,1,5.634465537334567,6.156262397766113,1.3466601371765137,0.3848108649253845,0,0.0,1.3516736030578613,0.49165756722041326,0.29973316214178686,0,1
94,0,180,-2.231287717819214,4.97765588760376,1.5667214393615723,3,0,1,0,0.004212856292724609,0,0,0,2,5.712361244650367,5.669433116912842,1.272057056427002,0.29060253500938416,0,0.0,1.255236029624939,0.45721561197555866,0.226891842997742,0,0
94,0,190,-2.230159044265747,5.211399078369141,1.5699312686920166,3,0,0,1,0.0,0,0,0,0,4.78860101699829,6.091672420501709,1.3257064819335938,0.3944231867790222,0,0.0,1.3007805347442627,0.47348202244732157,0.025201508086486666,1,1
94,0,190,-2.230159044265747,5.211399078369141,1.5699312686920166,3,0,0,1,0.0,0,0,0,1,5.414655039071363,5.284356594085693,1.1692874431610107,0.30360347032546997,0,0.0,1.1611275672912598,0.42360564523348565,0.2568074370420302,0,0
94,0,190,-2.230159044265747,5.211399078369141,1.5699312686920166,3,0,0,1,0.0,0,0,0,2,5.414655039071363,5.989129543304443,1.3248107433319092,0.3449433147907257,0,0.0,1.328320860862732,0.48331745868106646,0.29392490319524606,0,0
94,0,200,-2.230733871459961,5.447072982788086,1.579736590385437,3,0,0,1,0.0,0,0,0,0,4.5529271125793445,6.085142135620117,1.324052333831787,0.3944664001464844,0,0.0,1.2991572618484497,0.4729068183106268,0.021118924418407597,1,1
94,0,200,-2.230733871459961,5.447072982788086,1.579736590385437,3,0,0,1,0.0,0,0,0,1,5.19534754899766,5.868114471435547,1.3007793426513672,0.33249861001968384,0,0.0,1.3007687330245972,0.47348154174553114,0.28330699235720136,0,0
94,0,200,-2.230733871459961,5.447072982788086,1.579736590385437,3,0,0,1,0.0,0,0,0,2,5.313278449313721,4.8283820152282715,1.0527050495147705,0.30878084897994995,0,0.0,1.0555554628372192,0.385905533557091,0.2691251299592125,0,0
94,0,210,-2.232950448989868,5.6805806159973145,1.5743696689605713,3,0,0,1,0.0,0,0,0,0,4.319419479370115,6.113984107971191,1.331855297088623,0.39328140020370483,0,0.0,1.3069162368774414,0.4756775050311033,0.019940475552161902,1,1
94,0,210,-2.232950448989868,5.6805806159973145,1.5743696689605713,3,0,0,1,0.0,0,0,0,1,4.980942056863336,5.885080337524414,1.2746293544769287,0.39328140020370483,0,0.0,1.2729204893112183,0.46353614404876226,0.2616883605515337,0,0
94,0,210,-2.232950448989868,5.6805806159973145,1.5743696689605713,3,0,0,1,0.0,0,0,0,2,4.980942056863336,5.818746089935303,1.2891333103179932,0.3311064839363098,0,0.0,1.2880253791809082,0.4689307847886264,0.28038640371429585,0,0
94,0,220,-2.2305305004119873,5.915144920349121,1.5529569387435913,3,0,0,1,0.0,0,0,0,0,4.084855175018308,6.172900199890137,1.3556647300720215,0.3751206398010254,0,0.0,1.3317073583602905,0.48418421861820093,0.030602625486494305,1,1
94,0,220,-2.2305305004119873,5.915144920349121,1.5529569387435913,3,0,0,1,0.0,0,0,0,1,4.769259499361098,5.951818943023682,1.3061039447784424,0.36370164155960083,0,0.0,1.3099265098571777,0.47640585969308896,0.2964512897670654,0,0
94,0,220,-2.2305305004119873,5.915144920349121,1.5529569387435913,3,0,0,1,0.0,0,0,0,2,4.857337218050022,5.840456008911133,1.2669196128845215,0.38638877868652344,0,0.0,1.2954267263412476,0.4712272445916397,0.2981814790676718,0,0
94,0,230,-2.227335214614868,6.146363735198975,1.5622297525405884,3,0,1,0,0.05684614181518555,0,0,0,0,3.853636360168455,6.071590900421143,1.3804583549499512,0.27487868070602417,0,0.0,1.3570297956466675,0.4930344604527489,0.03126434023801914,1,0
94,0,230,-2.227335214614868,6.146363735198975,1.5622297525405884,3,0,1,0,0.05684614181518555,0,0,0,1,4.565292226483503,6.128437042236328,1.329911470413208,0.40439561009407043,0,0.0,1.3368568420410156,0.4858304439015259,0.30157390427778935,0,1
94,0,230,-2.227335214614868,6.146363735198975,1.5622297525405884,3,0,1,0,0.05684614181518555,0,0,0,2,4.691801887888795,5.3119683265686035,1.2523655891418457,0.15125294029712677,0,0.0,1.3142720460891724,0.4777636309684669,0.3006917433004089,0,0
94,0,240,-2.226534843444824,6.378345012664795,1.5675480365753174,3,0,1,0,0.2787456512451172,0,0,0,0,3.6216550827026346,5.880025863647461,1.3450508117675781,0.24991142749786377,0,0.0,1.3210786581039429,0.48039137328983755,0.030832849992791612,1,0
94,0,240,-2.226534843444824,6.378345012664795,1.5675480365753174,3,0,1,0,0.2787456512451172,0,0,0,1,4.3668313829950565,6.158771514892578,1.342353105545044,0.3946794867515564,0,0.0,1.3507068157196045,0.49097237492757284,0.30462837931525016,0,1
94,0,240,-2.226534843444824,6.378345012664795,1.5675480365753174,3,0,1,0,0.2787456512451172,0,0,0,2,4.481538135278626,-15.421808242797852,1.1457414627075195,-0.002386857755482197,1,0.0,1.2452611923217773,0.45283132575422524,0.31980810172714424,0,0
94,0,250,-2.2236013412475586,6.613345623016357,1.5479114055633545,3,0,1,0,0.2422170639038086,0,0,0,0,3.387988059932143,5.80611515045166,1.303849697113037,0.2953581213951111,0,0.0,1.279782772064209,0.46598795309966956,0.02334975817155063,1,0
94,0,250,-2.2236013412475586,6.613345623016357,1.5479114055633545,3,0,1,0,0.2422170639038086,0,0,0,1,4.204898993331811,6.048332214355469,1.339975357055664,0.344215452671051,0,0.0,1.354592204093933,0.49270572972665055,0.28044583283736163,0,1
94,0,250,-2.2236013412475586,6.613345623016357,1.5479114055633545,3,0,1,0,0.2422170639038086,0,0,0,2,4.504623951651652,-16.304706573486328,0.9710977077484131,-0.09454832971096039,1,0.0,1.1249961853027344,0.40923457935512303,0.4442599230177848,0,0
94,0,260,-2.215101957321167,6.849177837371826,1.5228086709976196,3,0,2,0,0.35092687606811523,0,0,0,0,3.1526036132144895,5.528437614440918,1.2219538688659668,0.3203110694885254,0,0.0,1.1986422538757324,0.4370151221853152,0.0185074183896538,1,0
94,0,260,-2.215101957321167,6.849177837371826,1.5228086709976196,3,0,2,0,0.35092687606811523,0,0,0,1,4.026901586278461,5.786538600921631,1.2891144752502441,0.31504037976264954,0,0.0,1.3057994842529297,0.4752853724280498,0.2757826927384545,0,0
94,0,260,-2.215101957321167,6.849177837371826,1.5228086709976196,3,0,2,0,0.35092687606811523,0,0,0,2,4.377882187172061,5.879364490509033,1.243387222290039,0.45290786027908325,0,0.0,1.3553541898727417,0.4929833890197312,0.2860128898573091,0,1
94,0,270,-2.203641891479492,7.081758975982666,1.5252512693405151,3,0,2,0,0.4461832046508789,0,0,0,0,2.920903117299829,5.232946872711182,1.1484845876693726,0.3195042312145233,0,0.0,1.1249879598617554,0.41070351007076883,0.01990626776778459,1,0
94,0,270,-2.203641891479492,7.081758975982666,1.5252512693405151,3,0,2,0,0.4461832046508789,0,0,0,1,3.867811798302545,5.363178253173828,1.2032701969146729,0.27504879236221313,0,0.0,1.2116293907165527,0.441646899920729,0.2599485827332541,0,0
94,0,270,-2.203641891479492,7.081758975982666,1.5252512693405151,3,0,2,0,0.4461832046508789,0,0,0,2,4.230909561734492,5.6791300773620605,1.2351232767105103,0.369318425655365,0,0.0,1.3543978929519653,0.49263660880722443,0.2950713988037963,0,1
94,0,280,-2.1958723068237305,7.318371772766113,1.5473978519439697,3,0,2,0,0.4519777297973633,0,0,0,0,2.6869634567419616,4.975842475891113,1.096494436264038,0.29493236541748047,0,0.0,1.072314977645874,0.39189291267433246,0.014723799703604148,1,0
94,0,280,-2.1958723068237305,7.318371772766113,1.5473978519439697,3,0,2,0,0.4519777297973633,0,0,0,1,3.7289942425288443,4.950778007507324,1.1202832460403442,0.23482251167297363,0,0.0,1.1161223649978638,0.4075385707915507,0.2266275749400495,0,0
94,0,280,-2.1958723068237305,7.318371772766113,1.5473978519439697,3,0,2,0,0.4519777297973633,0,0,0,2,4.101456843620667,5.427820205688477,1.2013112306594849,0.31128761172294617,0,0.0,1.318649172782898,0.4798695580171946,0.29875048974604695,0,1
94,1,0,-2.25,1.0,1.5707963267948966,3,0,0,1,0.0,0,0,0,0,9.0,7.150001525878906,1.2875003814697266,1.8949999809265137,0,0.0,1.2850003242492676,0.45982142857142855,0.0,1,1
94,1,0,-2.25,1.0,1.5707963267948966,3,0,0,1,0.0,0,0,0,1,9.513236186146589,6.992805480957031,1.2482013702392578,1.6120399236679077,0,0.0,1.2636055946350098,0.45218076037786004,0.2523747889156115,0,0
94,1,0,-2.25,1.0,1.5707963267948966,3,0,0,1,0.0,0,0,0,2,9.513236186146589,6.992805480957031,1.2482013702392578,1.6120399236679077,0,0.0,1.2636055946350098,0.45218076037786004,0.25237478891561166,0,0
94,1,10,-2.252131462097168,1.0681453943252563,1.6243609189987183,3,0,0,1,0.0,0,0,0,0,8.95,7.464860916137695,1.3662152290344238,1.8447526693344116,0,0.0,1.3533369302749634,0.4881130916589142,0.03149939818238904,1,1
94,1,10,-2.252131462097168,1.0681453943252563,1.6243609189987183,3,0,0,1,0.0,0,0,0,1,9.463793281809847,7.257776260375977,1.3144440650939941,1.5391287803649902,0,0.0,1.3318159580230713,0.48042699105347225,0.30249938891747474,0,0
94,1,10,-2.252131462097168,1.0681453943252563,1.6243609189987183,3,0,0,1,0.0,0,0,0,2,9.463793281809847,7.2992401123046875,1.3248100280761719,1.6145884990692139,0,0.0,1.3335143327713013,0.48103362446071435,0.2923700433044911,0,0
94,1,20,-2.264166831970215,1.2348971366882324,1.6433980464935303,3,0,0,1,0.0,0,0,0,0,8.75,7.590015411376953,1.3975038528442383,1.8196775913238525,0,0.0,1.3742209672927856,0.49940299615627987,0.050075089164460164,1,1
94,1,20,-2.264166831970215,1.2348971366882324,1.6433980464935303,3,0,0,1,0.0,0,0,0,1,9.26610276253317,7.366752624511719,1.3416881561279297,1.5144670009613037,0,0.0,1.3504278659820557,0.49090512907039063,0.3220910311826036,0,0
94,1,20,-2.264166831970215,1.2348971366882324,1.6433980464935303,3,0,0,1,0.0,0,0,0,2,9.26610276253317,7.429893493652344,1.357473373413086,1.6387205123901367,0,0.0,1.354069709777832,0.4922058167190384,0.3002028936381444,0,0
94,1,30,-2.2759273052215576,1.466516137123108,1.5981998443603516,3,0,0,1,0.0,0,0,0,0,8.550204914590983,7.597019195556641,1.3992547988891602,1.8430507183074951,0,0.0,1.3748695850372314,0.49994776644730893,0.02391111756648077,1,1
94,1,30,-2.2759273052215576,1.466516137123108,1.5981998443603516,3,0,0,1,0.0,0,0,0,1,9.06082040629453,7.398908615112305,1.3497271537780762,1.6149011850357056,0,0.0,1.3508912324905396,0.4913841574486718,0.30152209400781527,0,0
94,1,30,-2.2759273052215576,1.466516137123108,1.5981998443603516,3,0,0,1,0.0,0,0,0,2,9.076648414228565,7.380254745483398,1.3450636863708496,1.4898985624313354,0,0.0,1.3535642623901367,0.4923387981683379,0.2845399358136171,0,0
94,1,40,-2.2779595851898193,1.7012983560562134,1.5730206966400146,3,0,0,1,0.0,0,0,0,0,8.3002136713115,7.598470687866211,1.3996176719665527,1.8437548875808716,0,0.0,1.3748488426208496,0.4999295697660525,0.026471833741981227,1,1
94,1,40,-2.2779595851898193,1.7012983560562134,1.5730206966400146,3,0,0,1,0.0,0,0,0,1,8.813795614018574,7.399980545043945,1.3499951362609863,1.6144267320632935,0,0.0,1.351580262184143,0.4916194157986881,0.3012835715606591,0,0
94,1,40,-2.2779595851898193,1.7012983560562134,1.5730206966400146,3,0,0,1,0.0,0,0,0,2,8.830235022619542,7.400373458862305,1.3500933647155762,1.5384920835494995,0,0.0,1.3543856143951416,0.4926213530071732,0.28326723174409363,0,0
94,1,50,-2.280524253845215,1.9353759288787842,1.593044400215149,3,0,0,1,0.0,0,0,0,0,8.050223209837263,7.597850799560547,1.3994626998901367,1.8434895277023315,0,0.0,1.3749254941940308,0.4999690345989491,0.01933826207883788,1,1
94,1,50,-2.280524253845215,1.9353759288787842,1.593044400215149,3,0,0,1,0.0,0,0,0,1,8.567011976328542,7.412498474121094,1.3531246185302734,1.6385598182678223,0,0.0,1.3519446849822998,0.4917615926910015,0.2916768817239426,0,0
94,1,50,-2.280524253845215,1.9353759288787842,1.593044400215149,3,0,0,1,0.0,0,0,0,2,8.58411117861617,7.395717620849609,1.3489294052124023,1.514553189277649,0,0.0,1.353743314743042,0.4924040301457174,0.2797814941816413,0,0
94,1,60,-2.289409637451172,2.170884609222412,1.6148401498794556,3,0,0,1,0.0,0,0,0,0,7.850231476520241,7.596488952636719,1.3991222381591797,1.8190076351165771,0,0.0,1.3749209642410278,0.49997103937501436,0.017742772884659926,1,1
94,1,60,-2.289409637451172,2.170884609222412,1.6148401498794556,3,0,0,1,0.0,0,0,0,1,8.369778914365407,7.406373977661133,1.3515934944152832,1.639742374420166,0,0.0,1.3518662452697754,0.4917371035490325,0.29520870112436615,0,0
94,1,60,-2.289409637451172,2.170884609222412,1.6148401498794556,3,0,0,1,0.0,0,0,0,2,8.387444715047044,7.363777160644531,1.3409442901611328,1.4896478652954102,0,0.0,1.3520333766937256,0.4917967714573757,0.29346355609438646,0,0
94,1,70,-2.299428701400757,2.4055936336517334,1.6088591814041138,3,0,0,1,0.0,0,0,0,0,7.600242712727235,7.597345352172852,1.399336338043213,1.7687644958496094,0,0.0,1.3748899698257446,0.49995504217072995,0.018864309579105617,1,1
94,1,70,-2.299428701400757,2.4055936336517334,1.6088591814041138,3,0,0,1,0.0,0,0,0,1,8.123509301822907,7.416963577270508,1.354240894317627,1.6398518085479736,0,0.0,1.3533393144607544,0.49225834448160083,0.2897746138314455,0,0
94,1,70,-2.299428701400757,2.4055936336517334,1.6088591814041138,3,0,0,1,0.0,0,0,0,2,8.141937469843858,7.374868392944336,1.343717098236084,1.4894847869873047,0,0.0,1.3524433374404907,0.4919381441631488,0.2950205189824186,0,0
94,1,80,-2.3058578968048096,2.6402690410614014,1.5879050493240356,3,0,0,1,0.0,0,0,0,0,7.350255095400645,7.599061965942383,1.3997654914855957,1.5504385232925415,0,0.0,1.3749361038208008,0.49997292818505173,0.014805036233871378,1,1
94,1,80,-2.3058578968048096,2.6402690410614014,1.5879050493240356,3,0,0,1,0.0,0,0,0,1,7.87757984230967,7.41478157043457,1.3536953926086426,1.6339833736419678,0,0.0,1.3530840873718262,0.4921682268008575,0.28132300194078663,0,0
94,1,80,-2.3058578968048096,2.6402690410614014,1.5879050493240356,3,0,0,1,0.0,0,0,0,2,7.896837824575627,7.38676643371582,1.346691608428955,1.5143694877624512,0,0.0,1.3518877029418945,0.4917412623568157,0.28844525183767733,0,0
94,1,90,-2.306154727935791,2.8744020462036133,1.56136155128479,3,0,0,1,0.0,0,0,0,0,7.125865297598127,7.599939346313477,1.3999848365783691,1.3180193901062012,0,0.0,1.3749914169311523,0.4999973188685605,0.005893353045706409,1,1
94,1,90,-2.306154727935791,2.8744020462036133,1.56136155128479,3,0,0,1,0.0,0,0,0,1,7.657160777174436,7.398159027099609,1.3495397567749023,1.4294403791427612,0,0.0,1.3520864248275757,0.4918167123934727,0.2788772870415063,0,0
94,1,90,-2.306154727935791,2.8744020462036133,1.56136155128479,3,0,0,1,0.0,0,0,0,2,7.677228547288866,7.391122817993164,1.347780704498291,1.3767940998077393,0,0.0,1.3515751361846924,0.49163387700511146,0.2821245642030739,0,0
94,1,100,-2.30159068107605,3.1090571880340576,1.5465466976165771,3,0,0,1,0.0,0,0,0,0,6.891224280769,7.599729537963867,1.3999323844909668,1.0931347608566284,0,0.0,1.3749637603759766,0.4999845802810528,0.011243433165998403,1,1
94,1,100,-2.30159068107605,3.1090571880340576,1.5465466976165771,3,0,0,1,0.0,0,0,0,1,7.427050205271273,7.397434234619141,1.3493585586547852,1.2601131200790405,0,0.0,1.3531891107559204,0.4922082974067484,0.2861455428919368,0,0
94,1,100,-2.30159068107605,3.1090571880340576,1.5465466976165771,3,0,0,1,0.0,0,0,0,2,7.4480392050847115,7.404890060424805,1.3512225151062012,1.1647329330444336,0,0.0,1.353610634803772,0.4923589580302489,0.2838078138642372,0,0
94,1,110,-2.296566963195801,3.345275402069092,1.5549283027648926,3,0,1,0,0.018424510955810547,0,0,0,0,6.65502184821296,7.380945682525635,1.399947166442871,0.8905785083770752,0,0.0,1.3749598264694214,0.49998310902733917,0.011480071153633338,1,0
94,1,110,-2.296566963195801,3.345275402069092,1.5549283027648926,3,0,1,0,0.018424510955810547,0,0,0,1,7.195854912180687,7.399370193481445,1.3498425483703613,1.0739508867263794,0,0.0,1.3529760837554932,0.49213160168619313,0.2865284341972259,0,1
94,1,110,-2.296566963195801,3.345275402069092,1.5549283027648926,3,0,1,0,0.018424510955810547,0,0,0,2,7.217858576297385,7.284014701843262,1.3505444526672363,0.9409183859825134,0,0.0,1.3538193702697754,0.4924325113267535,0.281114301163164,0,0
94,1,120,-2.292635440826416,3.5802319049835205,1.553871512413025,3,0,1,0,0.24658203125,0,0,0,0,6.420082938543912,6.999611854553223,1.3998966217041016,0.700012743473053,0,0.0,1.3749219179153442,0.4999669025657761,0.01643420966674563,1,0
94,1,120,-2.292635440826416,3.5802319049835205,1.553871512413025,3,0,1,0,0.24658203125,0,0,0,1,6.966408523039204,7.246193885803223,1.3493404388427734,0.9244160056114197,0,0.0,1.3526711463928223,0.49202007189186453,0.29138685755694393,0,1
94,1,120,-2.292635440826416,3.5802319049835205,1.553871512413025,3,0,1,0,0.24658203125,0,0,0,2,6.98952079814366,6.888971328735352,1.3507232666015625,0.743039071559906,0,0.0,1.3540563583374023,0.49251511095445555,0.28228958471526283,0,0
94,1,130,-2.288151502609253,3.8162989616394043,1.5522243976593018,3,0,2,0,0.5265088081359863,0,0,0,0,6.184035787966987,6.631112575531006,1.3998174667358398,0.5159213542938232,0,0.0,1.3748655319213867,0.49993975827165776,0.02236102582064516,1,0
94,1,130,-2.288151502609253,3.8162989616394043,1.5522243976593018,3,0,2,0,0.5265088081359863,0,0,0,1,6.73647677171639,6.970272064208984,1.3487157821655273,0.7877044081687927,0,0.0,1.3523188829421997,0.4918887801062442,0.29719238391840974,0,0
94,1,130,-2.288151502609253,3.8162989616394043,1.5522243976593018,3,0,2,0,0.5265088081359863,0,0,0,2,6.969002916870624,7.157621383666992,1.289405345916748,1.0350980758666992,0,0.0,1.3524222373962402,0.4919259295613382,0.3091259715962516,0,1
94,1,140,-2.2848012447357178,4.051011562347412,1.5607447624206543,3,0,2,0,0.6078577041625977,0,0,0,0,5.949345641685273,6.401383876800537,1.3997712135314941,0.40114957094192505,0,0.0,1.3748667240142822,0.49994219511804616,0.023048249315790793,1,0
94,1,140,-2.2848012447357178,4.051011562347412,1.5607447624206543,3,0,2,0,0.6078577041625977,0,0,0,1,6.508560146216681,6.731534957885742,1.349273681640625,0.6672201156616211,0,0.0,1.352209210395813,0.4918502270314936,0.29778406545321207,0,0
94,1,140,-2.2848012447357178,4.051011562347412,1.5607447624206543,3,0,2,0,0.6078577041625977,0,0,0,2,6.745476123297845,7.009241580963135,1.2901272773742676,0.9243661761283875,0,0.0,1.351913332939148,0.49174418202278364,0.3123385149209789,0,1
94,1,150,-2.2842140197753906,4.286716938018799,1.573027491569519,3,0,2,0,0.4688386917114258,0,0,0,0,5.7136660654864695,6.2887773513793945,1.3997159004211426,0.3449568748474121,0,0.0,1.37491774559021,0.49996381111943927,0.019149806970871812,1,0
94,1,150,-2.2842140197753906,4.286716938018799,1.573027491569519,3,0,2,0,0.4688386917114258,0,0,0,1,6.2805023402490985,6.4854559898376465,1.350428581237793,0.5418707728385925,0,0.0,1.3523765802383423,0.4919134487431411,0.2938544274370332,0,0
94,1,150,-2.2842140197753906,4.286716938018799,1.573027491569519,3,0,2,0,0.4688386917114258,0,0,0,2,6.522264541958814,6.75761604309082,1.2916288375854492,0.7955502867698669,0,0.0,1.3515509366989136,0.4916189033030414,0.313800238153748,0,1
94,1,160,-2.2846522331237793,4.522273063659668,1.5700818300247192,3,0,2,0,0.2966036796569824,0,0,0,0,5.478139735327208,6.182157039642334,1.3731398582458496,0.3447987139225006,0,0.0,1.348313808441162,0.4904627726991914,0.01969908411776047,1,0
94,1,160,-2.2846522331237793,4.522273063659668,1.5700818300247192,3,0,2,0,0.2966036796569824,0,0,0,1,6.053568251432335,6.283025741577148,1.350064754486084,0.4413834810256958,0,0.0,1.3523584604263306,0.49190708198161215,0.2944313606601649,0,0
94,1,160,-2.2846522331237793,4.522273063659668,1.5700818300247192,3,0,2,0,0.2966036796569824,0,0,0,2,6.303853728217661,6.478760719299316,1.2967524528503418,0.6458755731582642,0,0.0,1.3515312671661377,0.49161152826712495,0.31519239716602543,0,1
94,1,170,-2.282996654510498,4.758265972137451,1.5579307079315186,3,0,2,0,0.25985193252563477,0,0,0,0,5.242181837704461,6.014604568481445,1.322887659072876,0.3615269660949707,0,0.0,1.297996997833252,0.47248584100318375,0.026307791520206514,1,0
94,1,170,-2.282996654510498,4.758265972137451,1.5579307079315186,3,0,2,0,0.25985193252563477,0,0,0,1,5.827392387094404,6.14883279800415,1.3484692573547363,0.37747788429260254,0,0.0,1.3520175218582153,0.4917790097682489,0.30106952011533084,0,0
94,1,170,-2.282996654510498,4.758265972137451,1.5579307079315186,3,0,2,0,0.25985193252563477,0,0,0,2,6.080427765825886,6.27445650100708,1.2871294021606445,0.5629693865776062,0,0.0,1.3518038988113403,0.4917015005596195,0.31356289900789125,0,1
94,1,180,-2.27748966217041,4.994083404541016,1.5361095666885376,3,0,1,0,0.17596721649169922,0,0,0,0,5.006405705369367,5.80767822265625,1.2673075199127197,0.3692241609096527,0,0.0,1.242466926574707,0.45262964170260744,0.041692975223989515,1,0
94,1,180,-2.27748966217041,4.994083404541016,1.5361095666885376,3,0,1,0,0.17596721649169922,0,0,0,1,5.602815518958993,5.983645439147949,1.3184430599212646,0.35493671894073486,0,0.0,1.3229730129241943,0.48138187974417157,0.30941681746281974,0,1
94,1,180,-2.27748966217041,4.994083404541016,1.5361095666885376,3,0,1,0,0.17596721649169922,0,0,0,2,5.712644100688552,5.416013240814209,1.2149133682250977,0.278179794549942,0,0.0,1.1959402561187744,0.4360128632558099,0.21796249384421737,0,0
94,1,190,-2.269192695617676,5.230031967163086,1.533804178237915,3,0,0,1,0.0,0,0,0,0,4.7699681282043445,6.084405422210693,1.3240127563476562,0.3941771686077118,0,0.0,1.2994778156280518,0.47302717477669454,0.01737326919343948,1,1
94,1,190,-2.269192695617676,5.230031967163086,1.533804178237915,3,0,0,1,0.0,0,0,0,1,5.397224601911551,5.320102214813232,1.1716217994689941,0.3168075382709503,0,0.0,1.162034511566162,0.42394045722893214,0.2656279816191191,0,0
94,1,190,-2.269192695617676,5.230031967163086,1.533804178237915,3,0,0,1,0.0,0,0,0,2,5.397224601911551,5.968428134918213,1.3234317302703857,0.3373505473136902,0,0.0,1.3302974700927734,0.4840339347987633,0.27439914428797346,0,0
94,1,200,-2.2586824893951416,5.463064670562744,1.5213508605957031,3,0,0,1,0.0,0,0,0,0,4.536935424804686,6.090048789978027,1.3250765800476074,0.3948713541030884,0,0.0,1.3006993532180786,0.4734608276299012,0.02019532712845412,1,1
94,1,200,-2.2586824893951416,5.463064670562744,1.5213508605957031,3,0,0,1,0.0,0,0,0,1,5.070609417693981,5.989851951599121,1.3000273704528809,0.3948713541030884,0,0.0,1.2798312902450562,0.46600805440234344,0.1973673301791655,0,0
94,1,200,-2.2586824893951416,5.463064670562744,1.5213508605957031,3,0,0,1,0.0,0,0,0,2,5.180564666627141,5.844546318054199,1.2951607704162598,0.33195173740386963,0,0.0,1.3006304502487183,0.4734361209046288,0.2795266922924789,0,0
94,1,210,-2.2459607124328613,5.6964263916015625,1.5146340131759644,3,0,0,1,0.0,0,0,0,0,4.303573703765867,6.128165245056152,1.3234844207763672,0.4171137511730194,0,0.0,1.2991809844970703,0.47290243647387875,0.03158460484653788,1,1
94,1,210,-2.2459607124328613,5.6964263916015625,1.5146340131759644,3,0,0,1,0.0,0,0,0,1,4.966515006923323,5.936326503753662,1.279327630996704,0.4095080494880676,0,0.0,1.272997498512268,0.4635514407324982,0.27649569065299956,0,0
94,1,210,-2.2459607124328613,5.6964263916015625,1.5146340131759644,3,0,0,1,0.0,0,0,0,2,4.9665150069233235,5.817666530609131,1.2765235900878906,0.3557860553264618,0,0.0,1.2803130149841309,0.46616448351868656,0.29067173463410306,0,0
94,1,220,-2.2342634201049805,5.930786609649658,1.5261272192001343,3,0,0,1,0.0,0,0,0,0,4.069213485717771,6.201878547668457,1.3603358268737793,0.38026759028434753,0,0.0,1.3367151021957397,0.48596218731192,0.03752809596078025,1,1
94,1,220,-2.2342634201049805,5.930786609649658,1.5261272192001343,3,0,0,1,0.0,0,0,0,1,4.75530016897323,5.9777374267578125,1.3072538375854492,0.37436091899871826,0,0.0,1.3146576881408691,0.4780837299763384,0.30399892922818667,0,0
94,1,220,-2.2342634201049805,5.930786609649658,1.5261272192001343,3,0,0,1,0.0,0,0,0,2,4.843653022788525,5.848975658416748,1.2820775508880615,0.36033275723457336,0,0.0,1.3076194524765015,0.4755708647971197,0.30859720077914826,0,0
94,1,230,-2.2264535427093506,6.16500997543335,1.5459314584732056,3,0,1,0,0.08703088760375977,0,0,0,0,3.83499011993408,6.064859867095947,1.3795323371887207,0.2733652591705322,0,0.0,1.356308102607727,0.49272888301956114,0.038250112515308785,1,0
94,1,230,-2.2264535427093506,6.16500997543335,1.5459314584732056,3,0,1,0,0.08703088760375977,0,0,0,1,4.5490880799932425,6.151890754699707,1.3289268016815186,0.4180918037891388,0,0.0,1.3380361795425415,0.4862030401056066,0.30905228727547795,0,1
94,1,230,-2.2264535427093506,6.16500997543335,1.5459314584732056,3,0,1,0,0.08703088760375977,0,0,0,2,4.675862909271053,5.235387802124023,1.242828130722046,0.13203772902488708,0,0.0,1.3089500665664673,0.4758152182288033,0.3069682830559764,0,0
94,1,240,-2.221193313598633,6.39757776260376,1.5376821756362915,3,0,1,0,0.09829568862915039,0,0,0,0,3.6035064945861635,6.094098091125488,1.3632264137268066,0.3205963373184204,0,0.0,1.3400959968566895,0.48729063709897785,0.018953173711001876,1,0
94,1,240,-2.221193313598633,6.39757776260376,1.5376821756362915,3,0,1,0,0.09829568862915039,0,0,0,1,4.378569612605646,6.192393779754639,1.3383965492248535,0.4194037914276123,0,0.0,1.3539882898330688,0.4922520727740241,0.2793251896043544,0,1
94,1,240,-2.221193313598633,6.39757776260376,1.5376821756362915,3,0,1,0,0.09829568862915039,0,0,0,2,4.486068127814663,4.593974590301514,1.139876127243042,0.017234986647963524,0,0.0,1.2330516576766968,0.44842405118379,0.34153170946407246,0,0
94,1,250,-2.208395481109619,6.632312297821045,1.5001424551010132,3,0,1,0,0.19649171829223633,0,0,0,0,3.369048907167368,5.858610153198242,1.295652151107788,0.3380008339881897,0,0.0,1.2733166217803955,0.4636735572058831,0.031088479394258177,1,0
94,1,250,-2.208395481109619,6.632312297821045,1.5001424551010132,3,0,1,0,0.19649171829223633,0,0,0,1,4.190079479083847,6.0551018714904785,1.3298618793487549,0.36782723665237427,0,0.0,1.3527092933654785,0.49202816209034833,0.3045649611013587,0,1
94,1,250,-2.208395481109619,6.632312297821045,1.5001424551010132,3,0,1,0,0.19649171829223633,0,0,0,2,4.490413616948045,-16.24311637878418,0.9616589546203613,-0.0448763370513916,1,0.0,1.1088898181915283,0.4034806623266756,0.4783581017916004,0,0
94,1,260,-2.1876065731048584,6.867831707000732,1.4714893102645874,3,0,2,0,0.3015308380126953,0,0,0,0,3.1339983260848063,5.540616989135742,1.212584137916565,0.34514009952545166,0,0.0,1.1917095184326172,0.43446334753095694,0.06190404332720174,1,0
94,1,260,-2.1876065731048584,6.867831707000732,1.4714893102645874,3,0,2,0,0.3015308380126953,0,0,0,1,4.013469539055223,5.770172595977783,1.2718045711517334,0.3414771854877472,0,0.0,1.297397255897522,0.47220954367699114,0.3253851718731731,0,0
94,1,260,-2.1876065731048584,6.867831707000732,1.4714893102645874,3,0,2,0,0.3015308380126953,0,0,0,2,4.36547532942999,5.8421478271484375,1.2231547832489014,0.47476428747177124,0,0.0,1.3539265394210815,0.4923989086689065,0.30168647204221344,0,1
94,1,270,-2.1650917530059814,7.103061676025391,1.485853672027588,3,0,0,1,0.0,0,0,0,0,2.9079890289995602,5.702134132385254,1.241107702255249,0.36885160207748413,0,0.0,1.2225452661514282,0.4455427485957753,0.034261231491522284,1,1
94,1,270,-2.1650917530059814,7.103061676025391,1.485853672027588,3,0,0,1,0.0,0,0,0,1,3.8933475425861035,5.675567626953125,1.2578827142715454,0.32201841473579407,0,0.0,1.2880542278289795,0.4689377382170778,0.2879244463212098,0,0
94,1,270,-2.1650917530059814,7.103061676025391,1.485853672027588,3,0,0,1,0.0,0,0,0,2,4.259128347980643,5.682398796081543,1.2089284658432007,0.42334243655204773,0,0.0,1.3562253713607788,0.49328495536178224,0.28326928952317365,0,0
94,1,280,-2.150967836380005,7.337226867675781,1.5311532020568848,3,0,0,1,0.0,0,0,0,0,2.6851009281613365,5.655158042907715,1.2393192052841187,0.34894073009490967,0,0.0,1.2180272340774536,0.44393167291297625,0.018879086036297326,1,1
94,1,280,-2.150967836380005,7.337226867675781,1.5311532020568848,3,0,0,1,0.0,0,0,0,1,3.762240461798793,5.445901870727539,1.219351053237915,0.2842487692832947,0,0.0,1.235512137413025,0.45017586653702196,0.2642130185802925,0,0
94,1,280,-2.150967836380005,7.337226867675781,1.5311532020568848,3,0,0,1,0.0,0,0,0,2,4.1359471459779735,5.555073261260986,1.2073289155960083,0.36287885904312134,0,0.0,1.3505451679229736,0.49126045286406994,0.29711858512882944,0,0
