world,seed,step,state_x,state_y,state_yaw,candidate_count,heuristic_branch,oracle_branch,agrees,utility_regret,heuristic_collision,oracle_collision,avoidable_collision,branch_id,promise,utility,progress_m,minimum_clearance_m,collision,stall_fraction,path_length_m,mean_speed_mps,mean_abs_omega_rps,is_heuristic,is_oracle
0,0,0,-2.25,1.0,1.5707963267948966,3,0,0,1,0.0,0,0,0,0,9.0,7.150001525878906,1.2875003814697266,1.8949999809265137,0,0.0,1.2850003242492676,0.45982142857142855,0.0,1,1
0,0,0,-2.25,1.0,1.5707963267948966,3,0,0,1,0.0,0,0,0,1,9.513236186146589,6.992805480957031,1.2482013702392578,1.6120399236679077,0,0.0,1.2636055946350098,0.45218076037786004,0.2523747889156115,0,0
0,0,0,-2.25,1.0,1.5707963267948966,3,0,0,1,0.0,0,0,0,2,9.513236186146589,6.992805480957031,1.2482013702392578,1.6120399236679077,0,0.0,1.2636055946350098,0.45218076037786004,0.25237478891561166,0,0
0,0,10,-2.24971604347229,1.0588933229446411,1.5600006580352783,3,0,0,1,0.0,0,0,0,0,8.95,7.434638977050781,1.3586597442626953,1.8946539163589478,0,0.0,1.3468140363693237,0.48524157470932977,0.005436673157160462,1,1
0,0,10,-2.24971604347229,1.0588933229446411,1.5600006580352783,3,0,0,1,0.0,0,0,0,1,9.463793281809847,7.256681442260742,1.3141703605651855,1.5893465280532837,0,0.0,1.3259907960891724,0.47780505995307937,0.2720963136529696,0,0
0,0,10,-2.24971604347229,1.0588933229446411,1.5600006580352783,3,0,0,1,0.0,0,0,0,2,9.463793281809847,7.249261856079102,1.3123154640197754,1.5643153190612793,0,0.0,1.325730562210083,0.4777120918342269,0.27367086333589363,0,0
0,0,20,-2.247821569442749,1.2029353380203247,1.558211326599121,3,0,0,1,0.0,0,0,0,0,8.799999999999999,7.576711654663086,1.3941779136657715,1.894214391708374,0,0.0,1.3733423948287964,0.4979296904460166,0.008401859385953914,1,1
0,0,20,-2.247821569442749,1.2029353380203247,1.558211326599121,3,0,0,1,0.0,0,0,0,1,9.31551287810118,7.387989044189453,1.3469972610473633,1.589424967765808,0,0.0,1.3522498607635498,0.49039635911702245,0.27874173604351304,0,0
0,0,20,-2.247821569442749,1.2029353380203247,1.558211326599121,3,0,0,1,0.0,0,0,0,2,9.31551287810118,7.376941680908203,1.3442354202270508,1.5643774271011353,0,0.0,1.351653814315796,0.4901838182900988,0.28255246952990365,0,0
0,0,30,-2.2460148334503174,1.4257149696350098,1.5659418106079102,3,0,0,1,0.0,0,0,0,0,8.549999999999999,7.599924087524414,1.3999810218811035,1.8943047523498535,0,0.0,1.374985933303833,0.4999946812268128,0.006739646071945936,1,1
0,0,30,-2.2460148334503174,1.4257149696350098,1.5659418106079102,3,0,0,1,0.0,0,0,0,1,9.0685506996768,7.414669036865234,1.3536672592163086,1.5884424448013306,0,0.0,1.3535778522491455,0.4923481472010939,0.2737558781658495,0,0
0,0,30,-2.2460148334503174,1.4257149696350098,1.5659418106079102,3,0,0,1,0.0,0,0,0,2,9.0685506996768,7.409019470214844,1.352254867553711,1.5644583702087402,0,0.0,1.3529798984527588,0.49213458861251513,0.27753477698855045,0,0
0,0,40,-2.246206521987915,1.6611300706863403,1.5760709047317505,3,0,0,1,0.0,0,0,0,0,8.349999999999998,7.599939346313477,1.3999848365783691,1.8947807550430298,0,0.0,1.3749971389770508,0.49999904259266076,0.0034517630342812936,1,1
0,0,40,-2.246206521987915,1.6611300706863403,1.5760709047317505,3,0,0,1,0.0,0,0,0,1,8.871149842504158,7.3942108154296875,1.3485527038574219,1.5646905899047852,0,0.0,1.3528443574905396,0.49208724809087734,0.2781259059307222,0,0
0,0,40,-2.246206521987915,1.6611300706863403,1.5760709047317505,3,0,0,1,0.0,0,0,0,2,8.871149842504158,7.396732330322266,1.3491830825805664,1.564901351928711,0,0.0,1.3524810075759888,0.49195727700191627,0.2808163787840075,0,0
0,0,50,-2.2478456497192383,1.8969690799713135,1.5802242755889893,3,0,0,1,0.0,0,0,0,0,8.099999999999998,7.5998992919921875,1.3999748229980469,1.864281415939331,0,0.0,1.3749980926513672,0.49999865419197687,0.0038057403828311576,1,1
0,0,50,-2.2478456497192383,1.8969690799713135,1.5802242755889893,3,0,0,1,0.0,0,0,0,1,8.624633442061722,7.394758224487305,1.3486895561218262,1.5647071599960327,0,0.0,1.3520660400390625,0.49180957016261584,0.2786797983057415,0,0
0,0,50,-2.2478456497192383,1.8969690799713135,1.5802242755889893,3,0,0,1,0.0,0,0,0,2,8.624633442061722,7.401256561279297,1.3503141403198242,1.5884149074554443,0,0.0,1.352059006690979,0.4918069632545116,0.27886968767341874,0,0
0,0,60,-2.250760078430176,2.1319167613983154,1.5821080207824707,3,0,0,1,0.0,0,0,0,0,7.849999999999999,7.599843978881836,1.399960994720459,1.6705052852630615,0,0.0,1.374987244606018,0.49999471572936194,0.006350664937952555,1,1
0,0,60,-2.250760078430176,2.1319167613983154,1.5821080207824707,3,0,0,1,0.0,0,0,0,1,8.378408067339434,7.40315055847168,1.35078763961792,1.56455397605896,0,0.0,1.3528530597686768,0.4920896819710328,0.2786665218552338,0,0
0,0,60,-2.250760078430176,2.1319167613983154,1.5821080207824707,3,0,0,1,0.0,0,0,0,2,8.378408067339434,7.412445068359375,1.3531112670898438,1.588513731956482,0,0.0,1.3532387018203735,0.492227168725741,0.2763942743189298,0,0
0,0,70,-2.2523112297058105,2.36670184135437,1.5738880634307861,3,0,0,1,0.0,0,0,0,0,7.649999999999999,7.599958419799805,1.3999896049499512,1.4650230407714844,0,0.0,1.3749923706054688,0.49999793337258663,0.004174772097403857,1,1
0,0,70,-2.2523112297058105,2.36670184135437,1.5738880634307861,3,0,0,1,0.0,0,0,0,1,8.181662445769591,7.388795852661133,1.3471989631652832,1.4918360710144043,0,0.0,1.3521037101745605,0.4918222645547862,0.28218859872557944,0,0
0,0,70,-2.2523112297058105,2.36670184135437,1.5738880634307861,3,0,0,1,0.0,0,0,0,2,8.181662445769591,7.392778396606445,1.3481945991516113,1.5646730661392212,0,0.0,1.352498173713684,0.49196306471009926,0.2798185544817573,0,0
0,0,80,-2.252394437789917,2.602473020553589,1.5669862031936646,3,0,0,1,0.0,0,0,0,0,7.399999999999999,7.599966049194336,1.399991512298584,1.2925407886505127,0,0.0,1.374997615814209,0.4999996510103773,0.002128323340533012,1,1
0,0,80,-2.252394437789917,2.602473020553589,1.5669862031936646,3,0,0,1,0.0,0,0,0,1,7.936060486759423,7.401012420654297,1.3502531051635742,1.2649760246276855,0,0.0,1.353093147277832,0.4921756955967775,0.27722279001770506,0,0
0,0,80,-2.252394437789917,2.602473020553589,1.5669862031936646,3,0,0,1,0.0,0,0,0,2,7.936060486759423,7.399168014526367,1.3497920036315918,1.5348151922225952,0,0.0,1.3533076047897339,0.4922520207564577,0.2758291202636001,0,0
0,0,90,-2.250309705734253,2.837897777557373,1.56059730052948,3,0,0,1,0.0,0,0,0,0,7.16210222840309,7.599880218505859,1.3999700546264648,1.121001958847046,0,0.0,1.374992847442627,0.4999968908250177,0.004997788580051442,1,1
0,0,90,-2.250309705734253,2.837897777557373,1.56059730052948,3,0,0,1,0.0,0,0,0,1,7.7027320783389275,7.398813247680664,1.349703311920166,1.0824629068374634,0,0.0,1.3519539833068848,0.49176861203462124,0.28011049182435427,0,0
0,0,90,-2.250309705734253,2.837897777557373,1.56059730052948,3,0,0,1,0.0,0,0,0,2,7.7027320783389275,7.390417098999023,1.3476042747497559,1.4060317277908325,0,0.0,1.3517035245895386,0.4916794527148207,0.281467097690249,0,0
0,0,100,-2.2479424476623535,3.0726754665374756,1.563402533531189,3,0,0,1,0.0,0,0,0,0,6.927324539422988,7.585323333740234,1.399977207183838,0.992707371711731,0,0.0,1.3749874830245972,0.49999560944708005,0.005917453446973761,1,1
0,0,100,-2.2479424476623535,3.0726754665374756,1.563402533531189,3,0,0,1,0.0,0,0,0,1,7.472882866443333,7.397687911987305,1.3494219779968262,1.2840125560760498,0,0.0,1.3531973361968994,0.4922125249547365,0.2809925822926179,0,0
0,0,100,-2.2479424476623535,3.0726754665374756,1.563402533531189,3,0,0,1,0.0,0,0,0,2,7.69670299721551,6.808551788330078,1.2910118103027344,0.8222522735595703,0,0.0,1.3513343334197998,0.4915477789425835,0.3048629059565305,0,0
0,0,110,-2.247673988342285,3.3083958625793457,1.5708956718444824,3,0,1,0,0.002281665802001953,0,0,0,0,6.691604113578795,7.398091793060303,1.3999981880187988,0.8990494608879089,0,0.0,1.3749992847442627,0.4999990815317181,0.0029952491119356354,1,0
0,0,110,-2.247673988342285,3.3083958625793457,1.5708956718444824,3,0,1,0,0.002281665802001953,0,0,0,1,7.242589906753233,7.400373458862305,1.3500933647155762,1.1391969919204712,0,0.0,1.3532819747924805,0.49224440685606563,0.27805696742167046,0,1
0,0,110,-2.247673988342285,3.3083958625793457,1.5708956718444824,3,0,1,0,0.002281665802001953,0,0,0,2,7.469852399073588,7.155178070068359,1.2887945175170898,1.2283776998519897,0,0.0,1.351096749305725,0.49146324882698156,0.304666081996012,0,0
0,0,120,-2.246577024459839,3.5434107780456543,1.5597902536392212,3,0,0,1,0.0,0,0,0,0,6.4565891981124865,7.295652389526367,1.399949073791504,0.8479280471801758,0,0.0,1.374973177909851,0.4999894566885624,0.009092169220401191,1,1
0,0,120,-2.246577024459839,3.5434107780456543,1.5597902536392212,3,0,0,1,0.0,0,0,0,1,7.013536178703253,7.209969520568848,1.3486714363098145,0.9076419472694397,0,0.0,1.3530521392822266,0.4921598952384798,0.28414641607524416,0,0
0,0,120,-2.246577024459839,3.5434107780456543,1.5597902536392212,3,0,0,1,0.0,0,0,0,2,7.244529195361851,7.143957138061523,1.2859892845153809,1.0800672769546509,0,0.0,1.3512409925460815,0.49151315244151483,0.30636280664907517,0,0
0,0,130,-2.2421555519104004,3.778101682662964,1.5485775470733643,3,0,2,0,0.06948709487915039,0,0,0,0,6.264627676307068,6.896524906158447,1.399792194366455,0.6486780047416687,0,0.0,1.3748908042907715,0.4999532943590231,0.01912698186226574,1,0
0,0,130,-2.2421555519104004,3.778101682662964,1.5485775470733643,3,0,2,0,0.06948709487915039,0,0,0,1,6.852065560417033,6.844717979431152,1.3354334831237793,0.751491904258728,0,0.0,1.3520491123199463,0.4917957237999372,0.30788863099312314,0,0
0,0,130,-2.2421555519104004,3.778101682662964,1.5485775470733643,3,0,2,0,0.06948709487915039,0,0,0,2,7.0933864063356875,6.966012001037598,1.272961139678955,0.9370838403701782,0,0.0,1.354150414466858,0.49252284347009806,0.29620762085754454,0,1
0,0,140,-2.235665798187256,4.012052536010742,1.5347191095352173,3,0,2,0,0.14593029022216797,0,0,0,0,6.053213603084286,6.406922817230225,1.3993425369262695,0.40477627515792847,0,0.0,1.3746134042739868,0.4998381147558718,0.03369670671780889,1,0
0,0,140,-2.235665798187256,4.012052536010742,1.5347191095352173,3,0,2,0,0.14593029022216797,0,0,0,1,6.494420069456263,6.430870532989502,1.3673429489135742,0.48074936866760254,0,0.0,1.355666160583496,0.49307121655095393,0.2609059391225514,0,0
0,0,140,-2.235665798187256,4.012052536010742,1.5347191095352173,3,0,2,0,0.14593029022216797,0,0,0,2,6.659540046851226,6.552853107452393,1.319960117340088,0.6365063190460205,0,0.0,1.35091233253479,0.4913741793457024,0.32892997629534476,0,1
0,0,150,-2.2255709171295166,4.247653484344482,1.5269962549209595,3,0,1,0,0.1335582733154297,0,0,0,0,5.865072355857384,5.962497234344482,1.395517349243164,0.1902138888835907,0,0.0,1.3709323406219482,0.4984977833958012,0.048262997537098395,1,0
0,0,150,-2.2255709171295166,4.247653484344482,1.5269962549209595,3,0,1,0,0.1335582733154297,0,0,0,1,6.265788790024037,6.096055507659912,1.3589377403259277,0.3301522731781006,0,0.0,1.352851390838623,0.4920402228462087,0.2890656275646184,0,1
0,0,150,-2.2255709171295166,4.247653484344482,1.5269962549209595,3,0,1,0,0.1335582733154297,0,0,0,2,6.299232407886753,5.885088920593262,1.3488078117370605,0.24492888152599335,0,0.0,1.3532854318618774,0.4921955655816624,0.3025118404991254,0,0
0,0,160,-2.213778495788574,4.480064868927002,1.514342188835144,3,0,2,0,0.5304112434387207,0,0,0,0,5.716913207615288,5.500051975250244,1.3409323692321777,0.06816115230321884,0,0.0,1.3173828125,0.479420306602795,0.03756738215631585,1,0
0,0,160,-2.213778495788574,4.480064868927002,1.514342188835144,3,0,2,0,0.5304112434387207,0,0,0,1,6.128841033044808,5.307825088500977,1.286848545074463,0.08021548390388489,0,0.0,1.31569504737854,0.478816848729721,0.32059958336695044,0,0
0,0,160,-2.213778495788574,4.480064868927002,1.514342188835144,3,0,2,0,0.5304112434387207,0,0,0,2,6.158666535963717,6.030463218688965,1.3328042030334473,0.3496231138706207,0,0.0,1.3517463207244873,0.4916931783524872,0.30067112283589853,0,1
0,0,170,-2.1961910724639893,4.703125,1.4499273300170898,2,0,0,1,0.0,0,0,0,0,5.739317399554398,5.154280185699463,1.2253541946411133,0.12643179297447205,0,0.0,1.2083864212036133,0.4404192684181889,0.21818749461660422,1,1
0,0,170,-2.1961910724639893,4.703125,1.4499273300170898,2,0,0,1,0.0,0,0,0,1,5.915676160337734,-15.274580955505371,1.188051700592041,-0.01339377835392952,1,0.0,1.2241382598876953,0.4460453242481939,0.3655139717960809,0,0
0,0,180,-2.1500978469848633,4.928574085235596,1.2972170114517212,2,0,0,1,0.0,0,0,0,0,5.642176849306393,4.919460296630859,1.1139235496520996,0.23188310861587524,0,0.0,1.1291823387145996,0.41187662438092226,0.4140989244711545,1,1
0,0,180,-2.1500978469848633,4.928574085235596,1.2972170114517212,2,0,0,1,0.0,0,0,0,1,5.722290410756919,-16.113798141479492,1.0022616386413574,-0.06142227724194527,1,0.0,1.0716739892959595,0.39008154780480514,0.5443213123282437,0,0
0,0,190,-2.06778883934021,5.144184589385986,1.1325966119766235,2,0,0,1,0.0,0,0,0,0,5.475845320986465,4.950839996337891,1.053539514541626,0.36834093928337097,0,0.0,1.121901035308838,0.40892395677462673,0.5000089631407975,1,1
0,0,190,-2.06778883934021,5.144184589385986,1.1325966119766235,2,0,0,1,0.0,0,0,0,1,5.666101797760405,-17.454627990722656,0.7260613441467285,-0.05443647876381874,1,0.125,0.8969293236732483,0.32782076995499665,0.9485260674164223,0,0
0,0,200,-1.9569255113601685,5.34745979309082,1.0354083776474,2,0,0,1,0.0,0,0,0,0,5.293335060755507,4.510115623474121,1.0504381656646729,0.15418152511119843,0,0.0,1.1907844543457031,0.4330376424705057,0.5355398403461241,1,1
0,0,200,-1.9569255113601685,5.34745979309082,1.0354083776474,2,0,0,1,0.0,0,0,0,1,5.6801618084660195,-18.180736541748047,0.5820670127868652,-0.09378829598426819,1,0.1607142835855484,0.8550853729248047,0.3126130250203511,1.0669700036834837,0,0
0,0,210,-1.8347656726837158,5.540526390075684,0.9875014424324036,3,0,1,0,0.0057239532470703125,1,1,0,0,5.725655908081656,-18.375856399536133,0.5330350399017334,-0.11114086210727692,1,0.1428571492433548,0.8330437541007996,0.30474084995325473,0.9422376575919392,1,0
0,0,210,-1.8347656726837158,5.540526390075684,0.9875014424324036,3,0,1,0,0.0057239532470703125,1,1,0,1,7.883255507325869,-18.370132446289062,0.5304977893829346,-0.10320400446653366,1,0.1428571492433548,0.8419467806816101,0.30792054151617504,0.8870037708282695,0,1
0,0,210,-1.8347656726837158,5.540526390075684,0.9875014424324036,3,0,1,0,0.0057239532470703125,1,1,0,2,8.462475901712006,-18.710050582885742,0.451385498046875,-0.11493887007236481,1,0.1428571492433548,0.8727611303329468,0.3189255313419501,1.054763974030236,0,0
0,0,220,-1.7267060279846191,5.7031354904174805,0.9889723062515259,3,0,0,1,0.0,1,1,0,0,5.746514274012156,-18.464170455932617,0.5000903606414795,-0.0715513601899147,1,0.1607142835855484,0.7385512590408325,0.26896098618013453,0.8694394897474345,1,1
0,0,220,-1.7267060279846191,5.7031354904174805,0.9889723062515259,3,0,0,1,0.0,1,1,0,1,7.736352171649552,-18.535491943359375,0.49672484397888184,-0.10048136860132217,1,0.1607142835855484,0.738575279712677,0.26896947597710097,0.8851551902346577,0,0
0,0,220,-1.7267060279846191,5.7031354904174805,0.9889723062515259,3,0,0,1,0.0,1,1,0,2,8.279207960600406,-18.75135612487793,0.4333457946777344,-0.08165577054023743,1,0.1607142835855484,0.7980479598045349,0.2902095745262187,1.054859584937977,0,0
0,0,230,-1.6515815258026123,5.822808265686035,1.0363678932189941,3,0,1,0,0.05042076110839844,1,1,0,0,5.791670479939597,-18.52371597290039,0.4821488857269287,-0.06544184684753418,1,0.1607142835855484,0.6934618949890137,0.2512232494988896,0.8421728193805248,1,0
0,0,230,-1.6515815258026123,5.822808265686035,1.0363678932189941,3,0,1,0,0.05042076110839844,1,1,0,1,7.698738156143371,-18.473295211791992,0.4742467403411865,-0.02442711591720581,1,0.1607142835855484,0.6932094097137451,0.25113293740835424,0.8935568655429845,0,1
0,0,230,-1.6515815258026123,5.822808265686035,1.0363678932189941,3,0,1,0,0.05042076110839844,1,1,0,2,8.29391321625995,-19.326688766479492,0.30172300338745117,-0.05250454321503639,1,0.2142857164144516,0.8200907111167908,0.2964478901349123,1.070363327956994,0,0
0,0,240,-1.6121619939804077,5.896976947784424,1.147276520729065,3,0,0,1,0.0,1,1,0,0,5.840229222448317,-18.54876136779785,0.46887803077697754,-0.05142264813184738,1,0.1607142835855484,0.6786031723022461,0.2434317642596894,0.7974138718459282,1,1
0,0,240,-1.6121619939804077,5.896976947784424,1.147276520729065,3,0,0,1,0.0,1,1,0,1,7.69014419401506,-18.557865142822266,0.4596405029296875,-0.0374993197619915,1,0.1607142835855484,0.6802511215209961,0.24402019366054642,0.8621388834318494,0,0
0,0,240,-1.6121619939804077,5.896976947784424,1.147276520729065,3,0,0,1,0.0,1,1,0,2,8.292989912121577,-20.041940689086914,0.15270256996154785,-0.05851774662733078,1,0.2678571343421936,0.8242626786231995,0.2954532079941217,1.0519268584052883,0,0
0,0,250,-1.6022173166275024,5.92610502243042,1.4754284620285034,3,0,0,1,0.0,1,1,0,0,5.836237147846566,-18.424610137939453,0.4508094787597656,-0.060352083295583725,1,0.0535714291036129,0.715488851070404,0.25553178631684387,0.6953610225916377,1,1
0,0,250,-1.6022173166275024,5.92610502243042,1.4754284620285034,3,0,0,1,0.0,1,1,0,1,7.6594146013052455,-18.454105377197266,0.4337193965911865,-0.04092022404074669,1,0.0535714291036129,0.7311128973960876,0.2611117765992936,0.7857414969615935,0,0
0,0,250,-1.6022173166275024,5.92610502243042,1.4754284620285034,3,0,0,1,0.0,1,1,0,2,8.262505282677093,-20.060815811157227,0.08210468292236328,-0.033903270959854126,1,0.1607142835855484,0.9892823696136475,0.3533154168063244,0.9475906424813346,0,0
0,0,260,-1.6051292419433594,5.940363883972168,2.145179510116577,3,0,2,0,18.322094053030014,1,0,1,0,5.862549361328996,-18.750329971313477,0.319411039352417,-0.013987487182021141,1,0.0,0.7254321575164795,0.26045589423990906,0.46209507667498695,1,0
0,0,260,-1.6051292419433594,5.940363883972168,2.145179510116577,3,0,2,0,18.322094053030014,1,0,1,1,7.715337922568125,-19.002208709716797,0.2945902347564697,-0.09028465300798416,1,0.0,0.7481820583343506,0.2685808569550618,0.5557277199412858,0,0
0,0,260,-1.6051292419433594,5.940363883972168,2.145179510116577,3,0,2,0,18.322094053030014,1,0,1,2,8.318864253861868,-0.4282359182834625,-0.1307687759399414,0.10099102556705475,0,0.0535714291036129,1.1572860479354858,0.41331641024781157,0.7364600137758067,0,1
0,0,270,-1.6403014659881592,5.959243297576904,2.8078176975250244,3,0,2,0,18.39564824104309,1,0,1,0,5.792458792777344,-19.69565773010254,0.12024784088134766,-0.08832426369190216,1,0.0,0.7147653102874756,0.25967237909520025,0.1955980556776302,1,0
0,0,270,-1.6403014659881592,5.959243297576904,2.8078176975250244,3,0,2,0,18.39564824104309,1,0,1,1,7.706703273274215,-19.846818923950195,0.07595396041870117,-0.07531784474849701,1,0.0,0.7489442825317383,0.27187927977829257,0.3269726297556357,0,0
0,0,270,-1.6403014659881592,5.959243297576904,2.8078176975250244,3,0,2,0,18.39564824104309,1,0,1,2,8.307074878874783,-1.3000094890594482,-0.37915945053100586,0.1083141416311264,0,0.0,1.2946114540100098,0.4667603765585334,0.49815273018371414,0,1
0,0,280,-1.781746745109558,5.97230339050293,3.1987109184265137,3,0,0,1,0.0,0,0,0,0,5.664349071766333,-0.037834636867046356,-0.03729677200317383,0.05567622557282448,0,0.0,0.6381530165672302,0.23444140955781512,0.13679168378276993,1,1
0,0,280,-1.781746745109558,5.97230339050293,3.1987109184265137,3,0,0,1,0.0,0,0,0,1,7.734854661953122,-0.3711199164390564,-0.11962080001831055,0.0536816343665123,0,0.0,0.7110005617141724,0.2604584116635461,0.28598576586315,0,0
0,0,280,-1.781746745109558,5.97230339050293,3.1987109184265137,3,0,0,1,0.0,0,0,0,2,8.323522885826664,-22.39824676513672,-0.5744032859802246,-0.05031651630997658,1,0.0,1.2495838403701782,0.45280988729261207,0.3278940585309996,0,0
0,0,290,-1.9437577724456787,5.941264629364014,3.412701368331909,3,0,0,1,0.0,0,0,0,0,5.528845296051686,-0.1369396150112152,-0.09969091415405273,0.13091202080249786,0,0.0,0.5385380983352661,0.19935109023295675,0.1282426350887469,1,1
0,0,290,-1.9437577724456787,5.941264629364014,3.412701368331909,3,0,0,1,0.0,0,0,0,1,7.8190841621138,-0.700290858745575,-0.2481250762939453,0.14610472321510315,0,0.0,0.6885236501693726,0.25291711752245877,0.2184187707285114,0,0
0,0,290,-1.9437577724456787,5.941264629364014,3.412701368331909,3,0,0,1,0.0,0,0,0,2,8.397000626568076,-2.7626888751983643,-0.7379283905029297,0.09451229870319366,0,0.0,1.1931028366088867,0.4316993205054362,0.32099077731166564,0,0
0,0,300,-2.1086554527282715,5.88495397567749,3.5061583518981934,2,0,0,1,0.0,0,0,0,0,5.338324955851849,-0.0372161865234375,-0.08635187149047852,0.15409564971923828,0,0.0,0.46675798296928406,0.17244952290338414,0.17292094327893232,1,1
0,0,300,-2.1086554527282715,5.88495397567749,3.5061583518981934,2,0,0,1,0.0,0,0,0,1,8.12927937410587,-1.4344747066497803,-0.39293718338012695,0.06863701343536377,0,0.0,0.7842403650283813,0.28583596694839175,0.16408616240122192,0,0
0,0,320,-2.429490327835083,5.770980358123779,3.40757155418396,2,0,0,1,0.0,0,0,0,0,5.063207265660137,-0.02819965034723282,-0.03360271453857422,0.05310560390353203,0,0.0,0.5012320876121521,0.18558212284255846,0.32834548113613765,1,1
0,0,320,-2.429490327835083,5.770980358123779,3.40757155418396,2,0,0,1,0.0,0,0,0,1,5.14668470620949,-19.805892944335938,0.20127391815185547,-0.07335153222084045,1,0.2321428507566452,0.2866654098033905,0.10895102185375537,1.0533063316990727,0,0
0,0,330,-2.620718002319336,5.748919486999512,3.122523784637451,3,0,0,1,0.0,0,0,0,0,4.919352284587485,0.4855186343193054,0.06733179092407227,0.10809572786092758,0,0.0,0.38339897990226746,0.1432804491988772,0.2548391717879058,1,1
0,0,330,-2.620718002319336,5.748919486999512,3.122523784637451,3,0,0,1,0.0,0,0,0,1,5.2784102356207585,-19.70720100402832,0.20777463912963867,-0.09057815372943878,1,0.1785714328289032,0.27552613615989685,0.10475469789060075,1.0608392909049833,0,0
0,0,330,-2.620718002319336,5.748919486999512,3.122523784637451,3,0,0,1,0.0,0,0,0,2,7.844995709892013,-19.867292404174805,0.20904207229614258,-0.10173073410987854,1,0.25,0.3108086884021759,0.11735561462025434,1.1638450072028195,0,0
0,0,350,-3.0543885231018066,5.906653881072998,2.5374321937561035,2,0,0,1,0.0,0,0,0,0,4.471052964554117,0.9409891366958618,0.1841423511505127,0.10220988094806671,0,0.0,0.2792907655239105,0.1067235980355244,0.23984677151553147,1,1
0,0,350,-3.0543885231018066,5.906653881072998,2.5374321937561035,2,0,0,1,0.0,0,0,0,1,4.719691811023493,0.9409891366958618,0.1841423511505127,0.10220988094806671,0,0.0,0.2792907655239105,0.1067235980355244,0.23984677151553147,0,0
0,0,360,-3.2180302143096924,6.048450946807861,2.3373050689697266,2,0,0,1,0.0,0,0,0,0,4.290755881018361,1.3182200193405151,0.29062581062316895,0.07785838842391968,0,0.0,0.35471639037132263,0.13377058281369517,0.26907296285711835,1,1
0,0,360,-3.2180302143096924,6.048450946807861,2.3373050689697266,2,0,0,1,0.0,0,0,0,1,4.583241138470855,1.3182200193405151,0.29062581062316895,0.07785838842391968,0,0.0,0.35471639037132263,0.13377058281369517,0.26907296285711835,0,0
0,0,370,-3.3565919399261475,6.230780124664307,2.125744581222534,2,0,0,1,0.0,0,0,0,0,4.10784436850305,2.3426828384399414,0.5457587242126465,0.07982401549816132,0,0.0,0.6186631321907043,0.22840165633137774,0.24694556240637572,1,1
0,0,370,-3.3565919399261475,6.230780124664307,2.125744581222534,2,0,0,1,0.0,0,0,0,1,4.432082041183259,2.2174739837646484,0.5144565105438232,0.07982401549816132,0,0.0,0.5601043105125427,0.2074877705523129,0.3800142700059232,0,0
0,0,380,-3.4531571865081787,6.443085670471191,1.8870121240615845,3,0,1,0,19.910366773605347,1,0,1,0,3.9504471848148093,-17.042022705078125,0.7599952220916748,-0.041001319885253906,1,0.0,0.8422073125839233,0.30822352731411495,0.1909627181588481,1,0
0,0,380,-3.4531571865081787,6.443085670471191,1.8870121240615845,3,0,1,0,19.910366773605347,1,0,1,1,4.2334685160968135,2.8683440685272217,0.6290786266326904,0.17601481080055237,0,0.0,0.6286712884902954,0.23196080452141712,0.3945760753957338,0,1
0,0,380,-3.4531571865081787,6.443085670471191,1.8870121240615845,3,0,1,0,19.910366773605347,1,0,1,2,5.737020536165465,-20.049436569213867,0.12816858291625977,-0.08462721854448318,1,0.1964285671710968,0.3436506688594818,0.13016746586948016,1.1080752939161864,0,0
0,0,390,-3.4928152561187744,6.6689348220825195,1.626185655593872,3,0,1,0,21.409669876098633,1,0,1,0,3.7592263485190807,-17.36422348022461,0.6801314353942871,-0.042374420911073685,1,0.0,0.704948902130127,0.25913725855297426,0.20886856063610532,1,0
0,0,390,-3.4928152561187744,6.6689348220825195,1.626185655593872,3,0,1,0,21.409669876098633,1,0,1,1,4.064331710787139,4.045446395874023,0.8887453079223633,0.24523256719112396,0,0.0,0.8777856230735779,0.32086450929190924,0.3327393573456246,0,1
0,0,390,-3.4928152561187744,6.6689348220825195,1.626185655593872,3,0,1,0,21.409669876098633,1,0,1,2,5.912953381072457,-20.440872192382812,0.02954888343811035,-0.0652477815747261,1,0.2142857164144516,0.4261936545372009,0.15958103435353296,1.1513553530099512,0,0
0,0,400,-3.472710609436035,6.896440505981445,1.370849370956421,3,0,1,0,1.617908239364624,0,0,0,0,3.5202328247145034,2.6132619380950928,0.6127843856811523,0.0810622125864029,0,0.0,0.6039326190948486,0.22284007522506677,0.20062279535605226,1,0
0,0,400,-3.472710609436035,6.896440505981445,1.370849370956421,3,0,1,0,1.617908239364624,0,0,0,1,3.8262913333197526,4.231170177459717,1.000866174697876,0.11385272443294525,0,0.0,0.9923234581947327,0.3615363198139292,0.21453150665065354,0,1
0,0,400,-3.472710609436035,6.896440505981445,1.370849370956421,3,0,1,0,1.617908239364624,0,0,0,2,4.17608784903691,3.285543441772461,0.7269890308380127,0.18879365921020508,0,0.0,0.7586184740066528,0.278070968089582,0.5117491733401077,0,0
0,0,410,-3.4013264179229736,7.116933345794678,1.169392466545105,3,0,1,0,0.582209587097168,0,0,0,0,3.290647884536659,2.6420702934265137,0.5836117267608643,0.15381163358688354,0,0.0,0.5656673908233643,0.20929847315734046,0.2843708093832632,1,0
0,0,410,-3.4013264179229736,7.116933345794678,1.169392466545105,3,0,1,0,0.582209587097168,0,0,0,1,3.925124733760062,3.2242798805236816,0.7013931274414062,0.2093537151813507,0,0.0,0.7665267586708069,0.28103374412382354,0.4333708392867694,0,1
0,0,410,-3.4013264179229736,7.116933345794678,1.169392466545105,3,0,1,0,0.582209587097168,0,0,0,2,6.253627013352425,-20.920236587524414,-0.09727072715759277,-0.08700552582740784,1,0.1785714328289032,0.5230876803398132,0.19409074810180332,1.0618994744014596,0,0
0,0,420,-3.291794538497925,7.315831184387207,0.9870405793190002,3,0,1,0,0.9645802974700928,0,0,0,0,3.066786711012928,2.974466323852539,0.7081139087677002,0.07100531458854675,0,0.0,0.6974433064460754,0.2566081521097577,0.3290114770651517,1,0
0,0,420,-3.291794538497925,7.315831184387207,0.9870405793190002,3,0,1,0,0.9645802974700928,0,0,0,1,3.7609520203570526,3.939046621322632,0.8847025632858276,0.20011819899082184,0,0.0,0.9834848046302795,0.35876662649274593,0.21411649720889375,0,1
0,0,420,-3.291794538497925,7.315831184387207,0.9870405793190002,3,0,1,0,0.9645802974700928,0,0,0,2,4.0628001280431185,2.0777132511138916,0.4704406261444092,0.09797541797161102,0,0.0,0.6199620366096497,0.2289365072929918,0.4845376544445334,0,0
0,1,0,-2.25,1.0,1.5707963267948966,3,0,0,1,0.0,0,0,0,0,9.0,7.150001525878906,1.2875003814697266,1.8949999809265137,0,0.0,1.2850003242492676,0.45982142857142855,0.0,1,1
0,1,0,-2.25,1.0,1.5707963267948966,3,0,0,1,0.0,0,0,0,1,9.513236186146589,6.992805480957031,1.2482013702392578,1.6120399236679077,0,0.0,1.2636055946350098,0.45218076037786004,0.2523747889156115,0,0
0,1,0,-2.25,1.0,1.5707963267948966,3,0,0,1,0.0,0,0,0,2,9.513236186146589,6.992805480957031,1.2482013702392578,1.6120399236679077,0,0.0,1.2636055946350098,0.45218076037786004,0.25237478891561166,0,0
0,1,10,-2.250591278076172,1.053576111793518,1.5873806476593018,3,0,0,1,0.0,0,0,0,0,8.95,7.414575576782227,1.3536438941955566,1.869964361190796,0,0.0,1.3426522016525269,0.483459009075112,0.008363217566113535,1,1
0,1,10,-2.250591278076172,1.053576111793518,1.5873806476593018,3,0,0,1,0.0,0,0,0,1,9.463793281809847,7.233602523803711,1.3084006309509277,1.5634506940841675,0,0.0,1.3220634460449219,0.47610559814381465,0.2745394324794993,0,0
0,1,10,-2.250591278076172,1.053576111793518,1.5873806476593018,3,0,0,1,0.0,0,0,0,2,9.463793281809847,7.244607925415039,1.3111519813537598,1.588507056236267,0,0.0,1.322458267211914,0.47624671710387195,0.2721000494104119,0,0
0,1,20,-2.2535202503204346,1.19688081741333,1.5909217596054077,3,0,0,1,0.0,0,0,0,0,8.799999999999999,7.577840805053711,1.3944602012634277,1.8698365688323975,0,0.0,1.373488426208496,0.49804351910991745,0.013399929919034225,1,1
0,1,20,-2.2535202503204346,1.19688081741333,1.5909217596054077,3,0,0,1,0.0,0,0,0,1,9.31551287810118,7.37835693359375,1.3445892333984375,1.5642735958099365,0,0.0,1.3519752025604248,0.4903602374777711,0.28567044395690555,0,0
0,1,20,-2.2535202503204346,1.19688081741333,1.5909217596054077,3,0,0,1,0.0,0,0,0,2,9.31551287810118,7.395809173583984,1.348952293395996,1.5893524885177612,0,0.0,1.3529138565063477,0.49069571133768225,0.2796028153236298,0,0
0,1,30,-2.256821393966675,1.4221271276474,1.5808827877044678,3,0,0,1,0.0,0,0,0,0,8.599999999999998,7.599733352661133,1.3999333381652832,1.8936327695846558,0,0.0,1.3749544620513916,0.4999807491653266,0.012869715217138302,1,1
0,1,30,-2.256821393966675,1.4221271276474,1.5808827877044678,3,0,0,1,0.0,0,0,0,1,9.117925063475388,7.38197135925293,1.3454928398132324,1.5399121046066284,0,0.0,1.3512688875198364,0.4915209016906922,0.2923729178732534,0,0
0,1,30,-2.256821393966675,1.4221271276474,1.5808827877044678,3,0,0,1,0.0,0,0,0,2,9.117925063475388,7.394426345825195,1.3486065864562988,1.5649731159210205,0,0.0,1.352482795715332,0.4919545989775849,0.28517651877089795,0,0
0,1,40,-2.258023977279663,1.656813144683838,1.5712413787841797,3,0,0,1,0.0,0,0,0,0,8.349999999999998,7.599851608276367,1.3999629020690918,1.8939846754074097,0,0.0,1.3749762773513794,0.49998938911991536,0.010106418022902875,1,1
0,1,40,-2.258023977279663,1.656813144683838,1.5712413787841797,3,0,0,1,0.0,0,0,0,1,8.871149842504158,7.396089553833008,1.349022388458252,1.5645508766174316,0,0.0,1.3523591756820679,0.49191179352082565,0.2864864262333747,0,0
0,1,40,-2.258023977279663,1.656813144683838,1.5712413787841797,3,0,0,1,0.0,0,0,0,2,8.871149842504158,7.400884628295898,1.3502211570739746,1.564829707145691,0,0.0,1.353437900543213,0.49229731119435954,0.2797031687667449,0,0
0,1,50,-2.2566754817962646,1.8915538787841797,1.5589298009872437,3,0,0,1,0.0,0,0,0,0,8.099999999999998,7.599756240844727,1.3999390602111816,1.8642842769622803,0,0.0,1.374991774559021,0.49999709188678076,0.006155571252438816,1,1
0,1,50,-2.2566754817962646,1.8915538787841797,1.5589298009872437,3,0,0,1,0.0,0,0,0,1,8.624633442061722,7.4041748046875,1.351043701171875,1.5894683599472046,0,0.0,1.3521665334701538,0.49184513896623067,0.27997174646081346,0,0
0,1,50,-2.2566754817962646,1.8915538787841797,1.5589298009872437,3,0,0,1,0.0,0,0,0,2,8.624633442061722,7.398502349853516,1.349625587463379,1.5646519660949707,0,0.0,1.3527090549468994,0.492038892723109,0.27636027662583507,0,0
0,1,60,-2.252779960632324,2.127171754837036,1.5526738166809082,3,0,0,1,0.0,0,0,0,0,7.849999999999999,7.599618911743164,1.399904727935791,1.684001088142395,0,0.0,1.3749839067459106,0.4999937647443273,0.007577653251200168,1,1
0,1,60,-2.252779960632324,2.127171754837036,1.5526738166809082,3,0,0,1,0.0,0,0,0,1,8.378408067339434,7.416875839233398,1.3542189598083496,1.5895167589187622,0,0.0,1.3534163236618042,0.49229092727763757,0.2772620625923106,0,0
0,1,60,-2.252779960632324,2.127171754837036,1.5526738166809082,3,0,0,1,0.0,0,0,0,2,8.378408067339434,7.404254913330078,1.3510637283325195,1.564469814300537,0,0.0,1.353300929069519,0.4922496851858541,0.2778326513917571,0,0
0,1,70,-2.2502496242523193,2.3610618114471436,1.5662494897842407,3,0,0,1,0.0,0,0,0,0,7.649999999999999,7.5999603271484375,1.3999900817871094,1.4850000143051147,0,0.0,1.3749942779541016,0.49999944095166116,0.002135397666068086,1,1
0,1,70,-2.2502496242523193,2.3610618114471436,1.5662494897842407,3,0,0,1,0.0,0,0,0,1,8.181662445769591,7.396583557128906,1.3491458892822266,1.4918581247329712,0,0.0,1.3527125120162964,0.4920403975743377,0.2790819274140451,0,0
0,1,70,-2.2502496242523193,2.3610618114471436,1.5662494897842407,3,0,0,1,0.0,0,0,0,2,8.181662445769591,7.392887115478516,1.348221778869629,1.5646579265594482,0,0.0,1.352623701095581,0.4920086078827032,0.27956771953973086,0,0
0,1,80,-2.2504231929779053,2.5954973697662354,1.5753666162490845,3,0,0,1,0.0,0,0,0,0,7.399999999999999,7.599964141845703,1.3999910354614258,1.2925344705581665,0,0.0,1.3749942779541016,0.49999904666668943,0.002729718271079532,1,1
0,1,80,-2.2504231929779053,2.5954973697662354,1.5753666162490845,3,0,0,1,0.0,0,0,0,1,7.936060486759423,7.396100997924805,1.3490252494812012,1.2872388362884521,0,0.0,1.3520803451538086,0.4918142409661489,0.2776995919812251,0,0
0,1,80,-2.2504231929779053,2.5954973697662354,1.5753666162490845,3,0,0,1,0.0,0,0,0,2,7.936060486759423,7.400106430053711,1.3500266075134277,1.529572606086731,0,0.0,1.3522593975067139,0.49187829243309233,0.27667368331711467,0,0
0,1,90,-2.2515201568603516,2.8304474353790283,1.5764408111572266,3,0,0,1,0.0,0,0,0,0,7.169552570581435,7.599954605102539,1.3999886512756348,1.1369614601135254,0,0.0,1.3749945163726807,0.49999750102668855,0.0044665049083516,1,1
0,1,90,-2.2515201568603516,2.8304474353790283,1.5764408111572266,3,0,0,1,0.0,0,0,0,1,7.710033128467915,7.391895294189453,1.3479738235473633,1.0900170803070068,0,0.0,1.3516535758972168,0.4916616439340112,0.2808862275042548,0,0
0,1,90,-2.2515201568603516,2.8304474353790283,1.5764408111572266,3,0,0,1,0.0,0,0,0,2,7.710033128467915,7.397502899169922,1.3493757247924805,1.402999758720398,0,0.0,1.3520070314407349,0.49178746766770337,0.27883767570301293,0,0
0,1,100,-2.2529046535491943,3.067462682723999,1.5750864744186401,3,0,0,1,0.0,0,0,0,0,6.932537323236464,7.585379600524902,1.399989128112793,0.9927114248275757,0,0.0,1.374993085861206,0.4999964072061966,0.005524404620771491,1,1
0,1,100,-2.2529046535491943,3.067462682723999,1.5750864744186401,3,0,0,1,0.0,0,0,0,1,7.477981294017988,7.404062271118164,1.351015567779541,1.273213267326355,0,0.0,1.353667140007019,0.49238028095923425,0.27735442549429035,0,0
0,1,100,-2.2529046535491943,3.067462682723999,1.5750864744186401,3,0,0,1,0.0,0,0,0,2,7.701728427098594,6.821313381195068,1.2885150909423828,0.8336264491081238,0,0.0,1.3511416912078857,0.4914789479546095,0.30548610247182595,0,0
0,1,110,-2.2528812885284424,3.3034093379974365,1.5672533512115479,3,0,1,0,0.0022215843200683594,0,0,0,0,6.696590638160704,7.398090839385986,1.3999958038330078,0.8990538120269775,0,0.0,1.3750020265579224,0.49999934644995275,0.0028821633347297384,1,0
0,1,110,-2.2528812885284424,3.3034093379974365,1.5672533512115479,3,0,1,0,0.0022215843200683594,0,0,0,1,7.247456175186706,7.400312423706055,1.3500781059265137,1.1391992568969727,0,0.0,1.3535690307617188,0.4923462009230975,0.27594458132278704,0,1
0,1,110,-2.2528812885284424,3.3034093379974365,1.5672533512115479,3,0,1,0,0.0022215843200683594,0,0,0,2,7.474642867234076,7.1541748046875,1.288543701171875,1.2283878326416016,0,0.0,1.3516849279403687,0.4916735093455437,0.3008287064047644,0,0
0,1,120,-2.2512879371643066,3.5393009185791016,1.5559089183807373,3,0,0,1,0.0,0,0,0,0,6.460699057579039,7.295614242553711,1.3999381065368652,0.847930908203125,0,0.0,1.3749908208847046,0.49999464172417596,0.00668877588760675,1,1
0,1,120,-2.2512879371643066,3.5393009185791016,1.5559089183807373,3,0,0,1,0.0,0,0,0,1,7.017536604884633,7.255145072937012,1.3485798835754395,0.9304126501083374,0,0.0,1.3533135652542114,0.49225381151447156,0.2816109481235394,0,0
0,1,120,-2.2512879371643066,3.5393009185791016,1.5559089183807373,3,0,0,1,0.0,0,0,0,2,7.248461615281032,7.142570495605469,1.2856426239013672,1.0868710279464722,0,0.0,1.3517982959747314,0.49171303939278843,0.30168422625059027,0,0
0,1,130,-2.245105743408203,3.773939847946167,1.5371639728546143,3,0,2,0,0.0975198745727539,0,0,0,0,6.268788088691025,6.895803451538086,1.3996195793151855,0.6486625671386719,0,0.0,1.374854326248169,0.4999386074392845,0.021509468968705862,1,0
0,1,130,-2.245105743408203,3.773939847946167,1.5371639728546143,3,0,2,0,0.0975198745727539,0,0,0,1,6.856081228849223,6.880125999450684,1.334059715270996,0.7719434499740601,0,0.0,1.3521169424057007,0.4918182094443734,0.31036804185607025,0,0
0,1,130,-2.245105743408203,3.773939847946167,1.5371639728546143,3,0,2,0,0.0975198745727539,0,0,0,2,7.097323180321268,6.99332332611084,1.2707233428955078,0.9552148580551147,0,0.0,1.3547874689102173,0.49275376787675995,0.2917926171710948,0,1
0,1,140,-2.236039161682129,4.008667469024658,1.5328407287597656,3,0,2,0,0.1769394874572754,0,0,0,0,6.056595718522722,6.4071173667907715,1.3993849754333496,0.4047888219356537,0,0.0,1.37467622756958,0.49986135531092135,0.03324596784959875,1,0
0,1,140,-2.236039161682129,4.008667469024658,1.5328407287597656,3,0,2,0,0.1769394874572754,0,0,0,1,6.4977108132816515,6.431244850158691,1.367441177368164,0.480739951133728,0,0.0,1.3556445837020874,0.4930638978843619,0.2615086412102782,0,0
0,1,140,-2.236039161682129,4.008667469024658,1.5328407287597656,3,0,2,0,0.1769394874572754,0,0,0,2,6.662784970247099,6.584056854248047,1.3197379112243652,0.6525527238845825,0,0.0,1.3510527610778809,0.4914237936454126,0.3287585444011805,0,1
0,1,150,-2.2289764881134033,4.2434821128845215,1.5492039918899536,3,0,1,0,0.1274576187133789,0,0,0,0,5.869232525524168,5.9501566886901855,1.3961868286132812,0.18270477652549744,0,0.0,1.371321439743042,0.49866156352958796,0.03476167598969418,1,0
0,1,150,-2.2289764881134033,4.2434821128845215,1.5492039918899536,3,0,1,0,0.1274576187133789,0,0,0,1,6.269829408581192,6.0776143074035645,1.3613791465759277,0.31604889035224915,0,0.0,1.353623867034912,0.49234140258714987,0.27589201332692337,0,1
0,1,150,-2.2289764881134033,4.2434821128845215,1.5492039918899536,3,0,1,0,0.1274576187133789,0,0,0,2,6.3032596249733395,5.862733364105225,1.3463568687438965,0.23865288496017456,0,0.0,1.353007197380066,0.4921210296737706,0.2962330758469841,0,0
0,1,160,-2.225419759750366,4.47872257232666,1.553243637084961,3,0,2,0,0.5745019912719727,0,0,0,0,5.738479665429455,5.407074451446533,1.3296594619750977,0.044218190014362335,0,0.0,1.3048492670059204,0.4749178896279035,0.06043955132370523,1,0
0,1,160,-2.225419759750366,4.47872257232666,1.553243637084961,3,0,2,0,0.5745019912719727,0,0,0,1,6.109416661865643,5.222949028015137,1.281285285949707,0.04890391230583191,0,0.0,1.3129091262817383,0.4777969074882695,0.3053207608987744,0,0
0,1,160,-2.225419759750366,4.47872257232666,1.553243637084961,3,0,2,0,0.5745019912719727,0,0,0,2,6.180653164242072,5.981576442718506,1.3334803581237793,0.32382747530937195,0,0.0,1.3504208326339722,0.49119399953717924,0.3261892165630021,0,1
0,1,170,-2.2178540229797363,4.7109503746032715,1.517677664756775,2,0,0,1,0.0,0,0,0,0,5.731755391358147,5.049936771392822,1.2257647514343262,0.07343897223472595,0,0.0,1.2048954963684082,0.43924797848012836,0.15236187737729692,1,1
0,1,170,-2.2178540229797363,4.7109503746032715,1.517677664756775,2,0,0,1,0.0,0,0,0,1,5.908220625824462,-15.348762512207031,1.1704907417297363,-0.015363028272986412,1,0.0,1.211820125579834,0.44172103731429563,0.3258583910987678,0,0
0,1,180,-2.197140693664551,4.939312934875488,1.4460698366165161,2,0,0,1,0.0,0,0,0,0,5.687278141038281,4.750935077667236,1.1145098209381104,0.14644786715507507,0,0.0,1.1165225505828857,0.4076096525140763,0.315928668396721,1,1
0,1,180,-2.197140693664551,4.939312934875488,1.4460698366165161,2,0,0,1,0.0,0,0,0,1,5.691420123842702,-16.000085830688477,1.0210661888122559,-0.04217557609081268,1,0.0,1.0894004106521606,0.3964609254885743,0.41705616623657654,0,0
0,1,190,-2.1559722423553467,5.1669158935546875,1.3466846942901611,2,0,0,1,0.0,0,0,0,0,5.492515791788448,4.436604976654053,1.014479160308838,0.1893441379070282,0,0.0,1.0447863340377808,0.3818720541193102,0.3729895730296397,1,1
0,1,190,-2.1559722423553467,5.1669158935546875,1.3466846942901611,2,0,0,1,0.0,0,0,0,1,5.579575970652988,-16.979177474975586,0.7915816307067871,-0.0548943430185318,1,0.01785714365541935,0.9563702940940857,0.3487950140471421,0.7583609921400356,0,0
0,1,200,-2.090796947479248,5.385474681854248,1.225211501121521,2,0,0,1,0.0,0,0,0,0,5.311683378463902,4.429946422576904,0.9751465320587158,0.2646801471710205,0,0.0,1.0633344650268555,0.3880911756282724,0.43989103939193974,1,1
0,1,200,-2.090796947479248,5.385474681854248,1.225211501121521,2,0,0,1,0.0,0,0,0,1,5.5292666496332235,-18.454256057739258,0.5256428718566895,-0.11769984662532806,1,0.1607142835855484,0.8180659413337708,0.29948524536703564,1.0431828748282077,0,0
0,1,210,-1.9984385967254639,5.598997592926025,1.1161701679229736,2,0,1,0,0.03287506103515625,1,1,0,0,5.533704877769748,-18.848552703857422,0.4117891788482666,-0.08714048564434052,1,0.1607142835855484,0.6737930178642273,0.24797597571013547,0.9154874741591826,1,0
0,1,210,-1.9984385967254639,5.598997592926025,1.1161701679229736,2,0,1,0,0.03287506103515625,1,1,0,1,8.159950727908422,-18.815677642822266,0.40120887756347656,-0.04954266548156738,1,0.1607142835855484,0.6801307797431946,0.25023946769608874,0.8838001704426209,0,1
0,1,220,-1.9063012599945068,5.766531944274902,1.02545166015625,3,0,0,1,0.0,1,1,0,0,5.581409320526992,-19.007488250732422,0.3547549247741699,-0.016826113685965538,1,0.1964285671710968,0.5348404049873352,0.19580054021781668,0.8465810208390924,1,1
0,1,220,-1.9063012599945068,5.766531944274902,1.02545166015625,3,0,0,1,0.0,1,1,0,1,7.82833937555124,-19.217666625976562,0.3424081802368164,-0.0972210019826889,1,0.1964285671710968,0.5386595726013184,0.19716433204164988,0.9341321774433217,0,0
0,1,220,-1.9063012599945068,5.766531944274902,1.02545166015625,3,0,0,1,0.0,1,1,0,2,8.40449727774228,-19.742887496948242,0.23025178909301758,-0.08194762468338013,1,0.25,0.6082610487937927,0.2220224104144238,1.061652448099134,0,0
0,1,230,-1.837188959121704,5.869638442993164,0.9332298040390015,3,0,0,1,0.0,1,1,0,0,5.582765323961391,-19.200273513793945,0.3396329879760742,-0.02940289117395878,1,0.25,0.48188430070877075,0.1745885258380056,0.8786495504594235,1,1
0,1,230,-1.837188959121704,5.869638442993164,0.9332298040390015,3,0,0,1,0.0,1,1,0,1,7.778557415297525,-19.25304412841797,0.3304555416107178,-0.03743327409029007,1,0.25,0.4846736490726471,0.17558484935076019,0.9563955322668846,0,0
0,1,230,-1.837188959121704,5.869638442993164,0.9332298040390015,3,0,0,1,0.0,1,1,0,2,8.358616315020106,-20.010639190673828,0.19767189025878906,-0.07923536002635956,1,0.3214285671710968,0.5432372689247131,0.1965002908875981,1.0983513479666758,0,0
0,1,240,-1.7987462282180786,5.917964935302734,0.8681456446647644,3,0,0,1,0.0,1,1,0,0,5.653261799614683,-19.225765228271484,0.34016990661621094,-0.007508210837841034,1,0.2857142984867096,0.4759722650051117,0.17024884715823457,0.9239128155528423,1,1
0,1,240,-1.7987462282180786,5.917964935302734,0.8681456446647644,3,0,0,1,0.0,1,1,0,1,7.6964849393305474,-19.340679168701172,0.32852697372436523,-0.04167912155389786,1,0.2857142984867096,0.48208826780319214,0.1724334659695699,1.0003267570305716,0,0
0,1,240,-1.7987462282180786,5.917964935302734,0.8681456446647644,3,0,0,1,0.0,1,1,0,2,8.302659497508724,-19.96331214904785,0.20086193084716797,-0.026237711310386658,1,0.3571428656578064,0.5285178422927856,0.18901549967704576,1.1184609774444547,0,0
0,1,250,-1.7824201583862305,5.936089992523193,0.8061609864234924,3,0,1,0,20.032162845134735,1,0,1,0,5.6308099102355165,-19.228147506713867,0.34485697746276855,-0.01807382144033909,1,0.2857142984867096,0.475314199924469,0.16975506717405794,0.9451195947768546,1,0
0,1,250,-1.7824201583862305,5.936089992523193,0.8061609864234924,3,0,1,0,20.032162845134735,1,0,1,1,7.701197091689227,0.8040153384208679,0.33811473846435547,0.011492474004626274,0,0.2857142984867096,0.475102961063385,0.16967952030531666,0.9983999682897651,0,1
0,1,250,-1.7824201583862305,5.936089992523193,0.8061609864234924,3,0,1,0,20.032162845134735,1,0,1,2,8.289506541823506,-20.363073348999023,0.15459442138671875,-0.0800112634897232,1,0.4107142984867096,0.5367066264152527,0.1916809410766396,1.163151338449886,0,0
0,1,260,-1.7674968242645264,5.950893402099609,0.7634344100952148,3,0,1,0,20.03481215238571,1,0,1,0,5.6800830502550355,-19.209617614746094,0.34956908226013184,-0.0182324331253767,1,0.2857142984867096,0.48017656803131104,0.1714917509066814,0.9663687586850588,1,0
0,1,260,-1.7674968242645264,5.950893402099609,0.7634344100952148,3,0,1,0,20.03481215238571,1,0,1,1,7.7240191118575705,0.8251945376396179,0.33992815017700195,0.018455252051353455,0,0.2857142984867096,0.48485180735588074,0.17316103341653166,1.0380351765988254,0,1
0,1,260,-1.7674968242645264,5.950893402099609,0.7634344100952148,3,0,1,0,20.03481215238571,1,0,1,2,8.271805411684316,-20.28911590576172,0.1604478359222412,-0.05473945289850235,1,0.4107142984867096,0.5359313488006592,0.19140385292067869,1.1781371279146582,0,0
0,1,270,-1.7541399002075195,5.9632887840271,0.7409018278121948,3,0,1,0,20.031766951084137,1,0,1,0,5.727433092968196,-19.181407928466797,0.35537266731262207,-0.015735389664769173,1,0.2857142984867096,0.4873858690261841,0.17406639138252128,0.9946350646135385,1,0
0,1,270,-1.7541399002075195,5.9632887840271,0.7409018278121948,3,0,1,0,20.031766951084137,1,0,1,1,7.7352487509892125,0.8503590226173401,0.34609508514404297,0.018703613430261612,0,0.2857142984867096,0.4917272627353668,0.17561708407205964,1.0498353585025437,0,1
0,1,270,-1.7541399002075195,5.9632887840271,0.7409018278121948,3,0,1,0,20.031766951084137,1,0,1,2,8.326362286149061,-20.4381046295166,0.13553667068481445,-0.07941107451915741,1,0.4107142984867096,0.548697829246521,0.19596346324976435,1.1977132497110294,0,0
0,1,280,-1.7392241954803467,5.977241516113281,0.7710994482040405,3,0,1,0,0.018751144409179688,1,1,0,0,5.709422915654807,-19.14959144592285,0.36153292655944824,-0.030003564432263374,1,0.2678571343421936,0.49953949451446533,0.1784069731922476,0.9875753041498708,1,0
0,1,280,-1.7392241954803467,5.977241516113281,0.7710994482040405,3,0,1,0,0.018751144409179688,1,1,0,1,7.717528315647108,-19.130840301513672,0.35244178771972656,-0.0024462463334202766,1,0.2678571343421936,0.5057845711708069,0.18063755841648302,1.0473397068119412,0,1
0,1,280,-1.7392241954803467,5.977241516113281,0.7710994482040405,3,0,1,0,0.018751144409179688,1,1,0,2,8.309557422800893,-20.403959274291992,0.13467693328857422,-0.07847578823566437,1,0.3928571343421936,0.5761076211929321,0.20575268734711338,1.1872212926704024,0,0
0,1,290,-1.7255964279174805,5.991395950317383,0.837396502494812,3,0,2,0,16.38080382347107,1,0,1,0,5.757333978683974,-19.101137161254883,0.3636159896850586,-0.027800142765045166,1,0.25,0.5129122138023376,0.18318318533011088,0.9676056974375528,1,0
0,1,290,-1.7255964279174805,5.991395950317383,0.837396502494812,3,0,2,0,16.38080382347107,1,0,1,1,7.7043512487961685,-19.085357666015625,0.35446596145629883,-0.0016109989956021309,1,0.25,0.5173517465591431,0.18476850737347636,1.0289210145552394,0,0
0,1,290,-1.7255964279174805,5.991395950317383,0.837396502494812,3,0,2,0,16.38080382347107,1,0,1,2,8.301031881647846,-2.7203333377838135,-0.6050357818603516,0.278476357460022,0,0.4285714328289032,0.6271321177482605,0.22397581654372514,1.1927217312596876,0,1
0,1,300,-1.715090274810791,6.003360748291016,0.8163782358169556,3,0,0,1,0.0,0,0,0,0,5.742715452465052,0.8067296147346497,0.35601091384887695,0.01277153380215168,0,0.3214285671710968,0.48838356137275696,0.17442241588501345,0.9816846792431717,1,1
0,1,300,-1.715090274810791,6.003360748291016,0.8163782358169556,3,0,0,1,0.0,0,0,0,1,7.689927427193814,-19.254182815551758,0.34876394271850586,-0.0031905779615044594,1,0.3214285671710968,0.4902922809123993,0.17510431510700292,1.031394419671946,0,0
0,1,300,-1.715090274810791,6.003360748291016,0.8163782358169556,3,0,0,1,0.0,0,0,0,2,8.287279358535299,-2.9348769187927246,-0.6943860054016113,0.278476357460022,0,0.3571428656578064,0.7167149782180786,0.2559691795912504,1.187872397246581,0,0
0,1,310,-1.7031359672546387,6.013236999511719,0.5429801940917969,3,0,1,0,0.019458532333374023,0,0,0,0,5.792667039017939,0.4946351647377014,0.334561824798584,0.042479656636714935,0,0.4642857015132904,0.4193578064441681,0.14977099829759877,1.1435737576112253,1,0
0,1,310,-1.7031359672546387,6.013236999511719,0.5429801940917969,3,0,1,0,0.019458532333374023,0,0,0,1,7.677117188129866,0.5140936970710754,0.33132195472717285,0.05868865177035332,0,0.4642857015132904,0.4173380434513092,0.14904940841800127,1.1657578634046997,0,1
0,1,310,-1.7031359672546387,6.013236999511719,0.5429801940917969,3,0,1,0,0.019458532333374023,0,0,0,2,8.27531509374772,-3.2723751068115234,-0.8304886817932129,0.2926468253135681,0,0.2678571343421936,0.852211594581604,0.30436070493143763,1.0939700961443803,0,0
0,1,320,-1.6849312782287598,6.018581867218018,0.06423527002334595,3,0,0,1,0.0,0,0,0,0,5.781916225628068,-1.8076943159103394,-0.41562414169311523,0.3024011254310608,0,0.375,0.5571549534797668,0.19898423346601016,1.2487811647681468,1,1
0,1,320,-1.6849312782287598,6.018581867218018,0.06423527002334595,3,0,0,1,0.0,0,0,0,1,7.666959927820807,-1.8085869550704956,-0.4158473014831543,0.3024011254310608,0,0.375,0.5553550124168396,0.1983411282159699,1.2697083416560235,0,0
0,1,320,-1.6849312782287598,6.018581867218018,0.06423527002334595,3,0,0,1,0.0,0,0,0,2,8.266653128050706,-3.522153615951538,-0.9727005958557129,0.34503862261772156,0,0.1607142835855484,0.9999131560325623,0.3571114421793136,0.9364741614085723,0,0
0,1,330,-1.6674180030822754,6.014252662658691,-0.5175605416297913,3,0,0,1,0.0,0,0,0,0,5.780663779564998,-1.5726991891860962,-0.4366130828857422,0.3190194070339203,0,0.2321428507566452,0.6431549191474915,0.22969805406871271,1.0588352922218613,1,1
0,1,330,-1.6674180030822754,6.014252662658691,-0.5175605416297913,3,0,0,1,0.0,0,0,0,1,7.666351031707073,-1.6105390787124634,-0.446073055267334,0.3190194070339203,0,0.2321428507566452,0.6458548307418823,0.23066239895799154,1.1447163783283039,0,0
0,1,330,-1.6674180030822754,6.014252662658691,-0.5175605416297913,3,0,0,1,0.0,0,0,0,2,8.267677262913004,-3.8509297370910645,-1.1151971817016602,0.3406437337398529,0,0.0357142873108387,1.1614344120025635,0.41479795705053724,0.7434718088431117,0,0
0,1,340,-1.6566212177276611,6.0000433921813965,-1.2223618030548096,3,0,0,1,0.0,0,0,0,0,5.826998618874486,-1.0479153394699097,-0.4098334312438965,0.38499489426612854,0,0.0892857164144516,0.7100048065185547,0.2535732834347712,0.8196963382481214,1,1
0,1,340,-1.6566212177276611,6.0000433921813965,-1.2223618030548096,3,0,0,1,0.0,0,0,0,1,7.677122782303924,-1.170571208000183,-0.44049739837646484,0.38499489426612854,0,0.0892857164144516,0.727424144744873,0.2597944811595379,0.9323648039179123,0,0
0,1,340,-1.6566212177276611,6.0000433921813965,-1.2223618030548096,3,0,0,1,0.0,0,0,0,2,8.279686224073709,-3.9416141510009766,-1.1781535148620605,0.3854999840259552,0,0.0,1.280102252960205,0.45890410324089326,0.46839966250712123,0,0
0,1,350,-1.6577510833740234,5.982697486877441,-1.92971670627594,3,0,0,1,0.0,0,0,0,0,5.804943332011289,-0.5839639902114868,-0.3429532051086426,0.39392441511154175,0,0.0,0.755629301071167,0.27169301307691746,0.5611289467452222,1,1
0,1,350,-1.6577510833740234,5.982697486877441,-1.92971670627594,3,0,0,1,0.0,0,0,0,1,7.688997190838732,-0.8685716986656189,-0.4038352966308594,0.3733847439289093,0,0.0,0.7864516973495483,0.2827007951645149,0.7093561990205209,0,0
0,1,350,-1.6577510833740234,5.982697486877441,-1.92971670627594,3,0,0,1,0.0,0,0,0,2,8.287510029164153,-2.86511492729187,-0.9989476203918457,0.5653377771377563,0,0.0,1.305234670639038,0.46798049903278016,0.2148760124386929,0,0
0,1,360,-1.698476791381836,5.944447040557861,-2.5852513313293457,3,0,0,1,0.0,0,0,0,0,5.761575626607252,-0.23362833261489868,-0.16723299026489258,0.21765181422233582,0,0.0,0.7112294435501099,0.2584553719987378,0.2920020811807236,1,1
0,1,360,-1.698476791381836,5.944447040557861,-2.5852513313293457,3,0,0,1,0.0,0,0,0,1,7.709959586270301,-0.5487642884254456,-0.2460169792175293,0.21765181422233582,0,0.0,0.7712217569351196,0.2798809770219845,0.434948720201747,0,0
0,1,360,-1.698476791381836,5.944447040557861,-2.5852513313293457,3,0,0,1,0.0,0,0,0,2,8.263519488105596,-1.967360496520996,-0.6225075721740723,0.2613348960876465,0,0.0,1.0793051719665527,0.3899109260261015,0.5550680300159933,0,0
0,1,370,-1.8592009544372559,5.89902400970459,-3.0191245079040527,3,0,0,1,0.0,0,0,0,0,5.597898677292376,0.026819899678230286,-0.034781455993652344,0.08297286182641983,0,0.0,0.5856502652168274,0.21712686899290232,0.12015867755471499,1,1
0,1,370,-1.8592009544372559,5.89902400970459,-3.0191245079040527,3,0,0,1,0.0,0,0,0,1,7.757151293580929,-0.41080573201179504,-0.14362192153930664,0.08184097707271576,0,0.0,0.6858552098274231,0.25291409077909266,0.30393996722871786,0,0
0,1,370,-1.8592009544372559,5.89902400970459,-3.0191245079040527,3,0,0,1,0.0,0,0,0,2,8.340755141264198,-1.6757619380950928,-0.47579240798950195,0.11370384693145752,0,0.0,0.9797532558441162,0.3578315425625248,0.46868153749998764,0,0
0,1,380,-2.017159938812256,5.895054340362549,-3.1807703971862793,3,0,0,1,0.0,0,0,0,0,5.4607180939730515,0.08134858310222626,-0.00906229019165039,0.05879887193441391,0,0.0,0.47432440519332886,0.1737021737474336,0.06793121983511742,1,1
0,1,380,-2.017159938812256,5.895054340362549,-3.1807703971862793,3,0,0,1,0.0,0,0,0,1,7.878816757527961,-0.5374358296394348,-0.15811395645141602,0.04751000553369522,0,0.0,0.6404600739479065,0.23303640504432283,0.2619277271004208,0,0
0,1,380,-2.017159938812256,5.895054340362549,-3.1807703971862793,3,0,0,1,0.0,0,0,0,2,8.453451530245255,-2.192887544631958,-0.5741491317749023,0.05185450613498688,0,0.0,1.0013264417648315,0.36085333013575405,0.4958926700223371,0,0
0,1,390,-2.0520880222320557,5.896552085876465,-3.1524229049682617,2,0,0,1,0.0,0,0,0,0,5.412544081378108,0.04418150335550308,-0.01838541030883789,0.05886157229542732,0,0.0,0.4516336917877197,0.16294239600101765,0.051581849426538824,1,1
0,1,390,-2.0520880222320557,5.896552085876465,-3.1524229049682617,2,0,0,1,0.0,0,0,0,1,8.031772990078101,-0.5801116228103638,-0.17360448837280273,0.057153161615133286,0,0.0,0.6238357424736023,0.22444314895103126,0.250501910694605,0,0
0,1,400,-2.0963892936706543,5.893024444580078,-3.015876054763794,2,0,0,1,0.0,0,0,0,0,5.369127720354812,0.01682734489440918,-0.050595760345458984,0.10960519313812256,0,0.0,0.4441123604774475,0.162010067323463,0.06724368582914932,1,1
0,1,400,-2.0963892936706543,5.893024444580078,-3.015876054763794,2,0,0,1,0.0,0,0,0,1,8.121600512759088,-0.8132985830307007,-0.26723623275756836,0.12782318890094757,0,0.0,0.6883223652839661,0.24922805317859412,0.21087260265856486,0,0
0,1,440,-2.4823338985443115,5.811426162719727,-2.9109654426574707,3,0,0,1,0.0,0,0,0,0,4.979804846950666,0.17546546459197998,-0.019394874572753906,0.1265224814414978,0,0.0,0.3783405125141144,0.13712676475455604,0.2645569468361713,1,1
0,1,440,-2.4823338985443115,5.811426162719727,-2.9109654426574707,3,0,0,1,0.0,0,0,0,1,5.1553231027533055,-20.4072322845459,0.16134881973266602,-0.11560000479221344,1,0.4107142984867096,0.16974787414073944,0.060843440390476664,1.0250830507816495,0,0
0,1,440,-2.4823338985443115,5.811426162719727,-2.9109654426574707,3,0,0,1,0.0,0,0,0,2,7.958071608416676,-22.107370376586914,-0.2599344253540039,-0.10524466633796692,1,0.4285714328289032,0.39627254009246826,0.14174500356838846,1.0779935381004064,0,0
0,1,450,-2.5658411979675293,5.795172691345215,-2.9817681312561035,2,0,0,1,0.0,0,0,0,0,4.948811148861838,0.28816211223602295,0.010019779205322266,0.12404150515794754,0,0.0,0.3553251326084137,0.1312355201741656,0.26427858310521957,1,1
0,1,450,-2.5658411979675293,5.795172691345215,-2.9817681312561035,2,0,0,1,0.0,0,0,0,2,7.88728333218384,-21.890180587768555,-0.20938825607299805,-0.11560000479221344,1,0.4107142984867096,0.3298012614250183,0.12211982904426057,1.1129280977694256,0,0
0,1,480,-3.0655295848846436,5.9199395179748535,-3.7075114250183105,2,0,0,1,0.0,0,0,0,0,4.461120894706848,0.9035971164703369,0.1775529384613037,0.09669266641139984,0,0.0,0.2758141756057739,0.10481595342196832,0.2590382156975912,1,1
0,1,480,-3.0655295848846436,5.9199395179748535,-3.7075114250183105,2,0,0,1,0.0,0,0,0,1,4.7649848178843275,0.9035971164703369,0.1775529384613037,0.09669266641139984,0,0.0,0.2758141756057739,0.10481595342196832,0.2590382156975912,0,0
0,1,490,-3.2205657958984375,6.0458221435546875,-3.9301252365112305,2,0,0,1,0.0,0,0,0,0,4.29328384969763,1.2443103790283203,0.2783336639404297,0.06548786163330078,0,0.0,0.33949053287506104,0.12723739395573394,0.2713298936929581,1,1
0,1,490,-3.2205657958984375,6.0458221435546875,-3.9301252365112305,2,0,0,1,0.0,0,0,0,1,4.585863279256246,1.2443103790283203,0.2783336639404297,0.06548786163330078,0,0.0,0.33949053287506104,0.12723739395573394,0.2713298936929581,0,0
0,1,500,-3.3509979248046875,6.2193803787231445,-4.163743495941162,2,0,0,1,0.0,0,0,0,0,4.11891365656313,2.310356378555298,0.537339448928833,0.08049927651882172,0,0.0,0.6084341406822205,0.224895162802791,0.238405433863332,1,1
0,1,500,-3.3509979248046875,6.2193803787231445,-4.163743495941162,2,0,0,1,0.0,0,0,0,1,4.443391532754085,2.1829617023468018,0.505490779876709,0.08049927651882172,0,0.0,0.5503595471382141,0.20415450884275183,0.3744594329485191,0,0
0,1,510,-3.4466233253479004,6.428555965423584,-4.393459320068359,3,0,1,0,19.975958108901978,1,0,1,0,3.9645787437323214,-17.02646255493164,0.762333869934082,-0.037898771464824677,1,0.0,0.8473712205886841,0.3097787896155136,0.19388827688024804,1,0
0,1,510,-3.4466233253479004,6.428555965423584,-4.393459320068359,3,0,1,0,19.975958108901978,1,0,1,1,4.248695443962227,2.949495553970337,0.6467127799987793,0.18132224678993225,0,0.0,0.6499762535095215,0.2392808307515499,0.3863780770534243,0,1
0,1,510,-3.4466233253479004,6.428555965423584,-4.393459320068359,3,0,1,0,19.975958108901978,1,0,1,2,5.737172973604393,-20.042877197265625,0.11762571334838867,-0.06026184558868408,1,0.1964285671710968,0.3317587077617645,0.1256309931971601,1.1061755870987475,0,0
0,1,520,-3.4871914386749268,6.652624607086182,-4.642531394958496,3,0,1,0,21.337661743164062,1,0,1,0,3.775112120326724,-17.376258850097656,0.6786866188049316,-0.04550296068191528,1,0.0,0.7080252170562744,0.26039993656100563,0.1771984965621624,1,0
0,1,520,-3.4871914386749268,6.652624607086182,-4.642531394958496,3,0,1,0,21.337661743164062,1,0,1,1,4.080148600830374,3.9614028930664062,0.863579511642456,0.253542423248291,0,0.0,0.8526418805122375,0.3120490150178416,0.3364654503684414,0,1
0,1,520,-3.4871914386749268,6.652624607086182,-4.642531394958496,3,0,1,0,21.337661743164062,1,0,1,2,5.870774909006128,-20.34504508972168,0.05679678916931152,-0.08968736231327057,1,0.1964285671710968,0.4098454415798187,0.15390649073140336,1.1346816093815002,0,0
0,1,530,-3.472043991088867,6.885136127471924,-4.890026092529297,3,0,1,0,1.6651222705841064,0,0,0,0,3.531068575206083,2.5700204372406006,0.6149501800537109,0.05510988458991051,0,0.0,0.6073642373085022,0.22429468223937502,0.23612560667174684,1,0
0,1,530,-3.472043991088867,6.885136127471924,-4.890026092529297,3,0,1,0,1.6651222705841064,0,0,0,1,3.8371023708254564,4.235142707824707,1.0103650093078613,0.09684129804372787,0,0.0,1.0003992319107056,0.36466436471661606,0.2237566921775042,0,1
0,1,530,-3.472043991088867,6.885136127471924,-4.890026092529297,3,0,1,0,1.6651222705841064,0,0,0,2,4.186521870876862,3.457690954208374,0.7713041305541992,0.1862371861934662,0,0.0,0.7916877269744873,0.2901248550644212,0.4304126046834068,0,0
0,1,540,-3.4007651805877686,7.10601282119751,-5.125792503356934,3,0,1,0,0.9570059776306152,0,0,0,0,3.300854637595763,2.613112449645996,0.5750398635864258,0.15647655725479126,0,0.0,0.5580894947052002,0.20668897269976455,0.3297041946646938,1,0
0,1,540,-3.4007651805877686,7.10601282119751,-5.125792503356934,3,0,1,0,0.9570059776306152,0,0,0,1,3.606852104954925,3.5701184272766113,0.8298280239105225,0.12540312111377716,0,0.0,0.8215214610099792,0.30077182687148657,0.1705185622891507,0,1
0,1,540,-3.4007651805877686,7.10601282119751,-5.125792503356934,3,0,1,0,0.9570059776306152,0,0,0,2,3.934948230746067,3.1926259994506836,0.6945967674255371,0.20711952447891235,0,0.0,0.759594738483429,0.27865547832376686,0.43395736855914896,0,0
0,1,550,-3.2865724563598633,7.308973789215088,-5.295104026794434,3,0,1,0,1.1303229331970215,0,0,0,0,3.0730967217192116,2.8271420001983643,0.6864073276519775,0.04075632616877556,0,0.0,0.6733137369155884,0.24786166350914648,0.3615783234546826,1,0
0,1,550,-3.2865724563598633,7.308973789215088,-5.295104026794434,3,0,1,0,1.1303229331970215,0,0,0,1,3.7665095746536132,3.9574649333953857,0.8805325031280518,0.21766750514507294,0,0.0,0.9786892533302307,0.3569238395058738,0.2102953115930451,0,1
0,1,550,-3.2865724563598633,7.308973789215088,-5.295104026794434,3,0,1,0,1.1303229331970215,0,0,0,2,4.068647617438543,2.118293523788452,0.47251391410827637,0.11411890387535095,0,0.0,0.6197181344032288,0.22872043204689346,0.4912957124412757,0,0
7,0,0,-2.25,1.0,1.5707963267948966,3,0,0,1,0.0,0,0,0,0,9.0,7.150001525878906,1.2875003814697266,1.8949999809265137,0,0.0,1.2850003242492676,0.45982142857142855,0.0,1,1
7,0,0,-2.25,1.0,1.5707963267948966,3,0,0,1,0.0,0,0,0,1,9.513236186146589,6.992805480957031,1.2482013702392578,1.6120399236679077,0,0.0,1.2636055946350098,0.45218076037786004,0.2523747889156115,0,0
7,0,0,-2.25,1.0,1.5707963267948966,3,0,0,1,0.0,0,0,0,2,9.513236186146589,6.992805480957031,1.2482013702392578,1.6120399236679077,0,0.0,1.2636055946350098,0.45218076037786004,0.25237478891561166,0,0
7,0,10,-2.24971604347229,1.0588933229446411,1.5600006580352783,3,0,0,1,0.0,0,0,0,0,8.95,7.434638977050781,1.3586597442626953,1.8946539163589478,0,0.0,1.3468140363693237,0.48524157470932977,0.005436673157160462,1,1
7,0,10,-2.24971604347229,1.0588933229446411,1.5600006580352783,3,0,0,1,0.0,0,0,0,1,9.463793281809847,7.256681442260742,1.3141703605651855,1.5893465280532837,0,0.0,1.3259907960891724,0.47780505995307937,0.2720963136529696,0,0
7,0,10,-2.24971604347229,1.0588933229446411,1.5600006580352783,3,0,0,1,0.0,0,0,0,2,9.463793281809847,7.249261856079102,1.3123154640197754,1.5643153190612793,0,0.0,1.325730562210083,0.4777120918342269,0.27367086333589363,0,0
7,0,20,-2.247821569442749,1.2029353380203247,1.558211326599121,3,0,0,1,0.0,0,0,0,0,8.799999999999999,7.576711654663086,1.3941779136657715,1.894214391708374,0,0.0,1.3733423948287964,0.4979296904460166,0.008401859385953914,1,1
7,0,20,-2.247821569442749,1.2029353380203247,1.558211326599121,3,0,0,1,0.0,0,0,0,1,9.31551287810118,7.387989044189453,1.3469972610473633,1.589424967765808,0,0.0,1.3522498607635498,0.49039635911702245,0.27874173604351304,0,0
7,0,20,-2.247821569442749,1.2029353380203247,1.558211326599121,3,0,0,1,0.0,0,0,0,2,9.31551287810118,7.376941680908203,1.3442354202270508,1.5643774271011353,0,0.0,1.351653814315796,0.4901838182900988,0.28255246952990365,0,0
7,0,30,-2.2460148334503174,1.4257149696350098,1.5659418106079102,3,0,0,1,0.0,0,0,0,0,8.549999999999999,7.599924087524414,1.3999810218811035,1.8943047523498535,0,0.0,1.374985933303833,0.4999946812268128,0.006739646071945936,1,1
7,0,30,-2.2460148334503174,1.4257149696350098,1.5659418106079102,3,0,0,1,0.0,0,0,0,1,9.0685506996768,7.414669036865234,1.3536672592163086,1.5884424448013306,0,0.0,1.3535778522491455,0.4923481472010939,0.2737558781658495,0,0
7,0,30,-2.2460148334503174,1.4257149696350098,1.5659418106079102,3,0,0,1,0.0,0,0,0,2,9.0685506996768,7.409019470214844,1.352254867553711,1.5644583702087402,0,0.0,1.3529798984527588,0.49213458861251513,0.27753477698855045,0,0
7,0,40,-2.246206521987915,1.6611300706863403,1.5760709047317505,3,0,0,1,0.0,0,0,0,0,8.349999999999998,7.599939346313477,1.3999848365783691,1.8947807550430298,0,0.0,1.3749971389770508,0.49999904259266076,0.0034517630342812936,1,1
7,0,40,-2.246206521987915,1.6611300706863403,1.5760709047317505,3,0,0,1,0.0,0,0,0,1,8.871149842504158,7.3942108154296875,1.3485527038574219,1.5646905899047852,0,0.0,1.3528443574905396,0.49208724809087734,0.2781259059307222,0,0
7,0,40,-2.246206521987915,1.6611300706863403,1.5760709047317505,3,0,0,1,0.0,0,0,0,2,8.871149842504158,7.396732330322266,1.3491830825805664,1.564901351928711,0,0.0,1.3524810075759888,0.49195727700191627,0.2808163787840075,0,0
7,0,50,-2.2478456497192383,1.8969690799713135,1.5802242755889893,3,0,0,1,0.0,0,0,0,0,8.099999999999998,7.5998992919921875,1.3999748229980469,1.8947962522506714,0,0.0,1.3749980926513672,0.49999865419197687,0.0038057403828311576,1,1
7,0,50,-2.2478456497192383,1.8969690799713135,1.5802242755889893,3,0,0,1,0.0,0,0,0,1,8.624633442061722,7.394758224487305,1.3486895561218262,1.5647071599960327,0,0.0,1.3520660400390625,0.49180957016261584,0.2786797983057415,0,0
7,0,50,-2.2478456497192383,1.8969690799713135,1.5802242755889893,3,0,0,1,0.0,0,0,0,2,8.624633442061722,7.401256561279297,1.3503141403198242,1.5884149074554443,0,0.0,1.352059006690979,0.4918069632545116,0.27886968767341874,0,0
7,0,60,-2.250760078430176,2.1319167613983154,1.5821080207824707,3,0,0,1,0.0,0,0,0,0,7.849999999999999,7.599843978881836,1.399960994720459,1.894347071647644,0,0.0,1.374987244606018,0.49999471572936194,0.006350664937952555,1,1
7,0,60,-2.250760078430176,2.1319167613983154,1.5821080207824707,3,0,0,1,0.0,0,0,0,1,8.378408067339434,7.40315055847168,1.35078763961792,1.56455397605896,0,0.0,1.3528530597686768,0.4920896819710328,0.2786665218552338,0,0
7,0,60,-2.250760078430176,2.1319167613983154,1.5821080207824707,3,0,0,1,0.0,0,0,0,2,8.378408067339434,7.412445068359375,1.3531112670898438,1.588513731956482,0,0.0,1.3532387018203735,0.492227168725741,0.2763942743189298,0,0
7,0,70,-2.2523112297058105,2.36670184135437,1.5738880634307861,3,0,0,1,0.0,0,0,0,0,7.649999999999999,7.599958419799805,1.3999896049499512,1.8945101499557495,0,0.0,1.3749923706054688,0.49999793337258663,0.004174772097403857,1,1
7,0,70,-2.2523112297058105,2.36670184135437,1.5738880634307861,3,0,0,1,0.0,0,0,0,1,8.181662445769591,7.388795852661133,1.3471989631652832,1.5646535158157349,0,0.0,1.3521037101745605,0.4918222645547862,0.28218859872557944,0,0
7,0,70,-2.2523112297058105,2.36670184135437,1.5738880634307861,3,0,0,1,0.0,0,0,0,2,8.181662445769591,7.392778396606445,1.3481945991516113,1.5646730661392212,0,0.0,1.352498173713684,0.49196306471009926,0.2798185544817573,0,0
7,0,80,-2.252394437789917,2.602473020553589,1.5669862031936646,3,0,0,1,0.0,0,0,0,0,7.399999999999999,7.599966049194336,1.399991512298584,1.8069672584533691,0,0.0,1.374997615814209,0.4999996510103773,0.002128323340533012,1,1
7,0,80,-2.252394437789917,2.602473020553589,1.5669862031936646,3,0,0,1,0.0,0,0,0,1,7.936060486759423,7.401012420654297,1.3502531051635742,1.564748764038086,0,0.0,1.353093147277832,0.4921756955967775,0.27722279001770506,0,0
7,0,80,-2.252394437789917,2.602473020553589,1.5669862031936646,3,0,0,1,0.0,0,0,0,2,7.936060486759423,7.399168014526367,1.3497920036315918,1.5647468566894531,0,0.0,1.3533076047897339,0.4922520207564577,0.2758291202636001,0,0
7,0,90,-2.250309705734253,2.837897777557373,1.56059730052948,3,0,0,1,0.0,0,0,0,0,7.16210222840309,7.599880218505859,1.3999700546264648,1.6451605558395386,0,0.0,1.374992847442627,0.4999968908250177,0.004997788580051442,1,1
7,0,90,-2.250309705734253,2.837897777557373,1.56059730052948,3,0,0,1,0.0,0,0,0,1,7.7027320783389275,7.398813247680664,1.349703311920166,1.5276107788085938,0,0.0,1.3519539833068848,0.49176861203462124,0.28011049182435427,0,0
7,0,90,-2.250309705734253,2.837897777557373,1.56059730052948,3,0,0,1,0.0,0,0,0,2,7.7027320783389275,7.390417098999023,1.3476042747497559,1.5644922256469727,0,0.0,1.3517035245895386,0.4916794527148207,0.281467097690249,0,0
7,0,100,-2.2479424476623535,3.0726754665374756,1.563402533531189,3,0,0,1,0.0,0,0,0,0,6.927324539422988,7.599908828735352,1.399977207183838,1.4957635402679443,0,0.0,1.3749874830245972,0.49999560944708005,0.005917453446973761,1,1
7,0,100,-2.2479424476623535,3.0726754665374756,1.563402533531189,3,0,0,1,0.0,0,0,0,1,7.472882866443333,7.405080795288086,1.3512701988220215,1.4000946283340454,0,0.0,1.3536494970321655,0.49237445689278847,0.2780400512832915,0,0
7,0,100,-2.2479424476623535,3.0726754665374756,1.563402533531189,3,0,0,1,0.0,0,0,0,2,7.472882866443333,7.397687911987305,1.3494219779968262,1.4869500398635864,0,0.0,1.3531973361968994,0.4922125249547365,0.2809925822926179,0,0
7,0,110,-2.247694492340088,3.3083748817443848,1.5712637901306152,3,0,0,1,0.0,0,0,0,0,6.691625094413756,7.599992752075195,1.3999981880187988,1.270904779434204,0,0.0,1.3749995231628418,0.49999919189123304,0.002875453076491944,1,1
7,0,110,-2.247694492340088,3.3083748817443848,1.5712637901306152,3,0,0,1,0.0,0,0,0,1,7.242610381093369,7.401462554931641,1.3503656387329102,1.2336711883544922,0,0.0,1.3535717725753784,0.4923469948499209,0.2759954203333187,0,0
7,0,110,-2.247694492340088,3.3083748817443848,1.5712637901306152,3,0,0,1,0.0,0,0,0,2,7.242610381093369,7.400541305541992,1.350135326385498,1.2811896800994873,0,0.0,1.35329008102417,0.4922466587862891,0.2779370256404819,0,0
7,0,120,-2.2477285861968994,3.5430922508239746,1.5712193250656128,3,0,0,1,0.0,0,0,0,0,6.456907725334166,7.600002288818359,1.4000005722045898,1.021106481552124,0,0.0,1.3750017881393433,0.49999920633505873,0.0028410663682528455,1,1
7,0,120,-2.2477285861968994,3.5430922508239746,1.5712193250656128,3,0,0,1,0.0,0,0,0,1,7.013846217567071,7.400999069213867,1.3502497673034668,1.0127570629119873,0,0.0,1.3535710573196411,0.49234643565894254,0.275986327832015,0,0
7,0,120,-2.2477285861968994,3.5430922508239746,1.5712193250656128,3,0,0,1,0.0,0,0,0,2,7.013846217567071,7.400056838989258,1.3500142097473145,1.0456604957580566,0,0.0,1.3532938957214355,0.4922472397139884,0.27790494217076456,0,0
7,0,130,-2.2466800212860107,3.777862071990967,1.5611820220947266,3,0,0,1,0.0,0,0,0,0,6.222137904167174,7.192560195922852,1.3999595642089844,0.7963609099388123,0,0.0,1.374977707862854,0.4999914167569702,0.008198448570499997,1,1
7,0,130,-2.2466800212860107,3.777862071990967,1.5611820220947266,3,0,0,1,0.0,0,0,0,1,6.722432036669616,7.116471290588379,1.3653593063354492,0.8275171518325806,0,0.0,1.355175495147705,0.4929177117799986,0.24683273418058085,0,0
7,0,130,-2.2466800212860107,3.777862071990967,1.5611820220947266,3,0,0,1,0.0,0,0,0,2,6.785665382160049,7.07481050491333,1.348698616027832,0.8400079607963562,0,0.0,1.3530811071395874,0.49217015212518017,0.28326273390466145,0,0
7,0,140,-2.241955518722534,4.011610984802246,1.5410982370376587,3,0,2,0,0.15445518493652344,0,0,0,0,6.031203460109936,6.697052001953125,1.3996491432189941,0.5492278337478638,0,0.0,1.3748302459716797,0.49992794175778893,0.023213951450172347,1,0
7,0,140,-2.241955518722534,4.011610984802246,1.5410982370376587,3,0,2,0,0.15445518493652344,0,0,0,1,6.627218606876309,6.719481468200684,1.334054946899414,0.6916308999061584,0,0.0,1.3518598079681396,0.4917245867576188,0.3120150979605144,0,0
7,0,140,-2.241955518722534,4.011610984802246,1.5410982370376587,3,0,2,0,0.15445518493652344,0,0,0,2,6.873168074203635,6.851507186889648,1.2705917358398438,0.8845700621604919,0,0.0,1.3545185327529907,0.4926606397961918,0.2935137726840988,0,1
7,0,150,-2.2319083213806152,4.246331214904785,1.5156807899475098,3,0,2,0,0.1929469108581543,0,0,0,0,5.819153654811605,6.257150173187256,1.398575782775879,0.3314235210418701,0,0.0,1.3742144107818604,0.499675052040837,0.04734376561409199,1,0
7,0,150,-2.2319083213806152,4.246331214904785,1.5156807899475098,3,0,2,0,0.1929469108581543,0,0,0,1,6.367160090357265,6.16562032699585,1.3496017456054688,0.3836066424846649,0,0.0,1.3531965017318726,0.4921675216649656,0.3045343848083913,0,0
7,0,150,-2.2319083213806152,4.246331214904785,1.5156807899475098,3,0,2,0,0.1929469108581543,0,0,0,2,6.435526664023825,6.45009708404541,1.3156790733337402,0.5936903953552246,0,0.0,1.3500299453735352,0.4910371611150829,0.3416918487332038,0,1
7,0,160,-2.214768886566162,4.481120586395264,1.4808173179626465,3,0,1,0,0.36974191665649414,0,0,0,0,5.563905727357149,5.873887538909912,1.3854293823242188,0.16608503460884094,0,0.0,1.3633593320846558,0.49583013705010176,0.03932492816158663,1,0
7,0,160,-2.214768886566162,4.481120586395264,1.4808173179626465,3,0,1,0,0.36974191665649414,0,0,0,1,6.194209521040701,6.243629455566406,1.3221049308776855,0.4776048958301544,0,0.0,1.3526986837387085,0.49202290301810375,0.3187169776824143,0,1
7,0,160,-2.214768886566162,4.481120586395264,1.4808173179626465,3,0,1,0,0.36974191665649414,0,0,0,2,6.267157303981483,5.638577938079834,1.3222999572753906,0.17468905448913574,0,0.0,1.350328803062439,0.49117651325700595,0.3331041348278408,0,0
7,0,170,-2.188917636871338,4.71363639831543,1.4458754062652588,3,0,1,0,0.5489320755004883,0,0,0,0,5.331680062938094,5.434364318847656,1.3026752471923828,0.11183173209428787,0,0.0,1.2821046113967896,0.46671964264742155,0.09630834184511583,1,0
7,0,170,-2.188917636871338,4.71363639831543,1.4458754062652588,3,0,1,0,0.5489320755004883,0,0,0,1,5.974943365736136,5.9832963943481445,1.3116357326507568,0.3683766722679138,0,0.0,1.3483340740203857,0.4903724741366471,0.363281197212327,0,1
7,0,170,-2.188917636871338,4.71363639831543,1.4458754062652588,3,0,1,0,0.5489320755004883,0,0,0,2,6.161215472909211,-14.962336540222168,1.264183521270752,-0.009535384364426136,1,0.0,1.312822699546814,0.477454787208487,0.35593263606646286,0,0
7,0,180,-2.1569838523864746,4.943857669830322,1.4251068830490112,3,0,1,0,0.4863090515136719,0,0,0,0,5.081166259465412,5.093369483947754,1.19484543800354,0.15699395537376404,0,0.0,1.1769989728927612,0.4292115694731457,0.09076311156273997,1,0
7,0,180,-2.1569838523864746,4.943857669830322,1.4251068830490112,3,0,1,0,0.4863090515136719,0,0,0,1,5.738926944179839,5.579678535461426,1.2592508792877197,0.2713375985622406,0,0.0,1.2904839515686035,0.4697424161575942,0.34788816155945884,0,1
7,0,180,-2.1569838523864746,4.943857669830322,1.4251068830490112,3,0,1,0,0.4863090515136719,0,0,0,2,6.006433285085542,-15.598710060119629,1.131622552871704,-0.0626000314950943,1,0.0,1.2129610776901245,0.4406899396969419,0.43442266382771827,0,0
7,0,190,-2.120574474334717,5.176456451416016,1.4074816703796387,3,0,1,0,0.18841886520385742,0,0,0,0,4.828278669488116,4.70457649230957,1.0827744007110596,0.18673935532569885,0,0.0,1.0676507949829102,0.3901768134379866,0.06891266156957616,1,0
7,0,190,-2.120574474334717,5.176456451416016,1.4074816703796387,3,0,1,0,0.18841886520385742,0,0,0,1,5.5069342247411885,4.892995357513428,1.1200809478759766,0.20633581280708313,0,0.0,1.1295243501663208,0.4122738257153523,0.28810868653050126,0,1
7,0,190,-2.120574474334717,5.176456451416016,1.4074816703796387,3,0,1,0,0.18841886520385742,0,0,0,2,5.96079189148915,-16.598752975463867,0.8791511058807373,-0.05767861008644104,1,0.0,1.0801105499267578,0.3933783069590872,0.8363574788822606,0,0
7,0,200,-2.081712484359741,5.406241416931152,1.3980034589767456,3,0,1,0,0.10939884185791016,0,0,0,0,4.599000063138868,4.146101474761963,0.9359960556030273,0.20105859637260437,0,0.0,0.9195441007614136,0.33712447634133735,0.10113894025536475,1,0
7,0,200,-2.081712484359741,5.406241416931152,1.3980034589767456,3,0,1,0,0.10939884185791016,0,0,0,1,5.292822783471102,4.255500316619873,0.9647891521453857,0.19817182421684265,0,0.0,0.9642159342765808,0.35307867044364094,0.2898863648886338,0,1
7,0,200,-2.081712484359741,5.406241416931152,1.3980034589767456,3,0,1,0,0.10939884185791016,0,0,0,2,5.859970904481274,-17.776081085205078,0.6266965866088867,-0.07000590115785599,1,0.0714285746216774,0.9516859650611877,0.34713810635888664,1.0046505840721038,0,0
7,0,210,-2.0386927127838135,5.630039215087891,1.3675376176834106,3,0,1,0,0.05164337158203125,0,0,0,0,4.380349652732319,3.931763172149658,0.8647651672363281,0.23635126650333405,0,0.0,0.8522161841392517,0.3130534507634503,0.11111806391827894,1,0
7,0,210,-2.0386927127838135,5.630039215087891,1.3675376176834106,3,0,1,0,0.05164337158203125,0,0,0,1,5.114329878698733,3.9834065437316895,0.8756537437438965,0.24039581418037415,0,0.0,0.8728902339935303,0.3204373795445098,0.25550066824863654,0,1
7,0,210,-2.0386927127838135,5.630039215087891,1.3675376176834106,3,0,1,0,0.05164337158203125,0,0,0,2,5.8349486759875235,-18.417518615722656,0.5001158714294434,-0.11970512568950653,1,0.0892857164144516,0.8672497272491455,0.31701795903171764,0.9399825779317136,0,0
7,0,220,-1.9882830381393433,5.854440212249756,1.3383363485336304,3,0,0,1,0.0,0,0,0,0,4.163891279293415,3.9902849197387695,0.8586125373840332,0.27791741490364075,0,0.0,0.8506783246994019,0.3124381677907117,0.1262591980730448,1,1
7,0,220,-1.9882830381393433,5.854440212249756,1.3383363485336304,3,0,0,1,0.0,0,0,0,1,4.652885427801882,3.9832515716552734,0.8568542003631592,0.27791741490364075,0,0.0,0.8479130864143372,0.3114503563470804,0.15814647723321648,0,0
7,0,220,-1.9882830381393433,5.854440212249756,1.3383363485336304,3,0,0,1,0.0,0,0,0,2,4.9435946477082755,3.91151762008667,0.8619272708892822,0.23190420866012573,0,0.0,0.862892746925354,0.31680005769349595,0.2516552364634059,0,0
7,0,230,-1.9332962036132812,6.074981689453125,1.3173543214797974,3,0,0,1,0.0,0,0,0,0,3.955217358983737,4.5291924476623535,0.9734363555908203,0.31772348284721375,0,0.0,0.9747720956802368,0.3557671790676996,0.14160011638696698,1,1
7,0,230,-1.9332962036132812,6.074981689453125,1.3173543214797974,3,0,0,1,0.0,0,0,0,1,4.5402681868638055,4.3190226554870605,0.9208939075469971,0.31772348284721375,0,0.0,0.9141265749931335,0.33410787433647704,0.2876883400964772,0,0
7,0,230,-1.9332962036132812,6.074981689453125,1.3173543214797974,3,0,0,1,0.0,0,0,0,2,4.79537744766073,4.41339111328125,0.9717261791229248,0.26324307918548584,0,0.0,0.9849562644958496,0.3594041754997151,0.2793865640910596,0,0
7,0,240,-1.8753970861434937,6.296694755554199,1.315614938735962,3,0,0,1,0.0,0,0,0,0,3.7512587270809585,5.457096099853516,1.1935508251190186,0.3414463996887207,0,0.0,1.208850622177124,0.43901150495392904,0.15144001762761344,1,1
7,0,240,-1.8753970861434937,6.296694755554199,1.315614938735962,3,0,0,1,0.0,0,0,0,1,4.476714650815289,4.542244911193848,0.9648380279541016,0.3414463996887207,0,0.0,0.9614840149879456,0.35066593334320256,0.36737286298164384,0,0
7,0,240,-1.8753970861434937,6.296694755554199,1.315614938735962,3,0,0,1,0.0,0,0,0,2,4.651354148579004,5.232729911804199,1.138216257095337,0.33993232250213623,0,0.0,1.1870031356811523,0.43120826215868097,0.3694010406782294,0,0
7,0,250,-1.8181664943695068,6.522441387176514,1.3295916318893433,3,0,0,1,0.0,0,0,0,0,3.625499097931124,5.89607048034668,1.3020086288452148,0.344017893075943,0,0.0,1.3409945964813232,0.48619171000826084,0.11952835551008237,1,1
7,0,250,-1.8181664943695068,6.522441387176514,1.3295916318893433,3,0,0,1,0.0,0,0,0,1,4.279364615518118,5.771396636962891,1.2708401679992676,0.344017893075943,0,0.0,1.3258335590362549,0.4807769648114757,0.27181030568054376,0,0
7,0,250,-1.8181664943695068,6.522441387176514,1.3295916318893433,3,0,0,1,0.0,0,0,0,2,4.45809160484899,4.238775730133057,0.886040210723877,0.347307413816452,0,0.0,0.888613224029541,0.324626372267771,0.40023569005119924,0,0
7,0,260,-1.765994906425476,6.745846748352051,1.3477033376693726,3,0,0,1,0.0,0,0,0,0,3.4906707935160703,5.908875942230225,1.3024824857711792,0.34947291016578674,0,0.0,1.351918339729309,0.49152126243094213,0.11575080421624918,1,1
7,0,260,-1.765994906425476,6.745846748352051,1.3477033376693726,3,0,0,1,0.0,0,0,0,1,4.274885281844287,5.747406959533691,1.262115240097046,0.34947291016578674,0,0.0,1.350508213043213,0.491016948056792,0.32223762296962616,0,0
7,0,260,-1.765994906425476,6.745846748352051,1.3477033376693726,3,0,0,1,0.0,0,0,0,2,4.388360932581209,4.070069789886475,0.8364987373352051,0.36203745007514954,0,0.0,0.8614892959594727,0.3151257711541235,0.4949444863181228,0,0
7,0,270,-1.7162113189697266,6.969799041748047,1.3541936874389648,3,0,0,1,0.0,0,0,0,0,3.4334021368937755,5.83835506439209,1.2587103843688965,0.40175676345825195,0,0.0,1.3230620622634888,0.48124147068085893,0.11204257523392104,1,1
7,0,270,-1.7162113189697266,6.969799041748047,1.3541936874389648,3,0,0,1,0.0,0,0,0,1,4.3899238588060605,3.2926294803619385,0.6520659923553467,0.36004000902175903,0,0.01785714365541935,0.7502772808074951,0.2753849577145218,0.8122973018429379,0,0
7,0,270,-1.7162113189697266,6.969799041748047,1.3541936874389648,3,0,0,1,0.0,0,0,0,2,5.1365358168071396,2.571322441101074,0.5425243377685547,0.2720411419868469,0,0.0714285746216774,0.6834543347358704,0.25151923165903695,0.8776723769502445,0,0
7,0,280,-1.6665807962417603,7.193776607513428,1.3510665893554688,3,0,0,1,0.0,0,0,0,0,3.3005360452586996,5.570629119873047,1.2240952253341675,0.3371240496635437,0,0.0,1.3140124082565308,0.478004474469753,0.11586648265403136,1,1
7,0,280,-1.6665807962417603,7.193776607513428,1.3510665893554688,3,0,0,1,0.0,0,0,0,1,4.368455273336564,2.490760326385498,0.5499069690704346,0.23485197126865387,0,0.0892857164144516,0.7567457556724548,0.27755693318867347,0.956550043730343,0,0
7,0,280,-1.6665807962417603,7.193776607513428,1.3510665893554688,3,0,0,1,0.0,0,0,0,2,5.0648976259565375,2.3609092235565186,0.5314433574676514,0.20685362815856934,0,0.0892857164144516,0.7524734139442444,0.27603121405179426,0.8974519511211738,0,0
7,1,0,-2.25,1.0,1.5707963267948966,3,0,0,1,0.0,0,0,0,0,9.0,7.150001525878906,1.2875003814697266,1.8949999809265137,0,0.0,1.2850003242492676,0.45982142857142855,0.0,1,1
7,1,0,-2.25,1.0,1.5707963267948966,3,0,0,1,0.0,0,0,0,1,9.513236186146589,6.992805480957031,1.2482013702392578,1.6120399236679077,0,0.0,1.2636055946350098,0.45218076037786004,0.2523747889156115,0,0
7,1,0,-2.25,1.0,1.5707963267948966,3,0,0,1,0.0,0,0,0,2,9.513236186146589,6.992805480957031,1.2482013702392578,1.6120399236679077,0,0.0,1.2636055946350098,0.45218076037786004,0.25237478891561166,0,0
7,1,10,-2.250591278076172,1.053576111793518,1.5873806476593018,3,0,0,1,0.0,0,0,0,0,8.95,7.414575576782227,1.3536438941955566,1.869964361190796,0,0.0,1.3426522016525269,0.483459009075112,0.008363217566113535,1,1
7,1,10,-2.250591278076172,1.053576111793518,1.5873806476593018,3,0,0,1,0.0,0,0,0,1,9.463793281809847,7.233602523803711,1.3084006309509277,1.5634506940841675,0,0.0,1.3220634460449219,0.47610559814381465,0.2745394324794993,0,0
7,1,10,-2.250591278076172,1.053576111793518,1.5873806476593018,3,0,0,1,0.0,0,0,0,2,9.463793281809847,7.244607925415039,1.3111519813537598,1.588507056236267,0,0.0,1.322458267211914,0.47624671710387195,0.2721000494104119,0,0
7,1,20,-2.2535202503204346,1.19688081741333,1.5909217596054077,3,0,0,1,0.0,0,0,0,0,8.799999999999999,7.577840805053711,1.3944602012634277,1.8698365688323975,0,0.0,1.373488426208496,0.49804351910991745,0.013399929919034225,1,1
7,1,20,-2.2535202503204346,1.19688081741333,1.5909217596054077,3,0,0,1,0.0,0,0,0,1,9.31551287810118,7.37835693359375,1.3445892333984375,1.5642735958099365,0,0.0,1.3519752025604248,0.4903602374777711,0.28567044395690555,0,0
7,1,20,-2.2535202503204346,1.19688081741333,1.5909217596054077,3,0,0,1,0.0,0,0,0,2,9.31551287810118,7.395809173583984,1.348952293395996,1.5893524885177612,0,0.0,1.3529138565063477,0.49069571133768225,0.2796028153236298,0,0
7,1,30,-2.256821393966675,1.4221271276474,1.5808827877044678,3,0,0,1,0.0,0,0,0,0,8.599999999999998,7.599733352661133,1.3999333381652832,1.8936327695846558,0,0.0,1.3749544620513916,0.4999807491653266,0.012869715217138302,1,1
7,1,30,-2.256821393966675,1.4221271276474,1.5808827877044678,3,0,0,1,0.0,0,0,0,1,9.117925063475388,7.38197135925293,1.3454928398132324,1.5399121046066284,0,0.0,1.3512688875198364,0.4915209016906922,0.2923729178732534,0,0
7,1,30,-2.256821393966675,1.4221271276474,1.5808827877044678,3,0,0,1,0.0,0,0,0,2,9.117925063475388,7.394426345825195,1.3486065864562988,1.5649731159210205,0,0.0,1.352482795715332,0.4919545989775849,0.28517651877089795,0,0
7,1,40,-2.258023977279663,1.656813144683838,1.5712413787841797,3,0,0,1,0.0,0,0,0,0,8.349999999999998,7.599851608276367,1.3999629020690918,1.8939846754074097,0,0.0,1.3749762773513794,0.49998938911991536,0.010106418022902875,1,1
7,1,40,-2.258023977279663,1.656813144683838,1.5712413787841797,3,0,0,1,0.0,0,0,0,1,8.871149842504158,7.396089553833008,1.349022388458252,1.5645508766174316,0,0.0,1.3523591756820679,0.49191179352082565,0.2864864262333747,0,0
7,1,40,-2.258023977279663,1.656813144683838,1.5712413787841797,3,0,0,1,0.0,0,0,0,2,8.871149842504158,7.400884628295898,1.3502211570739746,1.564829707145691,0,0.0,1.353437900543213,0.49229731119435954,0.2797031687667449,0,0
7,1,50,-2.2566754817962646,1.8915538787841797,1.5589298009872437,3,0,0,1,0.0,0,0,0,0,8.099999999999998,7.599756240844727,1.3999390602111816,1.8947120904922485,0,0.0,1.374991774559021,0.49999709188678076,0.006155571252438816,1,1
7,1,50,-2.2566754817962646,1.8915538787841797,1.5589298009872437,3,0,0,1,0.0,0,0,0,1,8.624633442061722,7.4041748046875,1.351043701171875,1.5894683599472046,0,0.0,1.3521665334701538,0.49184513896623067,0.27997174646081346,0,0
7,1,50,-2.2566754817962646,1.8915538787841797,1.5589298009872437,3,0,0,1,0.0,0,0,0,2,8.624633442061722,7.398502349853516,1.349625587463379,1.5646519660949707,0,0.0,1.3527090549468994,0.492038892723109,0.27636027662583507,0,0
7,1,60,-2.252779960632324,2.127171754837036,1.5526738166809082,3,0,0,1,0.0,0,0,0,0,7.849999999999999,7.599618911743164,1.399904727935791,1.869964838027954,0,0.0,1.3749839067459106,0.4999937647443273,0.007577653251200168,1,1
7,1,60,-2.252779960632324,2.127171754837036,1.5526738166809082,3,0,0,1,0.0,0,0,0,1,8.378408067339434,7.416875839233398,1.3542189598083496,1.5895167589187622,0,0.0,1.3534163236618042,0.49229092727763757,0.2772620625923106,0,0
7,1,60,-2.252779960632324,2.127171754837036,1.5526738166809082,3,0,0,1,0.0,0,0,0,2,8.378408067339434,7.404254913330078,1.3510637283325195,1.564469814300537,0,0.0,1.353300929069519,0.4922496851858541,0.2778326513917571,0,0
7,1,70,-2.2502496242523193,2.3610618114471436,1.5662494897842407,3,0,0,1,0.0,0,0,0,0,7.649999999999999,7.5999603271484375,1.3999900817871094,1.8948134183883667,0,0.0,1.3749942779541016,0.49999944095166116,0.002135397666068086,1,1
7,1,70,-2.2502496242523193,2.3610618114471436,1.5662494897842407,3,0,0,1,0.0,0,0,0,1,8.181662445769591,7.396583557128906,1.3491458892822266,1.5649062395095825,0,0.0,1.3527125120162964,0.4920403975743377,0.2790819274140451,0,0
7,1,70,-2.2502496242523193,2.3610618114471436,1.5662494897842407,3,0,0,1,0.0,0,0,0,2,8.181662445769591,7.392887115478516,1.348221778869629,1.5646579265594482,0,0.0,1.352623701095581,0.4920086078827032,0.27956771953973086,0,0
7,1,80,-2.2504231929779053,2.5954973697662354,1.5753666162490845,3,0,0,1,0.0,0,0,0,0,7.399999999999999,7.599964141845703,1.3999910354614258,1.806960940361023,0,0.0,1.3749942779541016,0.49999904666668943,0.002729718271079532,1,1
7,1,80,-2.2504231929779053,2.5954973697662354,1.5753666162490845,3,0,0,1,0.0,0,0,0,1,7.936060486759423,7.396100997924805,1.3490252494812012,1.5646964311599731,0,0.0,1.3520803451538086,0.4918142409661489,0.2776995919812251,0,0
7,1,80,-2.2504231929779053,2.5954973697662354,1.5753666162490845,3,0,0,1,0.0,0,0,0,2,7.936060486759423,7.400106430053711,1.3500266075134277,1.564711332321167,0,0.0,1.3522593975067139,0.49187829243309233,0.27667368331711467,0,0
7,1,90,-2.2515201568603516,2.8304474353790283,1.5764408111572266,3,0,0,1,0.0,0,0,0,0,7.169552570581435,7.599954605102539,1.3999886512756348,1.6627541780471802,0,0.0,1.3749945163726807,0.49999750102668855,0.0044665049083516,1,1
7,1,90,-2.2515201568603516,2.8304474353790283,1.5764408111572266,3,0,0,1,0.0,0,0,0,1,7.710033128467915,7.391895294189453,1.3479738235473633,1.5192970037460327,0,0.0,1.3516535758972168,0.4916616439340112,0.2808862275042548,0,0
7,1,90,-2.2515201568603516,2.8304474353790283,1.5764408111572266,3,0,0,1,0.0,0,0,0,2,7.710033128467915,7.397502899169922,1.3493757247924805,1.5647729635238647,0,0.0,1.3520070314407349,0.49178746766770337,0.27883767570301293,0,0
7,1,100,-2.2529046535491943,3.067462682723999,1.5750864744186401,3,0,0,1,0.0,0,0,0,0,6.932537323236464,7.599956512451172,1.399989128112793,1.495767593383789,0,0.0,1.374993085861206,0.4999964072061966,0.005524404620771491,1,1
7,1,100,-2.2529046535491943,3.067462682723999,1.5750864744186401,3,0,0,1,0.0,0,0,0,1,7.477981294017988,7.398792266845703,1.3496980667114258,1.4000707864761353,0,0.0,1.3531850576400757,0.49220828755761215,0.2805744166154905,0,0
7,1,100,-2.2529046535491943,3.067462682723999,1.5750864744186401,3,0,0,1,0.0,0,0,0,2,7.477981294017988,7.404062271118164,1.351015567779541,1.486973762512207,0,0.0,1.353667140007019,0.49238028095923425,0.27735442549429035,0,0
7,1,110,-2.252887010574341,3.3034231662750244,1.567352294921875,3,0,0,1,0.0,0,0,0,0,6.696576809883116,7.59998893737793,1.3999972343444824,1.2709085941314697,0,0.0,1.375002384185791,0.4999993320634695,0.0029037579661890167,1,1
7,1,110,-2.252887010574341,3.3034231662750244,1.567352294921875,3,0,0,1,0.0,0,0,0,1,7.24744268005454,7.401634216308594,1.3504085540771484,1.2336692810058594,0,0.0,1.3532918691635132,0.49224728608221185,0.2779432775590841,0,0
7,1,110,-2.252887010574341,3.3034231662750244,1.567352294921875,3,0,0,1,0.0,0,0,0,2,7.24744268005454,7.400365829467773,1.3500914573669434,1.2811915874481201,0,0.0,1.3535714149475098,0.49234676977895475,0.27594751118177385,0,0
7,1,120,-2.252397060394287,3.5389468669891357,1.5668989419937134,3,0,0,1,0.0,0,0,0,0,6.461053109169005,7.5999908447265625,1.3999977111816406,1.0211083889007568,0,0.0,1.3750038146972656,0.4999996027526176,0.00226520190618964,1,1
7,1,120,-2.252397060394287,3.5389468669891357,1.5668989419937134,3,0,0,1,0.0,0,0,0,1,7.017881238198193,7.401493072509766,1.3503732681274414,1.0367096662521362,0,0.0,1.353330135345459,0.49226068629510994,0.27730148305405616,0,0
7,1,120,-2.252397060394287,3.5389468669891357,1.5668989419937134,3,0,0,1,0.0,0,0,0,2,7.017881238198193,7.399539947509766,1.3498849868774414,1.0689458847045898,0,0.0,1.35353422164917,0.4923337896307646,0.27580255157790223,0,0
7,1,130,-2.2494325637817383,3.7734434604644775,1.5489957332611084,3,0,0,1,0.0,0,0,0,0,6.226556515693663,7.195563316345215,1.3998527526855469,0.7980761528015137,0,0.0,1.3749572038650513,0.4999828785597486,0.011521628816760705,1,1
7,1,130,-2.2494325637817383,3.7734434604644775,1.5489957332611084,3,0,0,1,0.0,0,0,0,1,6.726740483172248,7.119180202484131,1.3660283088684082,0.827533483505249,0,0.0,1.3551806211471558,0.49291997808938365,0.25007832987701584,0,0
7,1,130,-2.2494325637817383,3.7734434604644775,1.5489957332611084,3,0,0,1,0.0,0,0,0,2,6.7899535148310814,7.092828750610352,1.3474903106689453,0.8514338135719299,0,0.0,1.3530824184417725,0.49216974104827926,0.2866668968430413,0,0
7,1,140,-2.241899013519287,4.008302211761475,1.535256028175354,3,0,2,0,0.15006589889526367,0,0,0,0,6.034510950273619,6.6966142654418945,1.399543285369873,0.549220621585846,0,0.0,1.374801516532898,0.4999153709244536,0.025803432032775065,1,0
7,1,140,-2.241899013519287,4.008302211761475,1.535256028175354,3,0,2,0,0.15006589889526367,0,0,0,1,6.630397960661096,6.716091156005859,1.3332104682922363,0.6916245222091675,0,0.0,1.351788878440857,0.491696368126378,0.314612177668908,0,0
7,1,140,-2.241899013519287,4.008302211761475,1.535256028175354,3,0,2,0,0.15006589889526367,0,0,0,2,6.876278955352532,6.846680164337158,1.2693839073181152,0.8845722079277039,0,0.0,1.3547561168670654,0.49274876467602596,0.2913519257658697,0,1
7,1,150,-2.2342395782470703,4.242987632751465,1.5427193641662598,3,0,2,0,0.17867612838745117,0,0,0,0,5.822493900849628,6.251189231872559,1.3995633125305176,0.3264681100845337,0,0.0,1.374733805656433,0.49988401462041626,0.03092330684481632,1,0
7,1,150,-2.2342395782470703,4.242987632751465,1.5427193641662598,3,0,2,0,0.17867612838745117,0,0,0,1,6.370368849353351,6.13541316986084,1.346879482269287,0.37394770979881287,0,0.0,1.3529443740844727,0.4921019302278768,0.29622331078005193,0,0
7,1,150,-2.2342395782470703,4.242987632751465,1.5427193641662598,3,0,2,0,0.17867612838745117,0,0,0,2,6.438715451537377,6.42986536026001,1.3207759857177734,0.573380708694458,0,0.0,1.3510080575942993,0.49141124535544645,0.3267195001795774,0,1
7,1,160,-2.2294132709503174,4.4785261154174805,1.5506733655929565,3,0,1,0,0.4257240295410156,0,0,0,0,5.587207883561421,5.758893966674805,1.3818840980529785,0.11567884683609009,0,0.0,1.3570078611373901,0.49355113717430565,0.033723883029444686,1,0
7,1,160,-2.2294132709503174,4.4785261154174805,1.5506733655929565,3,0,1,0,0.4257240295410156,0,0,0,1,6.214737994148562,6.18461799621582,1.3210692405700684,0.4501703977584839,0,0.0,1.3505362272262573,0.4912404389466035,0.3294353389061969,0,1
7,1,160,-2.2294132709503174,4.4785261154174805,1.5506733655929565,3,0,1,0,0.4257240295410156,0,0,0,2,6.286213708836183,5.5352044105529785,1.312410831451416,0.14278049767017365,0,0.0,1.354331374168396,0.49259471440297226,0.305290981533476,0,0
7,1,170,-2.2223260402679443,4.712478160858154,1.5384260416030884,3,0,1,0,0.6308450698852539,0,0,0,0,5.332836740140527,5.300114154815674,1.3062682151794434,0.03752053529024124,0,0.0,1.2821624279022217,0.46684166481402617,0.0390324872818865,1,0
7,1,170,-2.2223260402679443,4.712478160858154,1.5384260416030884,3,0,1,0,0.6308450698852539,0,0,0,1,5.976031364034405,5.930959224700928,1.332254409790039,0.3009708523750305,0,0.0,1.3544416427612305,0.4926557107552571,0.28823185199988605,0,1
7,1,170,-2.2223260402679443,4.712478160858154,1.5384260416030884,3,0,1,0,0.6308450698852539,0,0,0,2,6.162288133497239,-15.045869827270508,1.2497267723083496,-0.022388724610209465,1,0.0,1.306074857711792,0.47538146740687276,0.32277781184106696,0,0
7,1,180,-2.2115602493286133,4.944672107696533,1.5064250230789185,3,0,1,0,0.6670193672180176,0,0,0,0,5.100982734004022,4.802658557891846,1.172861099243164,0.05560704320669174,0,0.0,1.1499401330947876,0.41961536996230564,0.06238192485379213,1,0
7,1,180,-2.2115602493286133,4.944672107696533,1.5064250230789185,3,0,1,0,0.6670193672180176,0,0,0,1,5.75887954358248,5.469677925109863,1.2635376453399658,0.20776376128196716,0,0.0,1.2841646671295166,0.4675532018590455,0.30318541049907083,0,1
7,1,180,-2.2115602493286133,4.944672107696533,1.5064250230789185,3,0,1,0,0.6670193672180176,0,0,0,2,6.026324579314649,-15.646978378295898,1.1244866847991943,-0.07246248424053192,1,0.0,1.211162805557251,0.4404076373085501,0.37801471655227636,0,0
7,1,190,-2.1916005611419678,5.17689323425293,1.4655510187149048,3,0,1,0,0.32567262649536133,0,0,0,0,4.869166577709317,4.254138469696045,1.0215590000152588,0.08395114541053772,0,0.0,1.0011671781539917,0.36641714519459995,0.13075982713523587,1,0
7,1,190,-2.1916005611419678,5.17689323425293,1.4655510187149048,3,0,1,0,0.32567262649536133,0,0,0,1,5.543906899991272,4.579811096191406,1.076951265335083,0.13600291311740875,0,0.0,1.0852251052856445,0.39643771808423606,0.31840331150538653,0,1
7,1,190,-2.1916005611419678,5.17689323425293,1.4655510187149048,3,0,1,0,0.32567262649536133,0,0,0,2,5.869332377062323,-16.478342056274414,0.9199206829071045,-0.07901269197463989,1,0.0,1.0939651727676392,0.39801155697455287,0.6870995759858726,0,0
7,1,200,-2.1581883430480957,5.403641700744629,1.387220859527588,3,0,1,0,0.06222724914550781,0,0,0,0,4.622304124420202,3.8673815727233887,0.8997008800506592,0.13428904116153717,0,0.0,0.8846189379692078,0.3247462585898309,0.13463923553519086,1,0
7,1,200,-2.1581883430480957,5.403641700744629,1.387220859527588,3,0,1,0,0.06222724914550781,0,0,0,1,5.315893108587018,3.9296088218688965,0.9124038219451904,0.13999678194522858,0,0.0,0.911028265953064,0.334177709468554,0.2909264524347498,0,1
7,1,200,-2.1581883430480957,5.403641700744629,1.387220859527588,3,0,1,0,0.06222724914550781,0,0,0,2,5.81724070902051,-17.86054039001465,0.621671199798584,-0.06647001206874847,1,0.1071428582072258,0.9211191534996033,0.33629539174047735,0.9179054169514964,0,0
7,1,210,-2.108006715774536,5.629148006439209,1.3300979137420654,3,0,0,1,0.0,0,0,0,0,4.376699963030028,3.565152645111084,0.7913682460784912,0.1998397707939148,0,0.0,0.7800595760345459,0.28730459334711894,0.11888243539600671,1,1
7,1,210,-2.108006715774536,5.629148006439209,1.3300979137420654,3,0,0,1,0.0,0,0,0,1,5.092167102477705,3.5620532035827637,0.7905933856964111,0.1998397707939148,0,0.0,0.7840179800987244,0.2887184651356189,0.22862125972902722,0,0
7,1,210,-2.108006715774536,5.629148006439209,1.3300979137420654,3,0,0,1,0.0,0,0,0,2,5.7907467000756245,-18.529186248779297,0.4781169891357422,-0.11368481814861298,1,0.1071428582072258,0.8232372403144836,0.3014028749739533,0.9519460112643883,0,0
7,1,220,-2.048210382461548,5.851454257965088,1.2913141250610352,3,0,0,1,0.0,0,0,0,0,4.18755602984863,3.456932783126831,0.7438764572143555,0.24071352183818817,0,0.0,0.7361239194869995,0.2714722647106428,0.13982253982854137,1,1
7,1,220,-2.048210382461548,5.851454257965088,1.2913141250610352,3,0,0,1,0.0,0,0,0,1,4.637634012813232,3.456932783126831,0.7438764572143555,0.24071352183818817,0,0.0,0.7361239194869995,0.2714722647106428,0.13982253982854137,0,0
7,1,220,-2.048210382461548,5.851454257965088,1.2913141250610352,3,0,0,1,0.0,0,0,0,2,4.966859563165116,3.375882148742676,0.7373301982879639,0.21328066289424896,0,0.0,0.7335832118988037,0.27056519880826574,0.24340321126660053,0,0
7,1,230,-1.9813166856765747,6.070949077606201,1.264225959777832,3,0,0,1,0.0,0,0,0,0,3.9798799572720984,3.7884421348571777,0.8059408664703369,0.28233927488327026,0,0.0,0.8052749037742615,0.29494903191012767,0.16512581414904925,1,1
7,1,230,-1.9813166856765747,6.070949077606201,1.264225959777832,3,0,0,1,0.0,0,0,0,1,4.523281927557267,3.741544485092163,0.7946178913116455,0.28153643012046814,0,0.0,0.7905912399291992,0.2897048444777029,0.2472853851458912,0,0
7,1,230,-1.9813166856765747,6.070949077606201,1.264225959777832,3,0,0,1,0.0,0,0,0,2,4.810149269623291,3.6286392211914062,0.7991774082183838,0.21596473455429077,0,0.0,0.8055092096328735,0.2950331150315672,0.2803947456682478,0,0
7,1,240,-1.9103449583053589,6.292243480682373,1.2601197957992554,3,0,0,1,0.0,0,0,0,0,3.7555465145999256,5.195742607116699,1.1412484645843506,0.3153744339942932,0,0.0,1.1644030809402466,0.42341405745270955,0.1451028446650527,1,1
7,1,240,-1.9103449583053589,6.292243480682373,1.2601197957992554,3,0,0,1,0.0,0,0,0,1,4.480653915820889,4.378347396850586,0.9368996620178223,0.3153744339942932,0,0.0,0.9359822273254395,0.34183539243374195,0.38267469744868915,0,0
7,1,240,-1.9103449583053589,6.292243480682373,1.2601197957992554,3,0,0,1,0.0,0,0,0,2,4.654753034090929,5.0067596435546875,1.0940027236938477,0.3153744339942932,0,0.0,1.1465059518814087,0.4170221174566926,0.3473230334101851,0,0
7,1,250,-1.8409278392791748,6.512658596038818,1.2730064392089844,3,0,0,1,0.0,0,0,0,0,3.6168236293152063,5.764448165893555,1.2823870182037354,0.3174501657485962,0,0.0,1.3290187120437622,0.48205451458544557,0.15062227592838515,1,1
7,1,250,-1.8409278392791748,6.512658596038818,1.2730064392089844,3,0,0,1,0.0,0,0,0,1,4.271634721860009,5.644550323486328,1.2524125576019287,0.3174501657485962,0,0.0,1.3134827613830566,0.4765061211362447,0.29676739394810125,0,0
7,1,250,-1.8409278392791748,6.512658596038818,1.2730064392089844,3,0,0,1,0.0,0,0,0,2,4.478900784684857,4.023776054382324,0.84562087059021,0.32064616680145264,0,0.0,0.8482173681259155,0.31033912141818515,0.41951237810032005,0,0
7,1,260,-1.775697112083435,6.733553886413574,1.2894163131713867,3,0,0,1,0.0,0,0,0,0,3.5031518713623653,5.794867992401123,1.2858290672302246,0.32577580213546753,0,0.0,1.3496850728988647,0.4904784516391502,0.1469376698157098,1,1
7,1,260,-1.775697112083435,6.733553886413574,1.2894163131713867,3,0,0,1,0.0,0,0,0,1,4.27537496327396,5.624265193939209,1.243178367614746,0.32577580213546753,0,0.0,1.3468730449676514,0.48947383693932167,0.350071177826982,0,0
7,1,260,-1.775697112083435,6.733553886413574,1.2894163131713867,3,0,0,1,0.0,0,0,0,2,4.404020240864058,4.142002582550049,0.8702287673950195,0.33054372668266296,0,0.0,0.8882383108139038,0.32472153745681587,0.49438387334971473,0,0
7,1,270,-1.7126973867416382,6.954226970672607,1.2968865633010864,3,0,0,1,0.0,0,0,0,0,3.44660553885429,5.736502170562744,1.2455744743347168,0.3771021068096161,0,0.0,1.328094482421875,0.4829148713800482,0.1420571995645983,1,1
7,1,270,-1.7126973867416382,6.954226970672607,1.2968865633010864,3,0,0,1,0.0,0,0,0,1,4.399514731172315,3.314379930496216,0.6468453407287598,0.38135653734207153,0,0.01785714365541935,0.7420576810836792,0.27227518484726837,0.8384557770760461,0,0
7,1,270,-1.7126973867416382,6.954226970672607,1.2968865633010864,3,0,0,1,0.0,0,0,0,2,5.147159153670652,2.86847186088562,0.5847058296203613,0.3183957040309906,0,0.0535714291036129,0.7026728391647339,0.25820875157516743,0.8598014830559875,0,0
7,1,280,-1.6520206928253174,7.174509525299072,1.3045653104782104,3,0,0,1,0.0,0,0,0,0,3.3226641274107385,5.6203999519348145,1.2235608100891113,0.36307841539382935,0,0.0,1.3350393772125244,0.4854133333907339,0.1389806698770571,1,1
7,1,280,-1.6520206928253174,7.174509525299072,1.3045653104782104,3,0,0,1,0.0,0,0,0,1,4.37358173149344,2.565763473510742,0.5623378753662109,0.24749168753623962,0,0.0892857164144516,0.7627981305122375,0.2797647790232276,0.9732302766748983,0,0
7,1,280,-1.6520206928253174,7.174509525299072,1.3045653104782104,3,0,0,1,0.0,0,0,0,2,5.071769766850586,2.484978437423706,0.5468587875366211,0.23805734515190125,0,0.0892857164144516,0.7597328424453735,0.27866971871262175,0.9192064088294156,0,0
48,0,0,-2.25,1.0,1.5707963267948966,3,0,0,1,0.0,0,0,0,0,9.0,7.150001525878906,1.2875003814697266,1.8949999809265137,0,0.0,1.2850003242492676,0.45982142857142855,0.0,1,1
48,0,0,-2.25,1.0,1.5707963267948966,3,0,0,1,0.0,0,0,0,1,9.513236186146589,6.992805480957031,1.2482013702392578,1.6120399236679077,0,0.0,1.2636055946350098,0.45218076037786004,0.2523747889156115,0,0
48,0,0,-2.25,1.0,1.5707963267948966,3,0,0,1,0.0,0,0,0,2,9.513236186146589,6.992805480957031,1.2482013702392578,1.6120399236679077,0,0.0,1.2636055946350098,0.45218076037786004,0.25237478891561166,0,0
48,0,10,-2.24971604347229,1.0588933229446411,1.5600006580352783,3,0,0,1,0.0,0,0,0,0,8.95,7.434638977050781,1.3586597442626953,1.8946539163589478,0,0.0,1.3468140363693237,0.48524157470932977,0.005436673157160462,1,1
48,0,10,-2.24971604347229,1.0588933229446411,1.5600006580352783,3,0,0,1,0.0,0,0,0,1,9.463793281809847,7.256681442260742,1.3141703605651855,1.5893465280532837,0,0.0,1.3259907960891724,0.47780505995307937,0.2720963136529696,0,0
48,0,10,-2.24971604347229,1.0588933229446411,1.5600006580352783,3,0,0,1,0.0,0,0,0,2,9.463793281809847,7.249261856079102,1.3123154640197754,1.5643153190612793,0,0.0,1.325730562210083,0.4777120918342269,0.27367086333589363,0,0
48,0,20,-2.247821569442749,1.2029353380203247,1.558211326599121,3,0,0,1,0.0,0,0,0,0,8.799999999999999,7.576711654663086,1.3941779136657715,1.894214391708374,0,0.0,1.3733423948287964,0.4979296904460166,0.008401859385953914,1,1
48,0,20,-2.247821569442749,1.2029353380203247,1.558211326599121,3,0,0,1,0.0,0,0,0,1,9.31551287810118,7.387989044189453,1.3469972610473633,1.589424967765808,0,0.0,1.3522498607635498,0.49039635911702245,0.27874173604351304,0,0
48,0,20,-2.247821569442749,1.2029353380203247,1.558211326599121,3,0,0,1,0.0,0,0,0,2,9.31551287810118,7.376941680908203,1.3442354202270508,1.5643774271011353,0,0.0,1.351653814315796,0.4901838182900988,0.28255246952990365,0,0
48,0,30,-2.2460148334503174,1.4257149696350098,1.5659418106079102,3,0,0,1,0.0,0,0,0,0,8.549999999999999,7.599924087524414,1.3999810218811035,1.7956373691558838,0,0.0,1.374985933303833,0.4999946812268128,0.006739646071945936,1,1
48,0,30,-2.2460148334503174,1.4257149696350098,1.5659418106079102,3,0,0,1,0.0,0,0,0,1,9.0685506996768,7.414669036865234,1.3536672592163086,1.5884424448013306,0,0.0,1.3535778522491455,0.4923481472010939,0.2737558781658495,0,0
48,0,30,-2.2460148334503174,1.4257149696350098,1.5659418106079102,3,0,0,1,0.0,0,0,0,2,9.0685506996768,7.409019470214844,1.352254867553711,1.5644583702087402,0,0.0,1.3529798984527588,0.49213458861251513,0.27753477698855045,0,0
48,0,40,-2.246206521987915,1.6611300706863403,1.5760709047317505,3,0,0,1,0.0,0,0,0,0,8.349999999999998,7.599939346313477,1.3999848365783691,1.5707424879074097,0,0.0,1.3749971389770508,0.49999904259266076,0.0034517630342812936,1,1
48,0,40,-2.246206521987915,1.6611300706863403,1.5760709047317505,3,0,0,1,0.0,0,0,0,1,8.871149842504158,7.3942108154296875,1.3485527038574219,1.5243194103240967,0,0.0,1.3528443574905396,0.49208724809087734,0.2781259059307222,0,0
48,0,40,-2.246206521987915,1.6611300706863403,1.5760709047317505,3,0,0,1,0.0,0,0,0,2,8.871149842504158,7.396732330322266,1.3491830825805664,1.53800630569458,0,0.0,1.3524810075759888,0.49195727700191627,0.2808163787840075,0,0
48,0,50,-2.2478456497192383,1.8969690799713135,1.5802242755889893,3,0,0,1,0.0,0,0,0,0,8.099999999999998,7.5998992919921875,1.3999748229980469,1.3208627700805664,0,0.0,1.3749980926513672,0.49999865419197687,0.0038057403828311576,1,1
48,0,50,-2.2478456497192383,1.8969690799713135,1.5802242755889893,3,0,0,1,0.0,0,0,0,1,8.624633442061722,7.394758224487305,1.3486895561218262,1.2757987976074219,0,0.0,1.3520660400390625,0.49180957016261584,0.2786797983057415,0,0
48,0,50,-2.2478456497192383,1.8969690799713135,1.5802242755889893,3,0,0,1,0.0,0,0,0,2,8.624633442061722,7.401256561279297,1.3503141403198242,1.2919589281082153,0,0.0,1.352059006690979,0.4918069632545116,0.27886968767341874,0,0
48,0,60,-2.2507259845733643,2.1318788528442383,1.5814372301101685,3,0,0,1,0.0,0,0,0,0,7.849999999999999,7.599863052368164,1.399965763092041,1.0960196256637573,0,0.0,1.3749890327453613,0.4999953079443525,0.005983378394085799,1,1
48,0,60,-2.2507259845733643,2.1318788528442383,1.5814372301101685,3,0,0,1,0.0,0,0,0,1,8.378408067339434,7.403467178344727,1.3508667945861816,1.052793264389038,0,0.0,1.3528680801391602,0.49209508603542557,0.27828630818459066,0,0
48,0,60,-2.2507259845733643,2.1318788528442383,1.5814372301101685,3,0,0,1,0.0,0,0,0,2,8.378408067339434,7.412214279174805,1.3530535697937012,1.0664494037628174,0,0.0,1.3532321453094482,0.4922248629710149,0.2761406512135717,0,0
48,0,70,-2.250588893890381,2.36678147315979,1.5586286783218384,3,0,0,1,0.0,0,0,0,0,7.692373650821597,7.2924089431762695,1.3999552726745605,0.8462939262390137,0,0.0,1.3749876022338867,0.4999958852089352,0.005782880947891631,1,1
48,0,70,-2.250588893890381,2.36678147315979,1.5586286783218384,3,0,0,1,0.0,0,0,0,1,8.21171865670873,7.0385236740112305,1.3455724716186523,0.8281170129776001,0,0.0,1.3536953926086426,0.49239076770621776,0.28778669484274527,0,0
48,0,70,-2.250588893890381,2.36678147315979,1.5586286783218384,3,0,0,1,0.0,0,0,0,2,8.242193322779407,7.104693412780762,1.3355555534362793,0.8812355399131775,0,0.0,1.3518916368484497,0.4917464340273491,0.2954324839598747,0,0
48,0,80,-2.244947910308838,2.603248357772827,1.535469651222229,3,0,0,1,0.0,0,0,0,0,7.509737722676113,6.8458380699157715,1.3995671272277832,0.6237848401069641,0,0.0,1.3748195171356201,0.4999246180215597,0.02301614355109229,1,1
48,0,80,-2.244947910308838,2.603248357772827,1.535469651222229,3,0,0,1,0.0,0,0,0,1,7.877194079013302,6.639682769775391,1.3609423637390137,0.5979567766189575,0,0.0,1.3538458347320557,0.4924340170455796,0.26532416603946435,0,0
48,0,80,-2.244947910308838,2.603248357772827,1.535469651222229,3,0,0,1,0.0,0,0,0,2,7.936060486759423,6.6018571853637695,1.353546142578125,0.5938363671302795,0,0.0,1.3537966012954712,0.4924162856300644,0.28839875270175835,0,0
48,0,90,-2.2350308895111084,2.8381574153900146,1.5346946716308594,3,0,2,0,0.07615184783935547,0,0,0,0,7.556041611197484,6.324740409851074,1.376875400543213,0.40861934423446655,0,0.0,1.357120394706726,0.4935902003990691,0.21986342247465357,1,0
48,0,90,-2.2350308895111084,2.8381574153900146,1.5346946716308594,3,0,2,0,0.07615184783935547,0,0,0,1,7.702477650740862,6.263004779815674,1.343367099761963,0.4447682201862335,0,0.0,1.3500831127166748,0.49107696703244624,0.31067616245221874,0,0
48,0,90,-2.2350308895111084,2.8381574153900146,1.5346946716308594,3,0,2,0,0.07615184783935547,0,0,0,2,7.923137713884122,6.40089225769043,1.2818903923034668,0.636665403842926,0,0.0,1.3504061698913574,0.49119247968281854,0.3194264956171687,0,1
48,0,100,-2.227147102355957,3.074099063873291,1.521278977394104,3,0,1,0,0.2566561698913574,0,0,0,0,7.3818980211328356,5.773608207702637,1.3510966300964355,0.18461087346076965,0,0.0,1.34542977809906,0.48938901547700386,0.2974771321687865,1,0
48,0,100,-2.227147102355957,3.074099063873291,1.521278977394104,3,0,1,0,0.2566561698913574,0,0,0,1,7.565609799571668,6.030264377593994,1.3089027404785156,0.3973267078399658,0,0.0,1.346864938735962,0.48990142135777603,0.35623637626816546,0,1
48,0,100,-2.227147102355957,3.074099063873291,1.521278977394104,3,0,1,0,0.2566561698913574,0,0,0,2,7.797155713792401,5.928038597106934,1.2554960250854492,0.4530273377895355,0,0.0,1.3548475503921509,0.492677842600306,0.2892811466119209,0,0
48,0,110,-2.1994516849517822,3.3044111728668213,1.373793601989746,2,0,1,0,0.23234128952026367,0,0,0,0,7.1754681556047775,5.268318176269531,1.277287483215332,0.07958412170410156,0,0.0,1.2830638885498047,0.4669902338158008,0.4131969810871276,1,0
48,0,110,-2.1994516849517822,3.3044111728668213,1.373793601989746,2,0,1,0,0.23234128952026367,0,0,0,1,7.388195093882964,5.500659465789795,1.2501306533813477,0.2500685155391693,0,0.0,1.3424217700958252,0.48818985007941645,0.3638111076032847,0,1
48,0,120,-2.1328847408294678,3.5246047973632812,1.2021145820617676,2,0,1,0,19.895016193389893,1,0,1,0,6.980198780296288,-15.348631858825684,1.1651825904846191,-0.004681221209466457,1,0.0,1.1891423463821411,0.4328766604809974,0.48960018815069334,1,0
48,0,120,-2.1328847408294678,3.5246047973632812,1.2021145820617676,2,0,1,0,19.895016193389893,1,0,1,1,7.190234689675616,4.546384334564209,1.1215825080871582,0.030027106404304504,0,0.0,1.300431489944458,0.4730044543708895,0.254936552607836,0,1
48,0,130,-2.0331881046295166,3.7273881435394287,1.039069414138794,2,0,0,1,0.0,0,0,0,0,6.822007769413853,3.9787485599517822,0.9890246391296387,0.011325046420097351,0,0.0,1.033839225769043,0.37662168872330387,0.6228350608011309,1,1
48,0,130,-2.0331881046295166,3.7273881435394287,1.039069414138794,2,0,0,1,0.0,0,0,0,1,6.957161579586805,-16.264055252075195,0.9439244270324707,-0.01987656205892563,1,0.0,1.1885651350021362,0.4330218521878769,0.18937411830951056,0,0
48,0,140,-1.8995212316513062,3.9160187244415283,0.891096830368042,3,0,0,1,0.0,0,0,0,0,6.718094700722066,3.2134218215942383,0.7622537612915039,0.08220340311527252,0,0.0,1.0565344095230103,0.38592470276311597,0.15997101223346902,1,1
48,0,140,-1.8995212316513062,3.9160187244415283,0.891096830368042,3,0,0,1,0.0,0,0,0,1,6.812422997208813,2.672905683517456,0.7343120574951172,0.010685939341783524,0,0.1428571492433548,0.8758949637413025,0.32018428809981364,0.9987707140637548,0,0
48,0,140,-1.8995212316513062,3.9160187244415283,0.891096830368042,3,0,0,1,0.0,0,0,0,2,9.534306712905114,1.890726089477539,0.508939266204834,0.14177027344703674,0,0.2142857164144516,0.8177915811538696,0.2994327002023098,0.927458105656987,0,0
48,0,150,-1.74777090549469,4.084655284881592,0.8051533102989197,3,0,0,1,0.0,0,0,0,0,6.4999672356129,2.6901302337646484,0.6151175498962402,0.11483003944158554,0,0.0,0.8989778757095337,0.32941756420313434,0.1704096798078303,1,1
48,0,150,-1.74777090549469,4.084655284881592,0.8051533102989197,3,0,0,1,0.0,0,0,0,1,6.880534526243938,1.9215023517608643,0.5860390663146973,0.002958793193101883,0,0.2142857164144516,0.8128665685653687,0.29742780275494063,1.108668847420066,0,0
48,0,150,-1.74777090549469,4.084655284881592,0.8051533102989197,3,0,0,1,0.0,0,0,0,2,7.9746779477794485,-18.330583572387695,0.5536274909973145,-0.058261044323444366,1,0.2142857164144516,0.8417447805404663,0.30774106841631327,0.9432775366186393,0,0
48,0,160,-1.5844511985778809,4.249931335449219,0.7872193455696106,3,0,0,1,0.0,0,0,0,0,6.26301604068434,2.28403902053833,0.5062541961669922,0.1295110583305359,0,0.0,0.7500542402267456,0.2761723638754347,0.16122112340433944,1,1
48,0,160,-1.5844511985778809,4.249931335449219,0.7872193455696106,3,0,0,1,0.0,0,0,0,1,6.977059256316517,-18.012086868286133,0.6009607315063477,-0.04725086688995361,1,0.1607142835855484,0.870514988899231,0.3181177449015629,1.0149520753247465,0,0
48,0,160,-1.5844511985778809,4.249931335449219,0.7872193455696106,3,0,0,1,0.0,0,0,0,2,7.941056692978249,-18.023601531982422,0.601320743560791,-0.05372774973511696,1,0.1607142835855484,0.8797710537910461,0.32142343354326275,0.9593311200841911,0,0
48,0,170,-1.4220424890518188,4.416355133056641,0.8099037408828735,3,0,2,0,0.022914886474609375,1,1,0,0,7.045478692387199,-18.284883499145508,0.5432028770446777,-0.05027554929256439,1,0.1785714328289032,0.7951033711433411,0.29081556284264776,0.9421845226655171,1,0
48,0,170,-1.4220424890518188,4.416355133056641,0.8099037408828735,3,0,2,0,0.022914886474609375,1,1,0,1,8.000118145308182,-18.284883499145508,0.5432028770446777,-0.05027554929256439,1,0.1785714328289032,0.7951033711433411,0.29081556284264776,0.9421845226655171,0,0
48,0,170,-1.4220424890518188,4.416355133056641,0.8099037408828735,3,0,2,0,0.022914886474609375,1,1,0,2,9.311230849115002,-18.2619686126709,0.5408563613891602,-0.03412532061338425,1,0.1785714328289032,0.7948443293571472,0.29072301869274886,0.9432112604785753,0,1
48,0,180,-1.3488234281539917,4.503813743591309,1.0563277006149292,3,0,0,1,0.0,1,1,0,0,7.091294218258113,-18.299457550048828,0.5345568656921387,-0.07598499953746796,1,0.1428571492433548,0.817348062992096,0.2921910950718009,0.8295195846045809,1,1
48,0,180,-1.3488234281539917,4.503813743591309,1.0563277006149292,3,0,0,1,0.0,1,1,0,1,8.379576185611539,-18.299457550048828,0.5345568656921387,-0.07598499953746796,1,0.1428571492433548,0.817348062992096,0.2921910950718009,0.8295195846045809,0,0
48,0,180,-1.3488234281539917,4.503813743591309,1.0563277006149292,3,0,0,1,0.0,1,1,0,2,8.991259195162112,-18.299457550048828,0.5345568656921387,-0.07598499953746796,1,0.1428571492433548,0.817348062992096,0.2921910950718009,0.8295195846045809,0,0
48,0,190,-1.3455997705459595,4.519108772277832,1.642467737197876,3,0,0,1,0.0,1,1,0,0,7.104014674468563,-18.108797073364258,0.5054483413696289,-0.047437332570552826,1,0.01785714365541935,0.9123478531837463,0.3263692588208569,0.629553766146063,1,1
48,0,190,-1.3455997705459595,4.519108772277832,1.642467737197876,3,0,0,1,0.0,1,1,0,1,8.363957151622097,-18.108797073364258,0.5054483413696289,-0.047437332570552826,1,0.01785714365541935,0.9123478531837463,0.3263692588208569,0.629553766146063,0,0
48,0,190,-1.3455997705459595,4.519108772277832,1.642467737197876,3,0,0,1,0.0,1,1,0,2,8.975635802053468,-18.111806869506836,0.5025486946105957,-0.043143607676029205,1,0.01785714365541935,0.911647379398346,0.32611911982706243,0.6439697645606411,0,0
48,0,200,-1.3563945293426514,4.5413665771484375,2.244126558303833,3,0,2,0,0.04445075988769531,1,1,0,0,7.0842654267545555,-18.609806060791016,0.3807997703552246,-0.06650278717279434,1,0.0,0.9380340576171875,0.33740471599859145,0.3927920682796798,1,0
48,0,200,-1.3563945293426514,4.5413665771484375,2.244126558303833,3,0,2,0,0.04445075988769531,1,1,0,1,8.345037065586396,-18.609806060791016,0.3807997703552246,-0.06650278717279434,1,0.0,0.9380340576171875,0.33740471599859145,0.3927920682796798,0,0
48,0,200,-1.3563945293426514,4.5413665771484375,2.244126558303833,3,0,2,0,0.04445075988769531,1,1,0,2,8.955632337785687,-18.56535530090332,0.3728785514831543,-0.028435129672288895,1,0.0,0.9375175833702087,0.33722016576426855,0.440101546525379,0,1
48,0,210,-1.4079768657684326,4.576289653778076,2.716416597366333,3,0,0,1,0.0,1,1,0,0,7.03060664853748,-19.167768478393555,0.2173614501953125,-0.01860715262591839,1,0.0,0.9025344252586365,0.3262112559145652,0.18837298138638534,1,1
48,0,210,-1.4079768657684326,4.576289653778076,2.716416597366333,3,0,0,1,0.0,1,1,0,1,8.324241818583577,-19.167768478393555,0.2173614501953125,-0.01860715262591839,1,0.0,0.9025344252586365,0.3262112559145652,0.18837298138638534,0,0
48,0,210,-1.4079768657684326,4.576289653778076,2.716416597366333,3,0,0,1,0.0,1,1,0,2,8.930674150395097,-19.20362091064453,0.20985794067382812,-0.02152670919895172,1,0.0,0.9014923572540283,0.32583911898972684,0.24492679841053586,0,0
48,0,220,-1.5415382385253906,4.605804443359375,3.038313150405884,3,0,0,1,0.0,0,0,0,0,6.851452846360145,0.5298283100128174,0.08052301406860352,0.10386813431978226,0,0.0,0.8227946758270264,0.29988849909704246,0.043309981380853145,1,1
48,0,220,-1.5415382385253906,4.605804443359375,3.038313150405884,3,0,0,1,0.0,0,0,0,1,7.9455315346551005,0.5296585559844971,0.08048057556152344,0.10386813431978226,0,0.0,0.8228562474250793,0.29991046217035666,0.04064959762519476,0,0
48,0,220,-1.5415382385253906,4.605804443359375,3.038313150405884,3,0,0,1,0.0,0,0,0,2,8.918975289154538,0.5294773578643799,0.08043527603149414,0.10386813431978226,0,0.0,0.8227972984313965,0.2998894494080076,0.043244906177643525,0,0
48,0,230,-1.742079257965088,4.603930473327637,3.2262964248657227,3,0,0,1,0.0,0,0,0,0,6.657772130238181,0.31007057428359985,-0.007210731506347656,0.16945675015449524,0,0.0,0.7196147441864014,0.2642117503742955,0.10609969414887001,1,1
48,0,230,-1.742079257965088,4.603930473327637,3.2262964248657227,3,0,0,1,0.0,0,0,0,1,8.536508323775996,0.30446046590805054,-0.011864662170410156,0.17595955729484558,0,0.0,0.7199660539627075,0.264337350042483,0.07405035578755004,0,0
48,0,230,-1.742079257965088,4.603930473327637,3.2262964248657227,3,0,0,1,0.0,0,0,0,2,9.190310649701022,0.176480233669281,-0.042059898376464844,0.1723599135875702,0,0.0,0.7379834651947021,0.2707720592941114,0.2023835808228728,0,0
48,0,240,-1.9671036005020142,4.571752071380615,3.319236993789673,3,0,1,0,2.6779929995536804,0,0,0,0,6.3969243231526915,-2.391972780227661,-0.5004973411560059,0.05500829219818115,0,0.25,0.7104545831680298,0.2610280973339739,1.2562925436295187,1,0
48,0,240,-1.9671036005020142,4.571752071380615,3.319236993789673,3,0,1,0,2.6779929995536804,0,0,0,1,6.514994950156557,0.2860202193260193,-0.03262615203857422,0.20826241374015808,0,0.0,0.6656316518783569,0.2450201009433673,0.20340255352423492,0,1
48,0,240,-1.9671036005020142,4.571752071380615,3.319236993789673,3,0,1,0,2.6779929995536804,0,0,0,2,9.057468890728838,0.20813429355621338,-0.062082767486572266,0.22823268175125122,0,0.0,0.6843327283859253,0.2516991073282172,0.08826989165905674,0,0
48,0,250,-2.191833972930908,4.529534816741943,3.3174567222595215,2,0,0,1,0.0,0,0,0,0,6.292862607572287,0.48908257484436035,0.016606807708740234,0.2113276720046997,0,0.0,0.5868700742721558,0.2167707401298355,0.2988206243195335,1,1
48,0,250,-2.191833972930908,4.529534816741943,3.3174567222595215,2,0,0,1,0.0,0,0,0,1,6.642225024674758,-22.345523834228516,-0.43696165084838867,-0.013124510645866394,1,0.2857142984867096,0.6424098610877991,0.23660661471302516,1.1443516734822137,0,0
48,0,260,-2.4141252040863037,4.5055670738220215,3.1741294860839844,2,0,0,1,0.0,0,0,0,0,6.092152642721244,0.7475665211677551,0.1002655029296875,0.17325225472450256,0,0.0,0.46513286232948303,0.17345062450849077,0.2905864621582112,1,1
48,0,260,-2.4141252040863037,4.5055670738220215,3.1741294860839844,2,0,0,1,0.0,0,0,0,1,6.828002869946718,-19.918214797973633,0.21658849716186523,-0.08871281892061234,1,0.3035714328289032,0.3521726131439209,0.13310724311014294,1.1778012164762282,0,0
48,0,270,-2.6403110027313232,4.525760650634766,2.94429087638855,2,0,0,1,0.0,0,0,0,0,5.8563231860375655,1.020569086074829,0.17465734481811523,0.1609698235988617,0,0.0,0.4049062132835388,0.15213775476208832,0.3053352534225815,1,1
48,0,270,-2.6403110027313232,4.525760650634766,2.94429087638855,2,0,0,1,0.0,0,0,0,1,7.0741517288445355,-19.750276565551758,0.22388744354248047,-0.10862718522548676,1,0.2142857164144516,0.34260833263397217,0.12988855984286118,1.113354939236001,0,0
48,0,330,-3.21001935005188,5.441277027130127,1.388774037361145,2,0,0,1,0.0,0,0,0,0,4.765428743506188,1.8560593128204346,0.44530344009399414,0.03742275387048721,0,0.0,0.4336303770542145,0.15916533843302774,0.1382094059481808,1,1
48,0,330,-3.21001935005188,5.441277027130127,1.388774037361145,2,0,0,1,0.0,0,0,0,1,7.735170544039349,-20.979652404785156,-0.056756019592285156,-0.09059999883174896,1,0.2857142984867096,0.216658815741539,0.0816753389449044,1.0564214439181778,0,0
48,1,0,-2.25,1.0,1.5707963267948966,3,0,0,1,0.0,0,0,0,0,9.0,7.150001525878906,1.2875003814697266,1.8949999809265137,0,0.0,1.2850003242492676,0.45982142857142855,0.0,1,1
48,1,0,-2.25,1.0,1.5707963267948966,3,0,0,1,0.0,0,0,0,1,9.513236186146589,6.992805480957031,1.2482013702392578,1.6120399236679077,0,0.0,1.2636055946350098,0.45218076037786004,0.2523747889156115,0,0
48,1,0,-2.25,1.0,1.5707963267948966,3,0,0,1,0.0,0,0,0,2,9.513236186146589,6.992805480957031,1.2482013702392578,1.6120399236679077,0,0.0,1.2636055946350098,0.45218076037786004,0.25237478891561166,0,0
48,1,10,-2.250591278076172,1.053576111793518,1.5873806476593018,3,0,0,1,0.0,0,0,0,0,8.95,7.414575576782227,1.3536438941955566,1.869964361190796,0,0.0,1.3426522016525269,0.483459009075112,0.008363217566113535,1,1
48,1,10,-2.250591278076172,1.053576111793518,1.5873806476593018,3,0,0,1,0.0,0,0,0,1,9.463793281809847,7.233602523803711,1.3084006309509277,1.5634506940841675,0,0.0,1.3220634460449219,0.47610559814381465,0.2745394324794993,0,0
48,1,10,-2.250591278076172,1.053576111793518,1.5873806476593018,3,0,0,1,0.0,0,0,0,2,9.463793281809847,7.244607925415039,1.3111519813537598,1.588507056236267,0,0.0,1.322458267211914,0.47624671710387195,0.2721000494104119,0,0
48,1,20,-2.2535202503204346,1.19688081741333,1.5909217596054077,3,0,0,1,0.0,0,0,0,0,8.799999999999999,7.577840805053711,1.3944602012634277,1.8698365688323975,0,0.0,1.373488426208496,0.49804351910991745,0.013399929919034225,1,1
48,1,20,-2.2535202503204346,1.19688081741333,1.5909217596054077,3,0,0,1,0.0,0,0,0,1,9.31551287810118,7.37835693359375,1.3445892333984375,1.5642735958099365,0,0.0,1.3519752025604248,0.4903602374777711,0.28567044395690555,0,0
48,1,20,-2.2535202503204346,1.19688081741333,1.5909217596054077,3,0,0,1,0.0,0,0,0,2,9.31551287810118,7.395809173583984,1.348952293395996,1.5893524885177612,0,0.0,1.3529138565063477,0.49069571133768225,0.2796028153236298,0,0
48,1,30,-2.256821393966675,1.4221271276474,1.5808827877044678,3,0,0,1,0.0,0,0,0,0,8.599999999999998,7.599733352661133,1.3999333381652832,1.7956323623657227,0,0.0,1.3749544620513916,0.4999807491653266,0.012869715217138302,1,1
48,1,30,-2.256821393966675,1.4221271276474,1.5808827877044678,3,0,0,1,0.0,0,0,0,1,9.117925063475388,7.38197135925293,1.3454928398132324,1.5399121046066284,0,0.0,1.3512688875198364,0.4915209016906922,0.2923729178732534,0,0
48,1,30,-2.256821393966675,1.4221271276474,1.5808827877044678,3,0,0,1,0.0,0,0,0,2,9.117925063475388,7.394426345825195,1.3486065864562988,1.5649731159210205,0,0.0,1.352482795715332,0.4919545989775849,0.28517651877089795,0,0
48,1,40,-2.258023977279663,1.656813144683838,1.5712413787841797,3,0,0,1,0.0,0,0,0,0,8.349999999999998,7.599851608276367,1.3999629020690918,1.570731520652771,0,0.0,1.3749762773513794,0.49998938911991536,0.010106418022902875,1,1
48,1,40,-2.258023977279663,1.656813144683838,1.5712413787841797,3,0,0,1,0.0,0,0,0,1,8.871149842504158,7.396089553833008,1.349022388458252,1.524190902709961,0,0.0,1.3523591756820679,0.49191179352082565,0.2864864262333747,0,0
48,1,40,-2.258023977279663,1.656813144683838,1.5712413787841797,3,0,0,1,0.0,0,0,0,2,8.871149842504158,7.400884628295898,1.3502211570739746,1.53793466091156,0,0.0,1.353437900543213,0.49229731119435954,0.2797031687667449,0,0
48,1,50,-2.2566754817962646,1.8915538787841797,1.5589298009872437,3,0,0,1,0.0,0,0,0,0,8.099999999999998,7.599756240844727,1.3999390602111816,1.3208656311035156,0,0.0,1.374991774559021,0.49999709188678076,0.006155571252438816,1,1
48,1,50,-2.2566754817962646,1.8915538787841797,1.5589298009872437,3,0,0,1,0.0,0,0,0,1,8.624633442061722,7.4041748046875,1.351043701171875,1.3006266355514526,0,0.0,1.3521665334701538,0.49184513896623067,0.27997174646081346,0,0
48,1,50,-2.2566754817962646,1.8915538787841797,1.5589298009872437,3,0,0,1,0.0,0,0,0,2,8.624633442061722,7.398502349853516,1.349625587463379,1.3161393404006958,0,0.0,1.3527090549468994,0.492038892723109,0.27636027662583507,0,0
48,1,60,-2.2526936531066895,2.1272132396698,1.5512568950653076,3,0,0,1,0.0,0,0,0,0,7.849999999999999,7.599557876586914,1.3998894691467285,1.0973106622695923,0,0.0,1.3749806880950928,0.49999235724997415,0.008281577720813822,1,1
48,1,60,-2.2526936531066895,2.1272132396698,1.5512568950653076,3,0,0,1,0.0,0,0,0,1,8.378408067339434,7.417362213134766,1.3543405532836914,1.0567814111709595,0,0.0,1.3534326553344727,0.4922967406903718,0.27778210675917797,0,0
48,1,60,-2.2526936531066895,2.1272132396698,1.5512568950653076,3,0,0,1,0.0,0,0,0,2,8.378408067339434,7.403604507446289,1.3509011268615723,1.0718913078308105,0,0.0,1.3532732725143433,0.49223941652209924,0.2786272616475975,0,0
48,1,70,-2.247943639755249,2.3614156246185303,1.5490319728851318,3,0,0,1,0.0,0,0,0,0,7.692373650821597,7.29524040222168,1.3998537063598633,0.8479128479957581,0,0.0,1.37494957447052,0.49997854995082,0.012878762722125141,1,1
48,1,70,-2.247943639755249,2.3614156246185303,1.5490319728851318,3,0,0,1,0.0,0,0,0,1,8.21171865670873,7.055440425872803,1.347672939300537,0.8323743343353271,0,0.0,1.3542762994766235,0.4925953386393486,0.28969731653230024,0,0
48,1,70,-2.247943639755249,2.3614156246185303,1.5490319728851318,3,0,0,1,0.0,0,0,0,2,8.242193322779407,7.1023430824279785,1.3349876403808594,0.8811962008476257,0,0.0,1.351852297782898,0.4917296468647381,0.3020314651533245,0,0
48,1,80,-2.2424263954162598,2.596534013748169,1.5483875274658203,3,0,0,1,0.0,0,0,0,0,7.509737722676113,6.8468337059021,1.3997955322265625,0.6238258481025696,0,0.0,1.3748925924301147,0.4999531524912476,0.01935766578347147,1,1
48,1,80,-2.2424263954162598,2.596534013748169,1.5483875274658203,3,0,0,1,0.0,0,0,0,1,7.877194079013302,6.626745700836182,1.361497402191162,0.5903781056404114,0,0.0,1.3529984951019287,0.492133558267802,0.26118838172587305,0,0
48,1,80,-2.2424263954162598,2.596534013748169,1.5483875274658203,3,0,0,1,0.0,0,0,0,2,7.936060486759423,6.595693588256836,1.3520431518554688,0.5937604904174805,0,0.0,1.352791666984558,0.4920596703780249,0.285207569577401,0,0
48,1,90,-2.237623453140259,2.8311405181884766,1.560787558555603,3,0,2,0,0.06179046630859375,0,0,0,0,7.562972598551239,6.325315475463867,1.3761467933654785,0.4103642702102661,0,0.0,1.3570923805236816,0.4935971895642893,0.20816378545162204,1,0
48,1,90,-2.237623453140259,2.8311405181884766,1.560787558555603,3,0,2,0,0.06179046630859375,0,0,0,1,7.709353916232104,6.247741222381592,1.3466558456420898,0.4305589199066162,0,0.0,1.3508237600326538,0.4913583809102869,0.2960448780988582,0,0
48,1,90,-2.237623453140259,2.8311405181884766,1.560787558555603,3,0,2,0,0.06179046630859375,0,0,0,2,7.9299231918747175,6.387105941772461,1.287196159362793,0.619160532951355,0,0.0,1.3502895832061768,0.49116736659201277,0.3156140430742047,0,1
48,1,100,-2.23480486869812,3.0622785091400146,1.5350582599639893,3,0,1,0,0.19849824905395508,0,0,0,0,7.393518705424146,5.804340362548828,1.354414939880371,0.1933402568101883,0,0.0,1.3458201885223389,0.48955429190071953,0.28516972727956186,1,0
48,1,100,-2.23480486869812,3.0622785091400146,1.5350582599639893,3,0,1,0,0.19849824905395508,0,0,0,1,7.577101667419286,6.002838611602783,1.3186354637145996,0.36414834856987,0,0.0,1.3481998443603516,0.4904040358422466,0.34547012070212063,0,1
48,1,100,-2.23480486869812,3.0622785091400146,1.5350582599639893,3,0,1,0,0.19849824905395508,0,0,0,2,7.808471385540637,5.959728240966797,1.2576298713684082,0.4646042585372925,0,0.0,1.3539875745773315,0.492313939864224,0.29521588561243944,0,0
48,1,110,-2.2086679935455322,3.2902920246124268,1.3793143033981323,2,0,1,0,0.2525334358215332,0,0,0,0,7.189330335152583,5.302859783172607,1.2863831520080566,0.07866362482309341,0,0.0,1.2921010255813599,0.4702645844440081,0.4064606964682079,1,0
48,1,110,-2.2086679935455322,3.2902920246124268,1.3793143033981323,2,0,1,0,0.2525334358215332,0,0,0,1,7.401813951527235,5.555393218994141,1.2539172172546387,0.26986217498779297,0,0.0,1.3462532758712769,0.48960491009954105,0.3501786117752509,0,1
48,1,120,-2.1399171352386475,3.507680654525757,1.1679039001464844,2,0,0,1,0.0,0,0,0,0,6.99678468209625,4.705009937286377,1.1607270240783691,0.03105090744793415,0,0.0,1.1878046989440918,0.43233875530684823,0.5250880584774935,1,1
48,1,120,-2.1399171352386475,3.507680654525757,1.1679039001464844,2,0,0,1,0.0,0,0,0,1,7.206455043532668,4.53912878036499,1.111680030822754,0.04620429128408432,0,0.0,1.2888133525848389,0.4684127594918675,0.32530784069985963,0,0
48,1,130,-2.027761936187744,3.708186626434326,0.9851521849632263,3,0,0,1,0.0,0,0,0,0,6.840798750084383,4.019025802612305,1.0046958923339844,0.00012114830315113068,0,0.0,1.0427480936050415,0.37980456130469015,0.6168198041229015,1,1
48,1,130,-2.027761936187744,3.708186626434326,0.9851521849632263,3,0,0,1,0.0,0,0,0,1,6.97547460453352,3.7686963081359863,0.9327573776245117,0.018833450973033905,0,0.0,1.1805975437164307,0.42944935120765926,0.2845021250365502,0,0
48,1,130,-2.027761936187744,3.708186626434326,0.9851521849632263,3,0,0,1,0.0,0,0,0,2,7.300527656299273,3.4382336139678955,0.8970379829406738,0.01432659849524498,0,0.0892857164144516,0.9870716333389282,0.3599203137124401,0.7214052828662282,0,0
48,1,140,-1.8848716020584106,3.8902297019958496,0.848511278629303,3,0,0,1,0.0,0,0,0,0,6.74255841511367,3.2362773418426514,0.7582855224609375,0.10156763345003128,0,0.0,1.0460586547851562,0.3814943830092484,0.26593971922063836,1,1
48,1,140,-1.8848716020584106,3.8902297019958496,0.848511278629303,3,0,0,1,0.0,0,0,0,1,6.809442767911598,2.791496992111206,0.7627768516540527,0.013051960617303848,0,0.1428571492433548,0.8898284435272217,0.32514587001602596,0.9838404543016794,0,0
48,1,140,-1.8848716020584106,3.8902297019958496,0.848511278629303,3,0,0,1,0.0,0,0,0,2,7.995337190257622,1.9788179397583008,0.5191802978515625,0.16533415019512177,0,0.2142857164144516,0.8210101127624512,0.3005680358865485,0.9427492723647204,0,0
48,1,150,-1.7230746746063232,4.058375358581543,0.7814894318580627,3,0,0,1,0.0,0,0,0,0,6.495704698848824,2.749577283859253,0.621739387512207,0.1313098967075348,0,0.0,0.9039598107337952,0.3306302970678408,0.2553059611777602,1,1
48,1,150,-1.7230746746063232,4.058375358581543,0.7814894318580627,3,0,0,1,0.0,0,0,0,1,6.901331953075674,2.104041337966919,0.6035122871398926,0.023567594587802887,0,0.1785714328289032,0.8317258358001709,0.30466538528729187,1.1295662653792633,0,0
48,1,150,-1.7230746746063232,4.058375358581543,0.7814894318580627,3,0,0,1,0.0,0,0,0,2,7.754131408135873,-18.173023223876953,0.5730047225952148,-0.053949594497680664,1,0.1785714328289032,0.8625590801239014,0.3156774708163246,0.9605906835100269,0,0
48,1,160,-1.553497076034546,4.216139316558838,0.7230711579322815,3,0,0,1,0.0,0,0,0,0,6.304670193823437,2.3399672508239746,0.5111837387084961,0.1476161628961563,0,0.0,0.772983968257904,0.2835853226230855,0.26349052140449164,1,1
48,1,160,-1.553497076034546,4.216139316558838,0.7230711579322815,3,0,0,1,0.0,0,0,0,1,7.034642461235559,1.9495601654052734,0.5790963172912598,0.03087315708398819,0,0.2142857164144516,0.832537055015564,0.30444372581673457,0.9997456131841592,0,0
48,1,160,-1.553497076034546,4.216139316558838,0.7230711579322815,3,0,0,1,0.0,0,0,0,2,7.991882016859799,1.9277091026306152,0.5803008079528809,0.017538629472255707,0,0.2142857164144516,0.8381696343421936,0.3064554463563178,0.9677813322851427,0,0
48,1,170,-1.3868392705917358,4.360442161560059,0.6969062685966492,3,0,0,1,0.0,1,1,0,0,7.122982673088117,-18.217914581298828,0.5639939308166504,-0.004802750423550606,1,0.2321428507566452,0.7821033596992493,0.2846987241105789,0.9662871951161511,1,1
48,1,170,-1.3868392705917358,4.360442161560059,0.6969062685966492,3,0,0,1,0.0,1,1,0,1,8.044441074275646,-18.217914581298828,0.5639939308166504,-0.004802750423550606,1,0.2321428507566452,0.7821033596992493,0.2846987241105789,0.9662871951161511,0,0
48,1,170,-1.3868392705917358,4.360442161560059,0.6969062685966492,3,0,0,1,0.0,1,1,0,2,9.360421375859325,-18.22867774963379,0.5604801177978516,-0.00315706804394722,1,0.2321428507566452,0.7808590531349182,0.28425428013523785,0.9819550937866295,0,0
48,1,180,-1.3015145063400269,4.4278154373168945,0.612774670124054,3,0,0,1,0.0,1,1,0,0,7.187097521388225,-18.62676429748535,0.5316982269287109,-0.03749265894293785,1,0.3392857015132904,0.7014364004135132,0.25102185757983964,0.9761808417973528,1,1
48,1,180,-1.3015145063400269,4.4278154373168945,0.612774670124054,3,0,0,1,0.0,1,1,0,1,8.193390866469827,-18.62676429748535,0.5316982269287109,-0.03749265894293785,1,0.3392857015132904,0.7014364004135132,0.25102185757983964,0.9761808417973528,0,0
48,1,180,-1.3015145063400269,4.4278154373168945,0.612774670124054,3,0,0,1,0.0,1,1,0,2,9.128067124163017,-18.62676429748535,0.5316982269287109,-0.03749265894293785,1,0.3392857015132904,0.7014364004135132,0.25102185757983964,0.9761808417973528,0,0
48,1,190,-1.2456084489822388,4.47000789642334,0.7226153016090393,3,0,0,1,0.0,1,1,0,0,7.222024442339037,-18.275922775268555,0.5705513954162598,-0.082635797560215,1,0.1964285671710968,0.7839829325675964,0.2810065190805976,0.9470342348426618,1,1
48,1,190,-1.2456084489822388,4.47000789642334,0.7226153016090393,3,0,0,1,0.0,1,1,0,1,8.5355624629964,-18.275922775268555,0.5705513954162598,-0.082635797560215,1,0.1964285671710968,0.7839829325675964,0.2810065190805976,0.9470342348426618,0,0
48,1,190,-1.2456084489822388,4.47000789642334,0.7226153016090393,3,0,0,1,0.0,1,1,0,2,9.1599642000193,-18.309133529663086,0.5659589767456055,-0.09005629271268845,1,0.1964285671710968,0.7832674384117126,0.2807511620719885,0.9668929533631159,0,0
48,1,200,-1.2359428405761719,4.4834370613098145,1.177865743637085,3,0,0,1,0.0,1,1,0,0,7.2070230250782314,-18.079336166381836,0.5850691795349121,-0.10266381502151489,1,0.1071428582072258,0.8973557353019714,0.32048414904922407,0.7953933578891738,1,1
48,1,200,-1.2359428405761719,4.4834370613098145,1.177865743637085,3,0,0,1,0.0,1,1,0,1,8.829347408524338,-18.079336166381836,0.5850691795349121,-0.10266381502151489,1,0.1071428582072258,0.8973557353019714,0.32048414904922407,0.7953933578891738,0,0
48,1,200,-1.2359428405761719,4.4834370613098145,1.177865743637085,3,0,0,1,0.0,1,1,0,2,9.467147233123073,-18.784748077392578,0.4108695983886719,-0.1069706380367279,1,0.1071428582072258,0.926450788974762,0.3308754721676233,0.9961338361456791,0,0
48,1,210,-1.2345048189163208,4.495871543884277,1.778508186340332,3,0,2,0,19.18001627922058,1,0,1,0,7.2229578168492035,-17.932357788085938,0.5486268997192383,-0.06343217939138412,1,0.0,0.9982975721359253,0.35788618071571904,0.591760096035069,1,0
48,1,210,-1.2345048189163208,4.495871543884277,1.778508186340332,3,0,2,0,19.18001627922058,1,0,1,1,8.828103292414987,-17.932357788085938,0.5486268997192383,-0.06343217939138412,1,0.0,0.9982975721359253,0.35788618071571904,0.591760096035069,0,0
48,1,210,-1.2345048189163208,4.495871543884277,1.778508186340332,3,0,2,0,19.18001627922058,1,0,1,2,9.52498700344579,1.2476584911346436,0.28152894973754883,0.06077133119106293,0,0.0,1.083654522895813,0.38837093899254793,0.7873534250390994,0,1
48,1,220,-1.247223973274231,4.512513160705566,2.4889023303985596,3,0,2,0,19.170374423265457,1,0,1,0,7.2089785759515985,-18.811128616333008,0.34351110458374023,-0.09258688986301422,1,0.0,1.0435210466384888,0.37471469028867294,0.2866284171515603,1,0
48,1,220,-1.247223973274231,4.512513160705566,2.4889023303985596,3,0,2,0,19.170374423265457,1,0,1,1,8.813877477368434,-18.827220916748047,0.34234189987182617,-0.09829448163509369,1,0.0,1.0429527759552002,0.3745116653146391,0.3014971762657576,0,0
48,1,220,-1.247223973274231,4.512513160705566,2.4889023303985596,3,0,2,0,19.170374423265457,1,0,1,2,9.509982177787464,0.35924580693244934,0.005242347717285156,0.16913820803165436,0,0.0,1.203139305114746,0.4317211611599373,0.5339578341538168,0,1
48,1,230,-1.3430461883544922,4.540401935577393,3.014838695526123,3,0,0,1,0.0,0,0,0,0,7.082627474463138,0.8019248247146606,0.12502765655517578,0.15090711414813995,0,0.0,1.0414959192276,0.378373240277475,0.14852895446902245,1,1
48,1,230,-1.3430461883544922,4.540401935577393,3.014838695526123,3,0,0,1,0.0,0,0,0,1,8.342686804090302,0.8010627031326294,0.12481212615966797,0.15090711414813995,0,0.0,1.041688084602356,0.37844188713739363,0.14168416685199373,0,0
48,1,230,-1.3430461883544922,4.540401935577393,3.014838695526123,3,0,0,1,0.0,0,0,0,2,8.954224952393048,0.6562994718551636,0.09159326553344727,0.14496320486068726,0,0.0,1.046536922454834,0.3801733773875236,0.28744126750884785,0,0
48,1,240,-1.5449479818344116,4.526968955993652,3.343045711517334,3,0,0,1,0.0,0,0,0,0,6.900064166172542,0.3574543595314026,-0.054556846618652344,0.287840873003006,0,0.0,1.020065426826477,0.371690650041604,0.3207332639968442,1,1
48,1,240,-1.5449479818344116,4.526968955993652,3.343045711517334,3,0,0,1,0.0,0,0,0,1,7.902533084195621,0.28613096475601196,-0.0723876953125,0.287840873003006,0,0.0,1.0299402475357056,0.3752172287417749,0.2682288451005806,0,0
48,1,240,-1.5449479818344116,4.526968955993652,3.343045711517334,3,0,0,1,0.0,0,0,0,2,9.155010085253416,-0.1808379888534546,-0.18070125579833984,0.2709835171699524,0,0.0,1.088801622390747,0.396239382725098,0.49778996640410117,0,0
48,1,250,-1.7592213153839111,4.455191612243652,3.54176664352417,3,0,0,1,0.0,0,0,0,0,6.248029985031635,0.9042568802833557,0.38214874267578125,0.027116648852825165,0,0.3392857015132904,0.5080298781394958,0.18872220542555126,1.1868901225931388,1,1
48,1,250,-1.7592213153839111,4.455191612243652,3.54176664352417,3,0,0,1,0.0,0,0,0,1,6.721179276755333,0.1703965663909912,-0.10569334030151367,0.29658496379852295,0,0.0,1.0065816640853882,0.36771670114065497,0.40965254399948303,0,0
48,1,250,-1.7592213153839111,4.455191612243652,3.54176664352417,3,0,0,1,0.0,0,0,0,2,8.68400256100384,-0.2779238224029541,-0.2177734375,0.29658496379852295,0,0.0,1.1065654754638672,0.4034251206551861,0.2609120239652243,0,0
48,1,260,-1.9681200981140137,4.3621721267700195,3.5390079021453857,3,0,1,0,2.426604390144348,0,0,0,0,6.452582087398969,-1.6771434545516968,-0.3701472282409668,0.2410084307193756,0,0.3392857015132904,0.6430423855781555,0.236663154630366,1.259026008514503,1,0
48,1,260,-1.9681200981140137,4.3621721267700195,3.5390079021453857,3,0,1,0,2.426604390144348,0,0,0,1,6.566273976938542,0.7494609355926514,-0.029266357421875,0.4332631826400757,0,0.0,0.9298123121261597,0.34030850094565634,0.43680567765574235,0,1
48,1,260,-1.9681200981140137,4.3621721267700195,3.5390079021453857,3,0,1,0,2.426604390144348,0,0,0,2,9.25980509096254,-0.710765540599823,-0.405303955078125,0.4552251398563385,0,0.0,1.294250726699829,0.47046479695481175,0.4268896299436423,0,0
48,1,270,-2.182018995285034,4.291149139404297,3.3934717178344727,2,0,0,1,0.0,0,0,0,0,6.372275540488677,1.1854742765426636,0.09769248962402344,0.3973521590232849,0,0.0,0.8246174454689026,0.3022669220478766,0.41028040354847967,1,1
48,1,270,-2.182018995285034,4.291149139404297,3.3934717178344727,2,0,0,1,0.0,0,0,0,1,6.729553925942964,-1.8652782440185547,-0.4211311340332031,0.2310517132282257,0,0.3214285671710968,0.6335862874984741,0.23347516716800262,1.2560813628912508,0,0
48,1,280,-2.4049770832061768,4.257944107055664,3.1942758560180664,2,0,0,1,0.0,0,0,0,0,6.1912691730758524,1.593231439590454,0.2275376319885254,0.34154045581817627,0,0.0,0.7139549255371094,0.262154142129797,0.3956650246923273,1,1
48,1,280,-2.4049770832061768,4.257944107055664,3.1942758560180664,2,0,0,1,0.0,0,0,0,1,6.924481548013402,1.5306252241134644,0.49881887435913086,0.035532012581825256,0,0.2678571343421936,0.6876897215843201,0.2527742084815116,1.2530392266929178,0,0
48,1,290,-2.6343746185302734,4.277500152587891,2.934455633163452,2,0,0,1,0.0,0,0,0,0,6.070697548757769,1.9332528114318848,0.33483219146728516,0.29696202278137207,0,0.0,0.6385658383369446,0.23524649876926476,0.38055646376951574,1,1
48,1,290,-2.6343746185302734,4.277500152587891,2.934455633163452,2,0,0,1,0.0,0,0,0,1,7.171774807690393,-18.276531219482422,0.5462284088134766,-0.05215022340416908,1,0.1785714328289032,0.7477671504020691,0.27424720928351076,1.1465882516172259,0,0
48,1,300,-2.833125114440918,4.353726387023926,2.6345250606536865,3,0,0,1,0.0,0,0,0,0,5.914495338605977,2.086705207824707,0.4044370651245117,0.23447848856449127,0,0.0,0.5662460327148438,0.20809204066488038,0.3444196854780662,1,1
48,1,300,-2.833125114440918,4.353726387023926,2.6345250606536865,3,0,0,1,0.0,0,0,0,1,7.317830265876427,-18.653379440307617,0.4677009582519531,-0.10137750208377838,1,0.1607142835855484,0.6500211358070374,0.23801109708556786,1.0304433369903403,0,0
48,1,300,-2.833125114440918,4.353726387023926,2.6345250606536865,3,0,0,1,0.0,0,0,0,2,8.5354171592969,-18.653379440307617,0.4677009582519531,-0.10137750208377838,1,0.1607142835855484,0.6500211358070374,0.23801109708556786,1.0304433369903403,0,0
48,1,310,-3.0026838779449463,4.487617015838623,2.357875108718872,2,0,0,1,0.0,0,0,0,0,5.724366526746019,2.260712146759033,0.4558677673339844,0.21862049400806427,0,0.0,0.5397268533706665,0.19967961875065368,0.2681277859656185,1,1
48,1,310,-3.0026838779449463,4.487617015838623,2.357875108718872,2,0,0,1,0.0,0,0,0,1,7.385155676619183,-18.93366813659668,0.35198497772216797,-0.06366189569234848,1,0.1071428582072258,0.48876646161079407,0.18147899868829742,0.9400141129279344,0,0
48,1,320,-3.1445579528808594,4.674452304840088,2.134474515914917,2,0,0,1,0.0,0,0,0,0,5.482285983190264,2.4332289695739746,0.498199462890625,0.22021561861038208,0,0.0,0.5332188606262207,0.1974313431523206,0.24285642180860512,1,1
48,1,320,-3.1445579528808594,4.674452304840088,2.134474515914917,2,0,0,1,0.0,0,0,0,1,7.463275992278991,-19.3305606842041,0.2552518844604492,-0.050784483551979065,1,0.125,0.3446223735809326,0.1300751495817903,0.8585175250168648,0,0
48,1,330,-3.219351053237915,4.815187454223633,1.9740407466888428,2,0,0,1,0.0,0,0,0,0,5.3651903573470126,2.309573173522949,0.5713391304016113,0.01210838370025158,0,0.0,0.5963192582130432,0.21769496248764628,0.18801633505225346,1,1
48,1,330,-3.219351053237915,4.815187454223633,1.9740407466888428,2,0,0,1,0.0,0,0,0,1,7.547772337201069,-19.83635711669922,0.16514968872070312,-0.08776412904262543,1,0.1607142835855484,0.2921602129936218,0.10792610865779617,0.8757901896762496,0,0
48,1,340,-3.2583796977996826,4.9620561599731445,1.7278716564178467,2,0,0,1,0.0,1,1,0,0,5.244170275768113,-17.578659057617188,0.6131415367126465,-0.015612865798175335,1,0.0,0.6144970059394836,0.22600188233826066,0.12518818908069992,1,1
48,1,340,-3.2583796977996826,4.9620561599731445,1.7278716564178467,2,0,0,1,0.0,1,1,0,1,7.599500475793054,-19.741226196289062,0.14789581298828125,-0.059262435883283615,1,0.1071428582072258,0.2897959053516388,0.11003705912302333,0.8800640579518484,0,0
48,1,350,-3.2630932331085205,5.165902137756348,1.4922960996627808,2,0,0,1,0.0,0,0,0,0,5.0484026469100165,2.1377949714660645,0.5329198837280273,0.00305770430713892,0,0.0,0.5151740908622742,0.19132179530282192,0.16199638113813966,1,1
48,1,350,-3.2630932331085205,5.165902137756348,1.4922960996627808,2,0,0,1,0.0,0,0,0,1,7.670974299261882,-20.164024353027344,0.07554912567138672,-0.09025297313928604,1,0.1428571492433548,0.2792738378047943,0.1070726024923344,0.9886857458002147,0,0
1,0,0,-2.25,1.0,1.5707963267948966,3,0,0,1,0.0,0,0,0,0,9.0,7.150001525878906,1.2875003814697266,1.8949999809265137,0,0.0,1.2850003242492676,0.45982142857142855,0.0,1,1
1,0,0,-2.25,1.0,1.5707963267948966,3,0,0,1,0.0,0,0,0,1,9.513236186146589,6.992805480957031,1.2482013702392578,1.6120399236679077,0,0.0,1.2636055946350098,0.45218076037786004,0.2523747889156115,0,0
1,0,0,-2.25,1.0,1.5707963267948966,3,0,0,1,0.0,0,0,0,2,9.513236186146589,6.992805480957031,1.2482013702392578,1.6120399236679077,0,0.0,1.2636055946350098,0.45218076037786004,0.25237478891561166,0,0
1,0,10,-2.24971604347229,1.0588933229446411,1.5600006580352783,3,0,0,1,0.0,0,0,0,0,8.95,7.434638977050781,1.3586597442626953,1.8946539163589478,0,0.0,1.3468140363693237,0.48524157470932977,0.005436673157160462,1,1
1,0,10,-2.24971604347229,1.0588933229446411,1.5600006580352783,3,0,0,1,0.0,0,0,0,1,9.463793281809847,7.256681442260742,1.3141703605651855,1.5893465280532837,0,0.0,1.3259907960891724,0.47780505995307937,0.2720963136529696,0,0
1,0,10,-2.24971604347229,1.0588933229446411,1.5600006580352783,3,0,0,1,0.0,0,0,0,2,9.463793281809847,7.249261856079102,1.3123154640197754,1.5643153190612793,0,0.0,1.325730562210083,0.4777120918342269,0.27367086333589363,0,0
1,0,20,-2.247821569442749,1.2029353380203247,1.558211326599121,3,0,0,1,0.0,0,0,0,0,8.799999999999999,7.576711654663086,1.3941779136657715,1.894214391708374,0,0.0,1.3733423948287964,0.4979296904460166,0.008401859385953914,1,1
1,0,20,-2.247821569442749,1.2029353380203247,1.558211326599121,3,0,0,1,0.0,0,0,0,1,9.31551287810118,7.387989044189453,1.3469972610473633,1.589424967765808,0,0.0,1.3522498607635498,0.49039635911702245,0.27874173604351304,0,0
1,0,20,-2.247821569442749,1.2029353380203247,1.558211326599121,3,0,0,1,0.0,0,0,0,2,9.31551287810118,7.376941680908203,1.3442354202270508,1.5643774271011353,0,0.0,1.351653814315796,0.4901838182900988,0.28255246952990365,0,0
1,0,30,-2.2460148334503174,1.4257149696350098,1.5659418106079102,3,0,0,1,0.0,0,0,0,0,8.549999999999999,7.599924087524414,1.3999810218811035,1.8943047523498535,0,0.0,1.374985933303833,0.4999946812268128,0.006739646071945936,1,1
1,0,30,-2.2460148334503174,1.4257149696350098,1.5659418106079102,3,0,0,1,0.0,0,0,0,1,9.0685506996768,7.414669036865234,1.3536672592163086,1.5884424448013306,0,0.0,1.3535778522491455,0.4923481472010939,0.2737558781658495,0,0
1,0,30,-2.2460148334503174,1.4257149696350098,1.5659418106079102,3,0,0,1,0.0,0,0,0,2,9.0685506996768,7.409019470214844,1.352254867553711,1.5644583702087402,0,0.0,1.3529798984527588,0.49213458861251513,0.27753477698855045,0,0
1,0,40,-2.246206521987915,1.6611300706863403,1.5760709047317505,3,0,0,1,0.0,0,0,0,0,8.349999999999998,7.599939346313477,1.3999848365783691,1.8947807550430298,0,0.0,1.3749971389770508,0.49999904259266076,0.0034517630342812936,1,1
1,0,40,-2.246206521987915,1.6611300706863403,1.5760709047317505,3,0,0,1,0.0,0,0,0,1,8.871149842504158,7.3942108154296875,1.3485527038574219,1.5646905899047852,0,0.0,1.3528443574905396,0.49208724809087734,0.2781259059307222,0,0
1,0,40,-2.246206521987915,1.6611300706863403,1.5760709047317505,3,0,0,1,0.0,0,0,0,2,8.871149842504158,7.396732330322266,1.3491830825805664,1.564901351928711,0,0.0,1.3524810075759888,0.49195727700191627,0.2808163787840075,0,0
1,0,50,-2.2478456497192383,1.8969690799713135,1.5802242755889893,3,0,0,1,0.0,0,0,0,0,8.099999999999998,7.5998992919921875,1.3999748229980469,1.7383862733840942,0,0.0,1.3749980926513672,0.49999865419197687,0.0038057403828311576,1,1
1,0,50,-2.2478456497192383,1.8969690799713135,1.5802242755889893,3,0,0,1,0.0,0,0,0,1,8.624633442061722,7.394758224487305,1.3486895561218262,1.5647071599960327,0,0.0,1.3520660400390625,0.49180957016261584,0.2786797983057415,0,0
1,0,50,-2.2478456497192383,1.8969690799713135,1.5802242755889893,3,0,0,1,0.0,0,0,0,2,8.624633442061722,7.401256561279297,1.3503141403198242,1.5884149074554443,0,0.0,1.352059006690979,0.4918069632545116,0.27886968767341874,0,0
1,0,60,-2.250760078430176,2.1319167613983154,1.5821080207824707,3,0,0,1,0.0,0,0,0,0,7.849999999999999,7.599843978881836,1.399960994720459,1.5297553539276123,0,0.0,1.374987244606018,0.49999471572936194,0.006350664937952555,1,1
1,0,60,-2.250760078430176,2.1319167613983154,1.5821080207824707,3,0,0,1,0.0,0,0,0,1,8.378408067339434,7.40315055847168,1.35078763961792,1.56455397605896,0,0.0,1.3528530597686768,0.4920896819710328,0.2786665218552338,0,0
1,0,60,-2.250760078430176,2.1319167613983154,1.5821080207824707,3,0,0,1,0.0,0,0,0,2,8.378408067339434,7.412445068359375,1.3531112670898438,1.588513731956482,0,0.0,1.3532387018203735,0.492227168725741,0.2763942743189298,0,0
1,0,70,-2.2523112297058105,2.36670184135437,1.5738880634307861,3,0,0,1,0.0,0,0,0,0,7.649999999999999,7.599958419799805,1.3999896049499512,1.3038915395736694,0,0.0,1.3749923706054688,0.49999793337258663,0.004174772097403857,1,1
1,0,70,-2.2523112297058105,2.36670184135437,1.5738880634307861,3,0,0,1,0.0,0,0,0,1,8.181662445769591,7.388795852661133,1.3471989631652832,1.3775416612625122,0,0.0,1.3521037101745605,0.4918222645547862,0.28218859872557944,0,0
1,0,70,-2.2523112297058105,2.36670184135437,1.5738880634307861,3,0,0,1,0.0,0,0,0,2,8.181662445769591,7.392778396606445,1.3481945991516113,1.4871658086776733,0,0.0,1.352498173713684,0.49196306471009926,0.2798185544817573,0,0
1,0,80,-2.252394437789917,2.602473020553589,1.5669862031936646,3,0,0,1,0.0,0,0,0,0,7.399999999999999,7.599966049194336,1.399991512298584,1.1087219715118408,0,0.0,1.374997615814209,0.4999996510103773,0.002128323340533012,1,1
1,0,80,-2.252394437789917,2.602473020553589,1.5669862031936646,3,0,0,1,0.0,0,0,0,1,7.936060486759423,7.401012420654297,1.3502531051635742,1.1549068689346313,0,0.0,1.353093147277832,0.4921756955967775,0.27722279001770506,0,0
1,0,80,-2.252394437789917,2.602473020553589,1.5669862031936646,3,0,0,1,0.0,0,0,0,2,7.936060486759423,7.399168014526367,1.3497920036315918,1.304402232170105,0,0.0,1.3533076047897339,0.4922520207564577,0.2758291202636001,0,0
1,0,90,-2.250303268432617,2.837904691696167,1.5604885816574097,3,0,0,1,0.0,0,0,0,0,7.162095314264296,7.412834644317627,1.3999695777893066,0.906478226184845,0,0.0,1.3749929666519165,0.4999968132109832,0.005057518984881499,1,1
1,0,90,-2.250303268432617,2.837904691696167,1.5604885816574097,3,0,0,1,0.0,0,0,0,1,7.702725302941756,7.258074760437012,1.3497142791748047,0.9296087622642517,0,0.0,1.3519558906555176,0.49176923817135265,0.280149171004934,0,0
1,0,90,-2.250303268432617,2.837904691696167,1.5604885816574097,3,0,0,1,0.0,0,0,0,2,7.702725302941756,7.39036750793457,1.3475918769836426,1.144986629486084,0,0.0,1.3517014980316162,0.49167868834918604,0.2815277067456175,0,0
1,0,100,-2.2471225261688232,3.072714328765869,1.554496169090271,3,0,1,0,0.23500728607177734,0,0,0,0,6.927285677194594,7.1309709548950195,1.3999085426330566,0.7656682729721069,0,0.0,1.3749611377716064,0.49998406861579536,0.011205790855735998,1,0
1,0,100,-2.2471225261688232,3.072714328765869,1.554496169090271,3,0,1,0,0.23500728607177734,0,0,0,1,7.472844857639959,7.365978240966797,1.3483657836914062,0.9862574934959412,0,0.0,1.3530055284500122,0.4921422766754304,0.28626125502600747,0,1
1,0,100,-2.2471225261688232,3.072714328765869,1.554496169090271,3,0,1,0,0.23500728607177734,0,0,0,2,7.566955952810794,6.759331703186035,1.3290410041809082,0.7215839624404907,0,0.0,1.351796269416809,0.4917103464527321,0.3027766184650797,0,0
1,0,110,-2.2428531646728516,3.3085079193115234,1.5475536584854126,3,0,1,0,0.18268203735351562,0,0,0,0,6.734078350917599,6.805005073547363,1.3997855186462402,0.602931559085846,0,0.0,1.3748904466629028,0.49995341845296604,0.019123605310687047,1,0
1,0,110,-2.2428531646728516,3.3085079193115234,1.5475536584854126,3,0,1,0,0.18268203735351562,0,0,0,1,7.1812184217018125,6.987687110900879,1.362414836883545,0.7690137624740601,0,0.0,1.3543349504470825,0.4926124058396907,0.26072990904637533,0,1
1,0,110,-2.2428531646728516,3.3085079193115234,1.5475536584854126,3,0,1,0,0.18268203735351562,0,0,0,2,7.643139868339405,6.773521423339844,1.193380355834961,1.1029701232910156,0,0.0,1.3216066360473633,0.47962313184561794,0.3482281616226887,0,0
1,0,120,-2.235302448272705,3.5434532165527344,1.5305571556091309,3,0,1,0,0.24751901626586914,0,0,0,0,6.641434575076218,6.483321666717529,1.3992424011230469,0.4431760311126709,0,0.0,1.3745659589767456,0.49981848802102086,0.03627181547078432,1,0
1,0,120,-2.235302448272705,3.5434532165527344,1.5305571556091309,3,0,1,0,0.24751901626586914,0,0,0,1,7.045930009402439,6.730840682983398,1.3364524841308594,0.6925153136253357,0,0.0,1.3495231866836548,0.4908744197846206,0.31974140067576406,0,1
1,0,120,-2.235302448272705,3.5434532165527344,1.5305571556091309,3,0,1,0,0.24751901626586914,0,0,0,2,7.279975363794248,6.667593002319336,1.2731866836547852,0.7874231934547424,0,0.0,1.3513330221176147,0.4915206874688528,0.309972357393693,0,0
1,0,130,-2.2241458892822266,3.7779994010925293,1.5166985988616943,2,0,0,1,0.0,0,0,0,0,6.467005603890376,6.284939765930176,1.398409366607666,0.34565117955207825,0,0.0,1.3748825788497925,0.4999582472657676,0.022727993630361494,1,1
1,0,130,-2.2241458892822266,3.7779994010925293,1.5166985988616943,2,0,0,1,0.0,0,0,0,1,6.898178483163378,6.246718406677246,1.317887783050537,0.487583726644516,0,0.0,1.3547532558441162,0.4927686199189657,0.2912131440586116,0,0
1,0,140,-2.20833420753479,4.01235818862915,1.4935938119888306,2,0,0,1,0.0,0,0,0,0,6.2633116320497475,5.980465888977051,1.3859138488769531,0.21840518712997437,0,0.0,1.3640985488891602,0.49609284312623764,0.1091262771251998,1,1
1,0,140,-2.20833420753479,4.01235818862915,1.4935938119888306,2,0,0,1,0.0,0,0,0,1,6.709529700268521,5.812830924987793,1.3045916557312012,0.29723212122917175,0,0.0,1.3530768156051636,0.49215604375079536,0.316873191440797,0,0
1,0,150,-2.189526081085205,4.245971202850342,1.4861949682235718,2,0,1,0,0.15415668487548828,0,0,0,0,6.032844554021775,5.333024978637695,1.3073244094848633,0.05186372250318527,0,0.0,1.2920583486557007,0.47032302713534996,0.2357361438734174,1,0
1,0,150,-2.189526081085205,4.245971202850342,1.4861949682235718,2,0,1,0,0.15415668487548828,0,0,0,1,6.4877961702922375,5.487181663513184,1.3001952171325684,0.14320038259029388,0,0.0,1.3504160642623901,0.4911651085916021,0.34354275056761757,0,1
1,0,230,-1.6280704736709595,5.994086742401123,1.369676947593689,2,0,0,1,0.0,0,0,0,0,4.125608166402465,1.9625036716461182,0.415386438369751,0.15047895908355713,0,0.0,0.40844982862472534,0.15321331056571427,0.08579722946530542,1,1
1,0,230,-1.6280704736709595,5.994086742401123,1.369676947593689,2,0,0,1,0.0,0,0,0,1,4.571757651411331,1.9625036716461182,0.415386438369751,0.15047895908355713,0,0.0,0.40844982862472534,0.15321331056571427,0.08579722946530542,0,0
1,0,240,-1.5957392454147339,6.221608638763428,1.4787362813949585,2,0,0,1,0.0,0,0,0,0,4.012685805606952,2.4764294624328613,0.5441534519195557,0.14990776777267456,0,0.0,0.5375486612319946,0.19930988718090262,0.039816492109709264,1,1
1,0,240,-1.5957392454147339,6.221608638763428,1.4787362813949585,2,0,0,1,0.0,0,0,0,1,4.256814987248108,2.4764294624328613,0.5441534519195557,0.14990776777267456,0,0.0,0.5375486612319946,0.19930988718090262,0.039816492109709264,0,0
1,0,250,-1.5858429670333862,6.453460693359375,1.5602824687957764,3,0,2,0,0.1629009246826172,0,0,0,0,3.959338643930059,2.65744948387146,0.5893158912658691,0.1500929445028305,0,0.0,0.5817415118217468,0.2150750407923006,0.004358274107065098,1,0
1,0,250,-1.5858429670333862,6.453460693359375,1.5602824687957764,3,0,2,0,0.1629009246826172,0,0,0,1,3.9979739166646744,2.65744948387146,0.5893158912658691,0.1500929445028305,0,0.0,0.5817415118217468,0.2150750407923006,0.004358274107065098,0,0
1,0,250,-1.5858429670333862,6.453460693359375,1.5602824687957764,3,0,2,0,0.1629009246826172,0,0,0,2,4.644311677899799,2.820350408554077,0.6376144886016846,0.13494624197483063,0,0.0,0.6252793073654175,0.23062437341590628,0.162943555803634,0,1
1,0,260,-1.5897448062896729,6.682532787322998,1.6043254137039185,3,0,2,0,0.11518311500549316,0,0,0,0,3.8788002482059163,3.5889222621917725,0.8159358501434326,0.162589430809021,0,0.0,0.8138939142227173,0.2980735433855151,0.014952650865294412,1,0
1,0,260,-1.5897448062896729,6.682532787322998,1.6043254137039185,3,0,2,0,0.11518311500549316,0,0,0,1,3.881895290954226,3.5533711910247803,0.8137266635894775,0.14923229813575745,0,0.0,0.80504310131073,0.2949120193727809,0.16364009753572445,0,0
1,0,260,-1.5897448062896729,6.682532787322998,1.6043254137039185,3,0,2,0,0.11518311500549316,0,0,0,2,4.6513433268794975,3.7041053771972656,0.8662521839141846,0.11954832077026367,0,0.0,0.8571727871894836,0.3135297614645278,0.26457626169074316,0,1
1,0,270,-1.6003426313400269,6.90925407409668,1.6262445449829102,3,0,1,0,0.08407402038574219,0,0,0,0,3.7136180511132033,4.665170669555664,1.0818300247192383,0.16892531514167786,0,0.0,1.074129581451416,0.3910137285373239,0.3031754935395665,1,0
1,0,270,-1.6003426313400269,6.90925407409668,1.6262445449829102,3,0,1,0,0.08407402038574219,0,0,0,1,3.76099160591001,4.749244689941406,1.0919744968414307,0.19067339599132538,0,0.0,1.1012589931488037,0.40070219910551674,0.025519900162211197,0,1
1,0,270,-1.6003426313400269,6.90925407409668,1.6262445449829102,3,0,1,0,0.08407402038574219,0,0,0,2,4.8978085855333315,3.5878896713256836,0.8378493785858154,0.11824602633714676,0,0.0,0.8441584706306458,0.308880659927495,0.27185794193080143,0,0
1,0,280,-1.6116691827774048,7.136709213256836,1.6065670251846313,3,0,1,0,20.11728525161743,1,0,1,0,3.5572883432415265,-15.378376007080078,1.1674723625183105,-0.024132870137691498,1,0.0,1.1950323581695557,0.43405680126735663,0.1061347535120076,1,0
1,0,280,-1.6116691827774048,7.136709213256836,1.6065670251846313,3,0,1,0,20.11728525161743,1,0,1,1,3.566966386799586,4.7389092445373535,1.1709665060043335,0.02752157486975193,0,0.0,1.1740845441818237,0.42657512175572937,0.28898429641235407,0,1
1,0,280,-1.6116691827774048,7.136709213256836,1.6065670251846313,3,0,1,0,20.11728525161743,1,0,1,2,5.068663135196026,3.3765652179718018,0.783757209777832,0.12076814472675323,0,0.0,0.8093621134757996,0.29631754647232417,0.37300587316518713,0,0
1,1,0,-2.25,1.0,1.5707963267948966,3,0,0,1,0.0,0,0,0,0,9.0,7.150001525878906,1.2875003814697266,1.8949999809265137,0,0.0,1.2850003242492676,0.45982142857142855,0.0,1,1
1,1,0,-2.25,1.0,1.5707963267948966,3,0,0,1,0.0,0,0,0,1,9.513236186146589,6.992805480957031,1.2482013702392578,1.6120399236679077,0,0.0,1.2636055946350098,0.45218076037786004,0.2523747889156115,0,0
1,1,0,-2.25,1.0,1.5707963267948966,3,0,0,1,0.0,0,0,0,2,9.513236186146589,6.992805480957031,1.2482013702392578,1.6120399236679077,0,0.0,1.2636055946350098,0.45218076037786004,0.25237478891561166,0,0
1,1,10,-2.250591278076172,1.053576111793518,1.5873806476593018,3,0,0,1,0.0,0,0,0,0,8.95,7.414575576782227,1.3536438941955566,1.869964361190796,0,0.0,1.3426522016525269,0.483459009075112,0.008363217566113535,1,1
1,1,10,-2.250591278076172,1.053576111793518,1.5873806476593018,3,0,0,1,0.0,0,0,0,1,9.463793281809847,7.233602523803711,1.3084006309509277,1.5634506940841675,0,0.0,1.3220634460449219,0.47610559814381465,0.2745394324794993,0,0
1,1,10,-2.250591278076172,1.053576111793518,1.5873806476593018,3,0,0,1,0.0,0,0,0,2,9.463793281809847,7.244607925415039,1.3111519813537598,1.588507056236267,0,0.0,1.322458267211914,0.47624671710387195,0.2721000494104119,0,0
1,1,20,-2.2535202503204346,1.19688081741333,1.5909217596054077,3,0,0,1,0.0,0,0,0,0,8.799999999999999,7.577840805053711,1.3944602012634277,1.8698365688323975,0,0.0,1.373488426208496,0.49804351910991745,0.013399929919034225,1,1
1,1,20,-2.2535202503204346,1.19688081741333,1.5909217596054077,3,0,0,1,0.0,0,0,0,1,9.31551287810118,7.37835693359375,1.3445892333984375,1.5642735958099365,0,0.0,1.3519752025604248,0.4903602374777711,0.28567044395690555,0,0
1,1,20,-2.2535202503204346,1.19688081741333,1.5909217596054077,3,0,0,1,0.0,0,0,0,2,9.31551287810118,7.395809173583984,1.348952293395996,1.5893524885177612,0,0.0,1.3529138565063477,0.49069571133768225,0.2796028153236298,0,0
1,1,30,-2.256821393966675,1.4221271276474,1.5808827877044678,3,0,0,1,0.0,0,0,0,0,8.599999999999998,7.599733352661133,1.3999333381652832,1.8936327695846558,0,0.0,1.3749544620513916,0.4999807491653266,0.012869715217138302,1,1
1,1,30,-2.256821393966675,1.4221271276474,1.5808827877044678,3,0,0,1,0.0,0,0,0,1,9.117925063475388,7.38197135925293,1.3454928398132324,1.5399121046066284,0,0.0,1.3512688875198364,0.4915209016906922,0.2923729178732534,0,0
1,1,30,-2.256821393966675,1.4221271276474,1.5808827877044678,3,0,0,1,0.0,0,0,0,2,9.117925063475388,7.394426345825195,1.3486065864562988,1.5649731159210205,0,0.0,1.352482795715332,0.4919545989775849,0.28517651877089795,0,0
1,1,40,-2.258023977279663,1.656813144683838,1.5712413787841797,3,0,0,1,0.0,0,0,0,0,8.349999999999998,7.599851608276367,1.3999629020690918,1.8939846754074097,0,0.0,1.3749762773513794,0.49998938911991536,0.010106418022902875,1,1
1,1,40,-2.258023977279663,1.656813144683838,1.5712413787841797,3,0,0,1,0.0,0,0,0,1,8.871149842504158,7.396089553833008,1.349022388458252,1.5645508766174316,0,0.0,1.3523591756820679,0.49191179352082565,0.2864864262333747,0,0
1,1,40,-2.258023977279663,1.656813144683838,1.5712413787841797,3,0,0,1,0.0,0,0,0,2,8.871149842504158,7.400884628295898,1.3502211570739746,1.564829707145691,0,0.0,1.353437900543213,0.49229731119435954,0.2797031687667449,0,0
1,1,50,-2.2566754817962646,1.8915538787841797,1.5589298009872437,3,0,0,1,0.0,0,0,0,0,8.099999999999998,7.599756240844727,1.3999390602111816,1.7383891344070435,0,0.0,1.374991774559021,0.49999709188678076,0.006155571252438816,1,1
1,1,50,-2.2566754817962646,1.8915538787841797,1.5589298009872437,3,0,0,1,0.0,0,0,0,1,8.624633442061722,7.4041748046875,1.351043701171875,1.5894683599472046,0,0.0,1.3521665334701538,0.49184513896623067,0.27997174646081346,0,0
1,1,50,-2.2566754817962646,1.8915538787841797,1.5589298009872437,3,0,0,1,0.0,0,0,0,2,8.624633442061722,7.398502349853516,1.349625587463379,1.5646519660949707,0,0.0,1.3527090549468994,0.492038892723109,0.27636027662583507,0,0
1,1,60,-2.252779960632324,2.127171754837036,1.5526738166809082,3,0,0,1,0.0,0,0,0,0,7.849999999999999,7.599618911743164,1.399904727935791,1.5398504734039307,0,0.0,1.3749839067459106,0.4999937647443273,0.007577653251200168,1,1
1,1,60,-2.252779960632324,2.127171754837036,1.5526738166809082,3,0,0,1,0.0,0,0,0,1,8.378408067339434,7.416875839233398,1.3542189598083496,1.5895167589187622,0,0.0,1.3534163236618042,0.49229092727763757,0.2772620625923106,0,0
1,1,60,-2.252779960632324,2.127171754837036,1.5526738166809082,3,0,0,1,0.0,0,0,0,2,8.378408067339434,7.404254913330078,1.3510637283325195,1.564469814300537,0,0.0,1.353300929069519,0.4922496851858541,0.2778326513917571,0,0
1,1,70,-2.2502496242523193,2.3610618114471436,1.5662494897842407,3,0,0,1,0.0,0,0,0,0,7.649999999999999,7.5999603271484375,1.3999900817871094,1.326119303703308,0,0.0,1.3749942779541016,0.49999944095166116,0.002135397666068086,1,1
1,1,70,-2.2502496242523193,2.3610618114471436,1.5662494897842407,3,0,0,1,0.0,0,0,0,1,8.181662445769591,7.396583557128906,1.3491458892822266,1.377563714981079,0,0.0,1.3527125120162964,0.4920403975743377,0.2790819274140451,0,0
1,1,70,-2.2502496242523193,2.3610618114471436,1.5662494897842407,3,0,0,1,0.0,0,0,0,2,8.181662445769591,7.392887115478516,1.348221778869629,1.4871561527252197,0,0.0,1.352623701095581,0.4920086078827032,0.27956771953973086,0,0
1,1,80,-2.2504231929779053,2.5954973697662354,1.5753666162490845,3,0,0,1,0.0,0,0,0,0,7.399999999999999,7.599964141845703,1.3999910354614258,1.1087156534194946,0,0.0,1.3749942779541016,0.49999904666668943,0.002729718271079532,1,1
1,1,80,-2.2504231929779053,2.5954973697662354,1.5753666162490845,3,0,0,1,0.0,0,0,0,1,7.936060486759423,7.396100997924805,1.3490252494812012,1.1570756435394287,0,0.0,1.3520803451538086,0.4918142409661489,0.2776995919812251,0,0
1,1,80,-2.2504231929779053,2.5954973697662354,1.5753666162490845,3,0,0,1,0.0,0,0,0,2,7.936060486759423,7.400106430053711,1.3500266075134277,1.3036643266677856,0,0.0,1.3522593975067139,0.49187829243309233,0.27667368331711467,0,0
1,1,90,-2.2515170574188232,2.830444574356079,1.5763665437698364,3,0,0,1,0.0,0,0,0,0,7.169555431604384,7.451484203338623,1.399989128112793,0.9257637858390808,0,0.0,1.3749949932098389,0.49999754608097075,0.004426500481236895,1,1
1,1,90,-2.2515170574188232,2.830444574356079,1.5763665437698364,3,0,0,1,0.0,0,0,0,1,7.710035932241071,7.295696258544922,1.3479819297790527,0.9518843293190002,0,0.0,1.35165536403656,0.4916621300186182,0.2808462864350024,0,0
1,1,90,-2.2515170574188232,2.830444574356079,1.5763665437698364,3,0,0,1,0.0,0,0,0,2,7.710035932241071,7.397470474243164,1.349367618560791,1.1450117826461792,0,0.0,1.3520056009292603,0.491787062476578,0.27881172084546163,0,0
1,1,100,-2.252323627471924,3.0678582191467285,1.5686054229736328,3,0,1,0,0.2469477653503418,0,0,0,0,6.932141786813735,7.092925071716309,1.3999967575073242,0.7464689016342163,0,0.0,1.3749995231628418,0.4999994987992665,0.002465034117546277,1,0
1,1,100,-2.252323627471924,3.0678582191467285,1.5686054229736328,3,0,1,0,0.2469477653503418,0,0,0,1,7.4775944265374505,7.33987283706665,1.350297451019287,0.9693415760993958,0,0.0,1.3535515069961548,0.49234003024397816,0.27581340085839773,0,1
1,1,100,-2.252323627471924,3.0678582191467285,1.5686054229736328,3,0,1,0,0.2469477653503418,0,0,0,2,7.571676922653321,6.769331932067871,1.326486587524414,0.731692910194397,0,0.0,1.351136565208435,0.4914769604296403,0.29956409402099904,0,0
1,1,110,-2.2492027282714844,3.3039422035217285,1.548457145690918,3,0,1,0,0.15443992614746094,0,0,0,0,6.73864282898336,6.8052873611450195,1.399848461151123,0.6029468774795532,0,0.0,1.3749550580978394,0.4999812136112669,0.012054235235222786,1,0
1,1,110,-2.2492027282714844,3.3039422035217285,1.548457145690918,3,0,1,0,0.15443992614746094,0,0,0,1,7.185691495715949,6.9597272872924805,1.362823486328125,0.7542165517807007,0,0.0,1.3546408414840698,0.4927261521927592,0.2538533754418416,0,1
1,1,110,-2.2492027282714844,3.3039422035217285,1.548457145690918,3,0,1,0,0.15443992614746094,0,0,0,2,7.647470740968913,6.758266448974609,1.1895666122436523,1.102929949760437,0,0.0,1.3185625076293945,0.478542369726131,0.3553724571522941,0,0
1,1,120,-2.242258071899414,3.5401575565338135,1.534669041633606,3,0,1,0,0.2850766181945801,0,0,0,0,6.644715091762574,6.448530673980713,1.3995118141174316,0.4252416491508484,0,0.0,1.374774694442749,0.49990639402652726,0.02632028035575271,1,0
1,1,120,-2.242258071899414,3.5401575565338135,1.534669041633606,3,0,1,0,0.2850766181945801,0,0,0,1,7.049129711018531,6.733607292175293,1.3377151489257812,0.691373348236084,0,0.0,1.3503092527389526,0.49116775704038584,0.3100288529507343,0,1
1,1,120,-2.242258071899414,3.5401575565338135,1.534669041633606,3,0,1,0,0.2850766181945801,0,0,0,2,7.283119068822204,6.65805721282959,1.274507999420166,0.7800127267837524,0,0.0,1.351922631263733,0.49174419100032807,0.30571005731224954,0,0
1,1,130,-2.2321114540100098,3.77573299407959,1.519952416419983,2,0,0,1,0.0,0,0,0,0,6.4899612808599265,6.243456840515137,1.397935390472412,0.3258577287197113,0,0.0,1.3735235929489136,0.4994322672973001,0.06163485057805724,1,1
1,1,130,-2.2321114540100098,3.77573299407959,1.519952416419983,2,0,0,1,0.0,0,0,0,1,6.921064409243782,6.2195634841918945,1.3107166290283203,0.48834842443466187,0,0.0,1.3500910997390747,0.49106346064036177,0.34046036291090587,0,0
1,1,140,-2.2191452980041504,4.009367942810059,1.5166559219360352,2,0,0,1,0.0,0,0,0,0,6.266264107855212,5.998422145843506,1.3871312141418457,0.22494858503341675,0,0.0,1.3644477128982544,0.4962310532233402,0.09604227249943927,1,1
1,1,140,-2.2191452980041504,4.009367942810059,1.5166559219360352,2,0,0,1,0.0,0,0,0,1,6.712376149219737,5.811777114868164,1.3102121353149414,0.28546425700187683,0,0.0,1.3545371294021606,0.4926916147019747,0.29424232885119267,0,0
1,1,150,-2.20451283454895,4.242481231689453,1.498572826385498,2,0,1,0,0.12571334838867188,0,0,0,0,6.036284508864492,5.339792251586914,1.308992862701416,0.05191037431359291,0,0.0,1.2930371761322021,0.4707110641124971,0.2168339769389931,1,0
1,1,150,-2.20451283454895,4.242481231689453,1.498572826385498,2,0,1,0,0.12571334838867188,0,0,0,1,6.4910987798830115,5.465505599975586,1.3044943809509277,0.12376408278942108,0,0.0,1.3526543378829956,0.49200231342055684,0.319888933495221,0,1
1,1,230,-1.6108641624450684,5.979850769042969,1.349766731262207,2,0,0,1,0.0,0,0,0,0,4.1452472987439695,2.2656283378601074,0.4839005470275879,0.16501305997371674,0,0.0,0.480980783700943,0.17911079410846126,0.0952391925566187,1,1
1,1,230,-1.6108641624450684,5.979850769042969,1.349766731262207,2,0,0,1,0.0,0,0,0,1,4.58273736858297,2.2656283378601074,0.4839005470275879,0.16501305997371674,0,0.0,0.480980783700943,0.17911079410846126,0.0952391925566187,0,0
1,1,240,-1.5774483680725098,6.210501194000244,1.4895302057266235,2,0,0,1,0.0,0,0,0,0,4.031246212484666,2.638897657394409,0.5793006420135498,0.16084757447242737,0,0.0,0.5734785795211792,0.21229448970660875,0.03459548528290181,1,1
1,1,240,-1.5774483680725098,6.210501194000244,1.4895302057266235,2,0,0,1,0.0,0,0,0,1,4.263796477841188,2.633014678955078,0.5792257785797119,0.15805576741695404,0,0.0,0.5733596682548523,0.21225190388994014,0.041326375068371383,0,0
1,1,250,-1.5745729207992554,6.44261360168457,1.6055281162261963,3,0,2,0,0.045543670654296875,0,0,0,0,3.9748018998433707,2.7107491493225098,0.5920469760894775,0.17128056287765503,0,0.0,0.5821213126182556,0.2153772787987658,0.02195684192295532,1,0
1,1,250,-1.5745729207992554,6.44261360168457,1.6055281162261963,3,0,2,0,0.045543670654296875,0,0,0,1,4.006147984307213,2.7107491493225098,0.5920469760894775,0.17128056287765503,0,0.0,0.5821213126182556,0.2153772787987658,0.02195684192295532,0,0
1,1,250,-1.5745729207992554,6.44261360168457,1.6055281162261963,3,0,2,0,0.045543670654296875,0,0,0,2,4.6504451754683025,2.7562928199768066,0.6220011711120605,0.13414405286312103,0,0.0,0.6077073216438293,0.22451549642334484,0.1764315312944754,0,1
1,1,260,-1.5902341604232788,6.670684814453125,1.656658411026001,3,0,2,0,0.19440913200378418,0,0,0,0,3.886888948492852,3.5561280250549316,0.8062779903411865,0.16550804674625397,0,0.0,0.8001083135604858,0.29318276457455505,0.03872135382085644,1,0
1,1,260,-1.5902341604232788,6.670684814453125,1.656658411026001,3,0,2,0,0.19440913200378418,0,0,0,1,3.893176164758956,3.5184082984924316,0.804128885269165,0.15094637870788574,0,0.0,0.7924889922142029,0.29046182598084985,0.18073153307329498,0,0
1,1,260,-1.5902341604232788,6.670684814453125,1.656658411026001,3,0,2,0,0.19440913200378418,0,0,0,2,4.66210187221904,3.750537157058716,0.8666355609893799,0.14199741184711456,0,0.0,0.8584998846054077,0.31403730581126904,0.2610258297598031,0,1
1,1,270,-1.6100871562957764,6.898470401763916,1.6547058820724487,3,0,1,0,0.14922285079956055,0,0,0,0,3.7275712617950427,4.74819803237915,1.1006264686584473,0.17284606397151947,0,0.0,1.093967080116272,0.398017422288731,0.31541199657690416,1,0
1,1,270,-1.6100871562957764,6.898470401763916,1.6547058820724487,3,0,1,0,0.14922285079956055,0,0,0,1,3.7601215943024524,4.897420883178711,1.133819818496704,0.18107075989246368,0,0.0,1.1400799751281738,0.4144862239274459,0.03849500637668603,0,1
1,1,270,-1.6100871562957764,6.898470401763916,1.6547058820724487,3,0,1,0,0.14922285079956055,0,0,0,2,4.911982528916328,3.549532413482666,0.8286030292510986,0.11756014823913574,0,0.0,0.837117075920105,0.3062859532028212,0.2621939906477555,0,0
1,1,280,-1.6242015361785889,7.125176429748535,1.60693359375,3,0,0,1,0.0,0,0,0,0,3.5356363591592044,4.7979817390441895,1.1980814933776855,0.002827804535627365,0,0.0,1.2013956308364868,0.43624816368296393,0.29961342111075506,1,1
1,1,280,-1.6242015361785889,7.125176429748535,1.60693359375,3,0,0,1,0.0,0,0,0,1,3.574025216299191,4.682332992553711,1.169797420501709,0.0015715640038251877,0,0.0,1.1951490640640259,0.4340165705465121,0.10565547459583281,0,0
1,1,280,-1.6242015361785889,7.125176429748535,1.60693359375,3,0,0,1,0.0,0,0,0,2,5.085129525077961,3.332451105117798,0.7655653953552246,0.1350947916507721,0,0.0,0.7899015545845032,0.28928614924961565,0.3760601458360614,0,0
5,0,0,-2.25,1.0,1.5707963267948966,3,0,0,1,0.0,0,0,0,0,9.0,7.150001525878906,1.2875003814697266,1.8949999809265137,0,0.0,1.2850003242492676,0.45982142857142855,0.0,1,1
5,0,0,-2.25,1.0,1.5707963267948966,3,0,0,1,0.0,0,0,0,1,9.513236186146589,6.992805480957031,1.2482013702392578,1.6120399236679077,0,0.0,1.2636055946350098,0.45218076037786004,0.2523747889156115,0,0
5,0,0,-2.25,1.0,1.5707963267948966,3,0,0,1,0.0,0,0,0,2,9.513236186146589,6.992805480957031,1.2482013702392578,1.6120399236679077,0,0.0,1.2636055946350098,0.45218076037786004,0.25237478891561166,0,0
5,0,10,-2.24971604347229,1.0588933229446411,1.5600006580352783,3,0,0,1,0.0,0,0,0,0,8.95,7.434638977050781,1.3586597442626953,1.8946539163589478,0,0.0,1.3468140363693237,0.48524157470932977,0.005436673157160462,1,1
5,0,10,-2.24971604347229,1.0588933229446411,1.5600006580352783,3,0,0,1,0.0,0,0,0,1,9.463793281809847,7.256681442260742,1.3141703605651855,1.5893465280532837,0,0.0,1.3259907960891724,0.47780505995307937,0.2720963136529696,0,0
5,0,10,-2.24971604347229,1.0588933229446411,1.5600006580352783,3,0,0,1,0.0,0,0,0,2,9.463793281809847,7.249261856079102,1.3123154640197754,1.5643153190612793,0,0.0,1.325730562210083,0.4777120918342269,0.27367086333589363,0,0
5,0,20,-2.247821569442749,1.2029353380203247,1.558211326599121,3,0,0,1,0.0,0,0,0,0,8.799999999999999,7.576711654663086,1.3941779136657715,1.894214391708374,0,0.0,1.3733423948287964,0.4979296904460166,0.008401859385953914,1,1
5,0,20,-2.247821569442749,1.2029353380203247,1.558211326599121,3,0,0,1,0.0,0,0,0,1,9.31551287810118,7.387989044189453,1.3469972610473633,1.589424967765808,0,0.0,1.3522498607635498,0.49039635911702245,0.27874173604351304,0,0
5,0,20,-2.247821569442749,1.2029353380203247,1.558211326599121,3,0,0,1,0.0,0,0,0,2,9.31551287810118,7.376941680908203,1.3442354202270508,1.5643774271011353,0,0.0,1.351653814315796,0.4901838182900988,0.28255246952990365,0,0
5,0,30,-2.2460148334503174,1.4257149696350098,1.5659418106079102,3,0,0,1,0.0,0,0,0,0,8.549999999999999,7.599924087524414,1.3999810218811035,1.8943047523498535,0,0.0,1.374985933303833,0.4999946812268128,0.006739646071945936,1,1
5,0,30,-2.2460148334503174,1.4257149696350098,1.5659418106079102,3,0,0,1,0.0,0,0,0,1,9.0685506996768,7.414669036865234,1.3536672592163086,1.5884424448013306,0,0.0,1.3535778522491455,0.4923481472010939,0.2737558781658495,0,0
5,0,30,-2.2460148334503174,1.4257149696350098,1.5659418106079102,3,0,0,1,0.0,0,0,0,2,9.0685506996768,7.409019470214844,1.352254867553711,1.5644583702087402,0,0.0,1.3529798984527588,0.49213458861251513,0.27753477698855045,0,0
5,0,40,-2.246206521987915,1.6611300706863403,1.5760709047317505,3,0,0,1,0.0,0,0,0,0,8.349999999999998,7.599939346313477,1.3999848365783691,1.8947807550430298,0,0.0,1.3749971389770508,0.49999904259266076,0.0034517630342812936,1,1
5,0,40,-2.246206521987915,1.6611300706863403,1.5760709047317505,3,0,0,1,0.0,0,0,0,1,8.871149842504158,7.3942108154296875,1.3485527038574219,1.5646905899047852,0,0.0,1.3528443574905396,0.49208724809087734,0.2781259059307222,0,0
5,0,40,-2.246206521987915,1.6611300706863403,1.5760709047317505,3,0,0,1,0.0,0,0,0,2,8.871149842504158,7.396732330322266,1.3491830825805664,1.564901351928711,0,0.0,1.3524810075759888,0.49195727700191627,0.2808163787840075,0,0
5,0,50,-2.2478456497192383,1.8969690799713135,1.5802242755889893,3,0,0,1,0.0,0,0,0,0,8.099999999999998,7.5998992919921875,1.3999748229980469,1.8947962522506714,0,0.0,1.3749980926513672,0.49999865419197687,0.0038057403828311576,1,1
5,0,50,-2.2478456497192383,1.8969690799713135,1.5802242755889893,3,0,0,1,0.0,0,0,0,1,8.624633442061722,7.394758224487305,1.3486895561218262,1.5647071599960327,0,0.0,1.3520660400390625,0.49180957016261584,0.2786797983057415,0,0
5,0,50,-2.2478456497192383,1.8969690799713135,1.5802242755889893,3,0,0,1,0.0,0,0,0,2,8.624633442061722,7.401256561279297,1.3503141403198242,1.5884149074554443,0,0.0,1.352059006690979,0.4918069632545116,0.27886968767341874,0,0
5,0,60,-2.250760078430176,2.1319167613983154,1.5821080207824707,3,0,0,1,0.0,0,0,0,0,7.849999999999999,7.599843978881836,1.399960994720459,1.894347071647644,0,0.0,1.374987244606018,0.49999471572936194,0.006350664937952555,1,1
5,0,60,-2.250760078430176,2.1319167613983154,1.5821080207824707,3,0,0,1,0.0,0,0,0,1,8.378408067339434,7.40315055847168,1.35078763961792,1.56455397605896,0,0.0,1.3528530597686768,0.4920896819710328,0.2786665218552338,0,0
5,0,60,-2.250760078430176,2.1319167613983154,1.5821080207824707,3,0,0,1,0.0,0,0,0,2,8.378408067339434,7.412445068359375,1.3531112670898438,1.588513731956482,0,0.0,1.3532387018203735,0.492227168725741,0.2763942743189298,0,0
5,0,70,-2.2523112297058105,2.36670184135437,1.5738880634307861,3,0,0,1,0.0,0,0,0,0,7.649999999999999,7.599958419799805,1.3999896049499512,1.8945101499557495,0,0.0,1.3749923706054688,0.49999793337258663,0.004174772097403857,1,1
5,0,70,-2.2523112297058105,2.36670184135437,1.5738880634307861,3,0,0,1,0.0,0,0,0,1,8.181662445769591,7.388795852661133,1.3471989631652832,1.5646535158157349,0,0.0,1.3521037101745605,0.4918222645547862,0.28218859872557944,0,0
5,0,70,-2.2523112297058105,2.36670184135437,1.5738880634307861,3,0,0,1,0.0,0,0,0,2,8.181662445769591,7.392778396606445,1.3481945991516113,1.5646730661392212,0,0.0,1.352498173713684,0.49196306471009926,0.2798185544817573,0,0
5,0,80,-2.252394437789917,2.602473020553589,1.5669862031936646,3,0,0,1,0.0,0,0,0,0,7.399999999999999,7.599966049194336,1.399991512298584,1.8515578508377075,0,0.0,1.374997615814209,0.4999996510103773,0.002128323340533012,1,1
5,0,80,-2.252394437789917,2.602473020553589,1.5669862031936646,3,0,0,1,0.0,0,0,0,1,7.936060486759423,7.401012420654297,1.3502531051635742,1.564748764038086,0,0.0,1.353093147277832,0.4921756955967775,0.27722279001770506,0,0
5,0,80,-2.252394437789917,2.602473020553589,1.5669862031936646,3,0,0,1,0.0,0,0,0,2,7.936060486759423,7.399168014526367,1.3497920036315918,1.5647468566894531,0,0.0,1.3533076047897339,0.4922520207564577,0.2758291202636001,0,0
5,0,90,-2.250309705734253,2.837897777557373,1.56059730052948,3,0,0,1,0.0,0,0,0,0,7.16210222840309,7.599880218505859,1.3999700546264648,1.630637526512146,0,0.0,1.374992847442627,0.4999968908250177,0.004997788580051442,1,1
5,0,90,-2.250309705734253,2.837897777557373,1.56059730052948,3,0,0,1,0.0,0,0,0,1,7.7027320783389275,7.398813247680664,1.349703311920166,1.5884474515914917,0,0.0,1.3519539833068848,0.49176861203462124,0.28011049182435427,0,0
5,0,90,-2.250309705734253,2.837897777557373,1.56059730052948,3,0,0,1,0.0,0,0,0,2,7.7027320783389275,7.390417098999023,1.3476042747497559,1.5644922256469727,0,0.0,1.3517035245895386,0.4916794527148207,0.281467097690249,0,0
5,0,100,-2.2479424476623535,3.0726754665374756,1.563402533531189,3,0,0,1,0.0,0,0,0,0,6.927324539422988,7.599908828735352,1.399977207183838,1.38662588596344,0,0.0,1.3749874830245972,0.49999560944708005,0.005917453446973761,1,1
5,0,100,-2.2479424476623535,3.0726754665374756,1.563402533531189,3,0,0,1,0.0,0,0,0,1,7.472882866443333,7.405080795288086,1.3512701988220215,1.4663004875183105,0,0.0,1.3536494970321655,0.49237445689278847,0.2780400512832915,0,0
5,0,100,-2.2479424476623535,3.0726754665374756,1.563402533531189,3,0,0,1,0.0,0,0,0,2,7.472882866443333,7.397687911987305,1.3494219779968262,1.4228615760803223,0,0.0,1.3531973361968994,0.4922125249547365,0.2809925822926179,0,0
5,0,110,-2.247694492340088,3.3083748817443848,1.5712637901306152,3,0,0,1,0.0,0,0,0,0,6.691625094413756,7.599992752075195,1.3999981880187988,1.1690151691436768,0,0.0,1.3749995231628418,0.49999919189123304,0.002875453076491944,1,1
5,0,110,-2.247694492340088,3.3083748817443848,1.5712637901306152,3,0,0,1,0.0,0,0,0,1,7.242610381093369,7.401462554931641,1.3503656387329102,1.2703733444213867,0,0.0,1.3535717725753784,0.4923469948499209,0.2759954203333187,0,0
5,0,110,-2.247694492340088,3.3083748817443848,1.5712637901306152,3,0,0,1,0.0,0,0,0,2,7.242610381093369,7.400541305541992,1.350135326385498,1.203566074371338,0,0.0,1.35329008102417,0.4922466587862891,0.2779370256404819,0,0
5,0,120,-2.247983455657959,3.5428590774536133,1.5754669904708862,3,0,0,1,0.0,0,0,0,0,6.457140898704528,7.4618072509765625,1.3999953269958496,0.9309130907058716,0,0.0,1.3750025033950806,0.4999996857630534,0.0019226470324609653,1,1
5,0,120,-2.247983455657959,3.5428590774536133,1.5754669904708862,3,0,0,1,0.0,0,0,0,1,7.0140731778931755,7.399080276489258,1.3497700691223145,1.0649625062942505,0,0.0,1.3534988164901733,0.4923216719468945,0.2758908433041987,0,0
5,0,120,-2.247983455657959,3.5428590774536133,1.5754669904708862,3,0,0,1,0.0,0,0,0,2,7.0140731778931755,7.395482540130615,1.3504786491394043,0.9967839121818542,0,0.0,1.353363275527954,0.49227291103968007,0.2769397396644831,0,0
5,0,130,-2.251695394515991,3.777055501937866,1.5939866304397583,3,0,1,0,0.15209197998046875,0,0,0,0,6.222944474220275,7.066272735595703,1.3998298645019531,0.7334765195846558,0,0.0,1.3749452829360962,0.49997727052060853,0.013209456175749732,1,0
5,0,130,-2.251695394515991,3.777055501937866,1.5939866304397583,3,0,1,0,0.15209197998046875,0,0,0,1,6.78644811522202,7.218364715576172,1.3472366333007812,0.9147090911865234,0,0.0,1.3529804944992065,0.49213250614474624,0.2883285163162618,0,1
5,0,130,-2.251695394515991,3.777055501937866,1.5939866304397583,3,0,1,0,0.15209197998046875,0,0,0,2,6.853074972912553,6.943644046783447,1.3421483039855957,0.7875253558158875,0,0.0,1.3534069061279297,0.492284950636875,0.2969754806459025,0,0
5,0,140,-2.2583539485931396,4.011529922485352,1.6033612489700317,3,0,1,0,0.25531911849975586,0,0,0,0,5.988470053672789,6.638251304626465,1.3996062278747559,0.5199131369590759,0,0.0,1.3748221397399902,0.49992312905565806,0.024644217178297595,1,0
5,0,140,-2.2583539485931396,4.011529922485352,1.6033612489700317,3,0,1,0,0.25531911849975586,0,0,0,1,6.559290054655744,6.893570423126221,1.3453855514526367,0.7560140490531921,0,0.0,1.3523173332214355,0.4918855020420897,0.2995886025144215,0,1
5,0,140,-2.2583539485931396,4.011529922485352,1.6033612489700317,3,0,1,0,0.25531911849975586,0,0,0,2,6.62729649610677,6.498691082000732,1.343571662902832,0.5622022747993469,0,0.0,1.353948950767517,0.49246888623158275,0.3000746634630093,0,0
5,0,150,-2.268064022064209,4.2476806640625,1.6201096773147583,3,0,2,0,0.44237852096557617,0,0,0,0,5.752319312095641,6.355911731719971,1.398852825164795,0.38025012612342834,0,0.0,1.3743606805801392,0.49973191135125916,0.04401797340832882,1,0
5,0,150,-2.268064022064209,4.2476806640625,1.6201096773147583,3,0,2,0,0.44237852096557617,0,0,0,1,6.331384200497229,6.588754653930664,1.3419861793518066,0.6104050874710083,0,0.0,1.350969672203064,0.4913781486666176,0.3185792733134893,0,0
5,0,150,-2.268064022064209,4.2476806640625,1.6201096773147583,3,0,2,0,0.44237852096557617,0,0,0,2,6.5757518565827215,6.798290252685547,1.2772235870361328,0.8446978330612183,0,0.0,1.3525505065917969,0.4919426169813795,0.31047969775240897,0,1
5,0,160,-2.282393455505371,4.483933448791504,1.6383607387542725,3,0,2,0,0.5630178451538086,0,0,0,0,5.516474188744804,6.07595157623291,1.397873878479004,0.2422279715538025,0,0.0,1.3748278617858887,0.4999363585234722,0.026563929548647343,1,0
5,0,160,-2.282393455505371,4.483933448791504,1.6383607387542725,3,0,2,0,0.5630178451538086,0,0,0,1,6.119042021571514,6.4052934646606445,1.3393540382385254,0.523938775062561,0,0.0,1.3535734415054321,0.4923456000258934,0.2941780148414596,0,0
5,0,160,-2.282393455505371,4.483933448791504,1.6383607387542725,3,0,2,0,0.5630178451538086,0,0,0,2,6.372302287731625,6.638969421386719,1.2692179679870605,0.7810487747192383,0,0.0,1.356028437614441,0.49322237386367174,0.2826615129606627,0,1
5,0,170,-2.300450325012207,4.718267440795898,1.6589672565460205,3,0,2,0,0.5249514579772949,0,0,0,0,5.282174046023078,5.87066125869751,1.3533613681793213,0.2286079078912735,0,0.0,1.3309214115142822,0.48422195382836836,0.04630704491345257,1,0
5,0,170,-2.300450325012207,4.718267440795898,1.6589672565460205,3,0,2,0,0.5249514579772949,0,0,0,1,5.896104561723384,6.174173355102539,1.3341178894042969,0.4188508987426758,0,0.0,1.3514759540557861,0.49156339182824105,0.32134131390839193,0,0
5,0,170,-2.300450325012207,4.718267440795898,1.6589672565460205,3,0,2,0,0.5249514579772949,0,0,0,2,6.155390768611426,6.395612716674805,1.2619028091430664,0.6740008592605591,0,0.0,1.355040192604065,0.4928359798130571,0.2928231461542114,0,1
5,0,180,-2.3254642486572266,4.951294422149658,1.6949976682662964,3,0,2,0,0.48282575607299805,0,0,0,0,5.050628996226535,5.691319465637207,1.28525972366333,0.27514028549194336,0,0.0,1.266686201095581,0.4612995699684545,0.0505534442594696,1,0
5,0,180,-2.3254642486572266,4.951294422149658,1.6949976682662964,3,0,2,0,0.48282575607299805,0,0,0,1,5.693314377033142,6.0293474197387695,1.3251852989196777,0.3643031120300293,0,0.0,1.352721929550171,0.49202648379547753,0.31751051685526555,0,0
5,0,180,-2.3254642486572266,4.951294422149658,1.6949976682662964,3,0,2,0,0.48282575607299805,0,0,0,2,5.967641440049281,6.174145221710205,1.2541117668151855,0.5788490772247314,0,0.0,1.3570027351379395,0.49355487509336105,0.2801221431318754,0,1
5,0,190,-2.3561370372772217,5.18315315246582,1.7030447721481323,3,0,2,0,0.6753673553466797,0,0,0,0,4.818958516125324,5.253026485443115,1.1755692958831787,0.27537474036216736,0,0.0,1.1563210487365723,0.4218029833454774,0.07180853130143175,1,0
5,0,190,-2.3561370372772217,5.18315315246582,1.7030447721481323,3,0,2,0,0.6753673553466797,0,0,0,1,5.477476902276612,5.554366111755371,1.2415902614593506,0.294002503156662,0,0.0,1.2625696659088135,0.4597494885660622,0.3328130785147595,0,0
5,0,190,-2.3561370372772217,5.18315315246582,1.7030447721481323,3,0,2,0,0.6753673553466797,0,0,0,2,5.754381019550005,5.928393840789795,1.238795518875122,0.4866058826446533,0,0.0,1.3548685312271118,0.49271288615971054,0.2981474701921199,0,1
5,0,200,-2.3860700130462646,5.414454460144043,1.6937909126281738,3,0,2,0,0.2530994415283203,0,0,0,0,4.59080712819293,5.077165126800537,1.120819330215454,0.2969439923763275,0,0.0,1.1028406620025635,0.4027653426370592,0.0518763927643068,1,0
5,0,200,-2.3860700130462646,5.414454460144043,1.6937909126281738,3,0,2,0,0.2530994415283203,0,0,0,1,5.250594711442547,4.92609167098999,1.1020476818084717,0.2589505612850189,0,0.0,1.083238124847412,0.3957643154731924,0.19379754513825448,0,0
5,0,200,-2.3860700130462646,5.414454460144043,1.6937909126281738,3,0,2,0,0.2530994415283203,0,0,0,2,5.28537091282623,5.330264568328857,1.1850347518920898,0.295062780380249,0,0.0,1.2036231756210327,0.4387590212151891,0.2920226651338179,0,1
5,0,210,-2.413074016571045,5.649007320404053,1.6728613376617432,3,0,2,0,0.08912134170532227,0,0,0,0,4.35690155237835,4.699151992797852,1.0268006324768066,0.2959746718406677,0,0.0,1.0064899921417236,0.3683083306859019,0.059498684889113806,1,0
5,0,210,-2.413074016571045,5.649007320404053,1.6728613376617432,3,0,2,0,0.08912134170532227,0,0,0,1,4.952297281566515,4.408373832702637,0.9740490913391113,0.2560887932777405,0,0.0,0.9544314742088318,0.34971661410700605,0.22556757467508864,0,0
5,0,210,-2.413074016571045,5.649007320404053,1.6728613376617432,3,0,2,0,0.08912134170532227,0,0,0,2,5.074463410106402,4.788273334503174,1.072514533996582,0.24910756945610046,0,0.0,1.0746586322784424,0.3926541337350685,0.2670634667333236,0,1
5,0,220,-2.432121992111206,5.880611419677734,1.6349952220916748,3,0,0,1,0.0,0,0,0,0,4.131326425927159,4.939464569091797,1.0860607624053955,0.29761070013046265,0,0.0,1.066140055656433,0.3896916410852693,0.02395480075273462,1,1
5,0,220,-2.432121992111206,5.880611419677734,1.6349952220916748,3,0,0,1,0.0,0,0,0,1,4.718410250661667,4.69044828414917,1.0234901905059814,0.2982436716556549,0,0.0,1.0046862363815308,0.36774375129382586,0.2126124095836222,0,0
5,0,220,-2.432121992111206,5.880611419677734,1.6349952220916748,3,0,0,1,0.0,0,0,0,2,4.895474658313283,4.865136623382568,1.0981712341308594,0.2362259030342102,0,0.0,1.0995601415634155,0.40162727136515286,0.22356002598559827,0,0
5,0,230,-2.44169282913208,6.108596324920654,1.5927013158798218,3,0,0,1,0.0,0,0,0,0,3.905212984225395,4.949523448944092,1.088632345199585,0.297497034072876,0,0.0,1.0688365697860718,0.3898694004192874,0.007870578504924194,1,1
5,0,230,-2.44169282913208,6.108596324920654,1.5927013158798218,3,0,0,1,0.0,0,0,0,1,4.508546246273006,4.805993556976318,1.0532312393188477,0.29653435945510864,0,0.0,1.035269021987915,0.37788137324483256,0.19169758200521314,0,0
5,0,230,-2.44169282913208,6.108596324920654,1.5927013158798218,3,0,0,1,0.0,0,0,0,2,4.702060809571849,4.747411251068115,1.0681562423706055,0.2373931109905243,0,0.0,1.0620390176773071,0.38744170957303103,0.19447055236165792,0,0
5,0,240,-2.4419617652893066,6.338224411010742,1.557166337966919,3,0,0,1,0.0,0,0,0,0,3.6781694953051547,5.199410438537598,1.1512093544006348,0.29728642106056213,0,0.0,1.1331819295883179,0.4119454257287544,0.01597836043995924,1,1
5,0,240,-2.4419617652893066,6.338224411010742,1.557166337966919,3,0,0,1,0.0,0,0,0,1,4.3014714338729245,5.098344326019287,1.1296145915985107,0.28994297981262207,0,0.0,1.1156789064407349,0.40569365952926884,0.22558252854117164,0,0
5,0,240,-2.4419617652893066,6.338224411010742,1.557166337966919,3,0,0,1,0.0,0,0,0,2,4.514346858700742,5.010463237762451,1.119081735610962,0.26706820726394653,0,0.0,1.116719126701355,0.40606528286487703,0.218440229761135,0,0
5,0,250,-2.4350690841674805,6.569758892059326,1.528506875038147,3,0,0,1,0.0,0,0,0,0,3.450436313146878,5.491931915283203,1.2372145652770996,0.27153676748275757,0,0.0,1.2189617156982422,0.44259932274317293,0.03680086335090159,1,1
5,0,250,-2.4350690841674805,6.569758892059326,1.528506875038147,3,0,0,1,0.0,0,0,0,1,4.098682005203973,5.373781204223633,1.207676887512207,0.27153676748275757,0,0.0,1.1983706951141357,0.43524580493309767,0.27447529284332506,0,0
5,0,250,-2.4350690841674805,6.569758892059326,1.528506875038147,3,0,0,1,0.0,0,0,0,2,4.334421515993933,5.326390266418457,1.195829153060913,0.27153676748275757,0,0.0,1.2008864879608154,0.43614414619338543,0.2576711289308221,0,0
5,0,260,-2.4231553077697754,6.798825740814209,1.511417269706726,3,0,0,1,0.0,0,0,0,0,3.2160045110431446,5.925065517425537,1.345058560371399,0.2724156379699707,0,0.0,1.3247040510177612,0.48052952052230774,0.02253378897282687,1,1
5,0,260,-2.4231553077697754,6.798825740814209,1.511417269706726,3,0,0,1,0.0,0,0,0,1,3.935863889523765,5.760440826416016,1.3039023876190186,0.2724156379699707,0,0.0,1.3045772314071655,0.4733419944359838,0.27394602460843276,0,0
5,0,260,-2.4231553077697754,6.798825740814209,1.511417269706726,3,0,0,1,0.0,0,0,0,2,4.132811112470077,5.709245204925537,1.291103482246399,0.2724156379699707,0,0.0,1.3029905557632446,0.47277488691324204,0.2861257284681792,0,0
5,0,270,-2.4088337421417236,7.023069858551025,1.507568359375,3,0,0,1,0.0,0,0,0,0,2.9978644672465915,6.128101348876953,1.3950629234313965,0.2739247977733612,0,0.0,1.3729063272476196,0.49845143480506104,0.026535731678670408,1,1
5,0,270,-2.4088337421417236,7.023069858551025,1.507568359375,3,0,0,1,0.0,0,0,0,1,3.763228681350907,5.935779571533203,1.346982479095459,0.2739247977733612,0,0.0,1.3514055013656616,0.49077258125843576,0.2979301854827993,0,0
5,0,270,-2.4088337421417236,7.023069858551025,1.507568359375,3,0,0,1,0.0,0,0,0,2,4.001235443353655,5.910277843475342,1.3406070470809937,0.2739247977733612,0,0.0,1.352213740348816,0.4910619242745947,0.2874412993021557,0,0
5,0,280,-2.395329236984253,7.255311965942383,1.518552303314209,3,0,0,1,0.0,0,0,0,0,2.7806676482875714,6.337601661682129,1.398319959640503,0.3721608817577362,0,0.0,1.37471604347229,0.49988000140342914,0.030257654946227064,1,1
5,0,280,-2.395329236984253,7.255311965942383,1.518552303314209,3,0,0,1,0.0,0,0,0,1,3.603068242790515,6.145819664001465,1.350374460220337,0.3721608817577362,0,0.0,1.352219581604004,0.4918466923548622,0.3053247959616731,0,0
5,0,280,-2.395329236984253,7.255311965942383,1.518552303314209,3,0,0,1,0.0,0,0,0,2,3.9670934606841426,5.850031852722168,1.2764275074005127,0.3721608817577362,0,0.0,1.353814959526062,0.4924160324279259,0.301156358572122,0,0
5,1,0,-2.25,1.0,1.5707963267948966,3,0,0,1,0.0,0,0,0,0,9.0,7.150001525878906,1.2875003814697266,1.8949999809265137,0,0.0,1.2850003242492676,0.45982142857142855,0.0,1,1
5,1,0,-2.25,1.0,1.5707963267948966,3,0,0,1,0.0,0,0,0,1,9.513236186146589,6.992805480957031,1.2482013702392578,1.6120399236679077,0,0.0,1.2636055946350098,0.45218076037786004,0.2523747889156115,0,0
5,1,0,-2.25,1.0,1.5707963267948966,3,0,0,1,0.0,0,0,0,2,9.513236186146589,6.992805480957031,1.2482013702392578,1.6120399236679077,0,0.0,1.2636055946350098,0.45218076037786004,0.25237478891561166,0,0
5,1,10,-2.250591278076172,1.053576111793518,1.5873806476593018,3,0,0,1,0.0,0,0,0,0,8.95,7.414575576782227,1.3536438941955566,1.869964361190796,0,0.0,1.3426522016525269,0.483459009075112,0.008363217566113535,1,1
5,1,10,-2.250591278076172,1.053576111793518,1.5873806476593018,3,0,0,1,0.0,0,0,0,1,9.463793281809847,7.233602523803711,1.3084006309509277,1.5634506940841675,0,0.0,1.3220634460449219,0.47610559814381465,0.2745394324794993,0,0
5,1,10,-2.250591278076172,1.053576111793518,1.5873806476593018,3,0,0,1,0.0,0,0,0,2,9.463793281809847,7.244607925415039,1.3111519813537598,1.588507056236267,0,0.0,1.322458267211914,0.47624671710387195,0.2721000494104119,0,0
5,1,20,-2.2535202503204346,1.19688081741333,1.5909217596054077,3,0,0,1,0.0,0,0,0,0,8.799999999999999,7.577840805053711,1.3944602012634277,1.8698365688323975,0,0.0,1.373488426208496,0.49804351910991745,0.013399929919034225,1,1
5,1,20,-2.2535202503204346,1.19688081741333,1.5909217596054077,3,0,0,1,0.0,0,0,0,1,9.31551287810118,7.37835693359375,1.3445892333984375,1.5642735958099365,0,0.0,1.3519752025604248,0.4903602374777711,0.28567044395690555,0,0
5,1,20,-2.2535202503204346,1.19688081741333,1.5909217596054077,3,0,0,1,0.0,0,0,0,2,9.31551287810118,7.395809173583984,1.348952293395996,1.5893524885177612,0,0.0,1.3529138565063477,0.49069571133768225,0.2796028153236298,0,0
5,1,30,-2.256821393966675,1.4221271276474,1.5808827877044678,3,0,0,1,0.0,0,0,0,0,8.599999999999998,7.599733352661133,1.3999333381652832,1.8936327695846558,0,0.0,1.3749544620513916,0.4999807491653266,0.012869715217138302,1,1
5,1,30,-2.256821393966675,1.4221271276474,1.5808827877044678,3,0,0,1,0.0,0,0,0,1,9.117925063475388,7.38197135925293,1.3454928398132324,1.5399121046066284,0,0.0,1.3512688875198364,0.4915209016906922,0.2923729178732534,0,0
5,1,30,-2.256821393966675,1.4221271276474,1.5808827877044678,3,0,0,1,0.0,0,0,0,2,9.117925063475388,7.394426345825195,1.3486065864562988,1.5649731159210205,0,0.0,1.352482795715332,0.4919545989775849,0.28517651877089795,0,0
5,1,40,-2.258023977279663,1.656813144683838,1.5712413787841797,3,0,0,1,0.0,0,0,0,0,8.349999999999998,7.599851608276367,1.3999629020690918,1.8939846754074097,0,0.0,1.3749762773513794,0.49998938911991536,0.010106418022902875,1,1
5,1,40,-2.258023977279663,1.656813144683838,1.5712413787841797,3,0,0,1,0.0,0,0,0,1,8.871149842504158,7.396089553833008,1.349022388458252,1.5645508766174316,0,0.0,1.3523591756820679,0.49191179352082565,0.2864864262333747,0,0
5,1,40,-2.258023977279663,1.656813144683838,1.5712413787841797,3,0,0,1,0.0,0,0,0,2,8.871149842504158,7.400884628295898,1.3502211570739746,1.564829707145691,0,0.0,1.353437900543213,0.49229731119435954,0.2797031687667449,0,0
5,1,50,-2.2566754817962646,1.8915538787841797,1.5589298009872437,3,0,0,1,0.0,0,0,0,0,8.099999999999998,7.599756240844727,1.3999390602111816,1.8947120904922485,0,0.0,1.374991774559021,0.49999709188678076,0.006155571252438816,1,1
5,1,50,-2.2566754817962646,1.8915538787841797,1.5589298009872437,3,0,0,1,0.0,0,0,0,1,8.624633442061722,7.4041748046875,1.351043701171875,1.5894683599472046,0,0.0,1.3521665334701538,0.49184513896623067,0.27997174646081346,0,0
5,1,50,-2.2566754817962646,1.8915538787841797,1.5589298009872437,3,0,0,1,0.0,0,0,0,2,8.624633442061722,7.398502349853516,1.349625587463379,1.5646519660949707,0,0.0,1.3527090549468994,0.492038892723109,0.27636027662583507,0,0
5,1,60,-2.252779960632324,2.127171754837036,1.5526738166809082,3,0,0,1,0.0,0,0,0,0,7.849999999999999,7.599618911743164,1.399904727935791,1.869964838027954,0,0.0,1.3749839067459106,0.4999937647443273,0.007577653251200168,1,1
5,1,60,-2.252779960632324,2.127171754837036,1.5526738166809082,3,0,0,1,0.0,0,0,0,1,8.378408067339434,7.416875839233398,1.3542189598083496,1.5895167589187622,0,0.0,1.3534163236618042,0.49229092727763757,0.2772620625923106,0,0
5,1,60,-2.252779960632324,2.127171754837036,1.5526738166809082,3,0,0,1,0.0,0,0,0,2,8.378408067339434,7.404254913330078,1.3510637283325195,1.564469814300537,0,0.0,1.353300929069519,0.4922496851858541,0.2778326513917571,0,0
5,1,70,-2.2502496242523193,2.3610618114471436,1.5662494897842407,3,0,0,1,0.0,0,0,0,0,7.649999999999999,7.5999603271484375,1.3999900817871094,1.8948134183883667,0,0.0,1.3749942779541016,0.49999944095166116,0.002135397666068086,1,1
5,1,70,-2.2502496242523193,2.3610618114471436,1.5662494897842407,3,0,0,1,0.0,0,0,0,1,8.181662445769591,7.396583557128906,1.3491458892822266,1.5649062395095825,0,0.0,1.3527125120162964,0.4920403975743377,0.2790819274140451,0,0
5,1,70,-2.2502496242523193,2.3610618114471436,1.5662494897842407,3,0,0,1,0.0,0,0,0,2,8.181662445769591,7.392887115478516,1.348221778869629,1.5646579265594482,0,0.0,1.352623701095581,0.4920086078827032,0.27956771953973086,0,0
5,1,80,-2.2504231929779053,2.5954973697662354,1.5753666162490845,3,0,0,1,0.0,0,0,0,0,7.399999999999999,7.599964141845703,1.3999910354614258,1.8515515327453613,0,0.0,1.3749942779541016,0.49999904666668943,0.002729718271079532,1,1
5,1,80,-2.2504231929779053,2.5954973697662354,1.5753666162490845,3,0,0,1,0.0,0,0,0,1,7.936060486759423,7.396100997924805,1.3490252494812012,1.5646964311599731,0,0.0,1.3520803451538086,0.4918142409661489,0.2776995919812251,0,0
5,1,80,-2.2504231929779053,2.5954973697662354,1.5753666162490845,3,0,0,1,0.0,0,0,0,2,7.936060486759423,7.400106430053711,1.3500266075134277,1.564711332321167,0,0.0,1.3522593975067139,0.49187829243309233,0.27667368331711467,0,0
5,1,90,-2.2515201568603516,2.8304474353790283,1.5764408111572266,3,0,0,1,0.0,0,0,0,0,7.169552570581435,7.599954605102539,1.3999886512756348,1.6306427717208862,0,0.0,1.3749945163726807,0.49999750102668855,0.0044665049083516,1,1
5,1,90,-2.2515201568603516,2.8304474353790283,1.5764408111572266,3,0,0,1,0.0,0,0,0,1,7.710033128467915,7.391895294189453,1.3479738235473633,1.564496397972107,0,0.0,1.3516535758972168,0.4916616439340112,0.2808862275042548,0,0
5,1,90,-2.2515201568603516,2.8304474353790283,1.5764408111572266,3,0,0,1,0.0,0,0,0,2,7.710033128467915,7.397502899169922,1.3493757247924805,1.5647729635238647,0,0.0,1.3520070314407349,0.49178746766770337,0.27883767570301293,0,0
5,1,100,-2.2529046535491943,3.067462682723999,1.5750864744186401,3,0,0,1,0.0,0,0,0,0,6.932537323236464,7.599956512451172,1.399989128112793,1.3866299390792847,0,0.0,1.374993085861206,0.4999964072061966,0.005524404620771491,1,1
5,1,100,-2.2529046535491943,3.067462682723999,1.5750864744186401,3,0,0,1,0.0,0,0,0,1,7.477981294017988,7.398792266845703,1.3496980667114258,1.4662766456604004,0,0.0,1.3531850576400757,0.49220828755761215,0.2805744166154905,0,0
5,1,100,-2.2529046535491943,3.067462682723999,1.5750864744186401,3,0,0,1,0.0,0,0,0,2,7.477981294017988,7.404062271118164,1.351015567779541,1.4228852987289429,0,0.0,1.353667140007019,0.49238028095923425,0.27735442549429035,0,0
5,1,110,-2.252887010574341,3.3034231662750244,1.567352294921875,3,0,0,1,0.0,0,0,0,0,6.696576809883116,7.59998893737793,1.3999972343444824,1.1690189838409424,0,0.0,1.375002384185791,0.4999993320634695,0.0029037579661890167,1,1
5,1,110,-2.252887010574341,3.3034231662750244,1.567352294921875,3,0,0,1,0.0,0,0,0,1,7.24744268005454,7.401634216308594,1.3504085540771484,1.270371437072754,0,0.0,1.3532918691635132,0.49224728608221185,0.2779432775590841,0,0
5,1,110,-2.252887010574341,3.3034231662750244,1.567352294921875,3,0,0,1,0.0,0,0,0,2,7.24744268005454,7.400365829467773,1.3500914573669434,1.2205828428268433,0,0.0,1.3535714149475098,0.49234676977895475,0.27594751118177385,0,0
5,1,120,-2.2526586055755615,3.538844108581543,1.5712696313858032,3,0,0,1,0.0,0,0,0,0,6.461155867576598,7.461818218231201,1.3999991416931152,0.9309108853340149,0,0.0,1.3750004768371582,0.49999860725776646,0.0036381651447102217,1,1
5,1,120,-2.2526586055755615,3.538844108581543,1.5712696313858032,3,0,0,1,0.0,0,0,0,1,7.017981263354667,7.399562835693359,1.3498907089233398,1.0847375392913818,0,0.0,1.3532551527023315,0.49223382570910534,0.2786945538960723,0,0
5,1,120,-2.2526586055755615,3.538844108581543,1.5712696313858032,3,0,0,1,0.0,0,0,0,2,7.017981263354667,7.395062446594238,1.3503732681274414,0.9967845678329468,0,0.0,1.3536053895950317,0.4923587921767565,0.27630133367084475,0,0
5,1,130,-2.2536118030548096,3.7736997604370117,1.5779139995574951,3,0,1,0,0.14560365676879883,0,0,0,0,6.226300215721129,7.045161724090576,1.3999781608581543,0.7226244807243347,0,0.0,1.3749886751174927,0.4999931743957318,0.007434335527473351,1,0
5,1,130,-2.2536118030548096,3.7736997604370117,1.5779139995574951,3,0,1,0,0.14560365676879883,0,0,0,1,6.789704776110561,7.190765380859375,1.348958969116211,0.8974647521972656,0,0.0,1.3530977964401245,0.4921764955762713,0.2824871953564026,0,1
5,1,130,-2.2536118030548096,3.7736997604370117,1.5779139995574951,3,0,1,0,0.14560365676879883,0,0,0,2,6.8563128926577015,6.911904335021973,1.340367317199707,0.7752175331115723,0,0.0,1.3534084558486938,0.4922884539838134,0.2913500128050341,0,0
5,1,140,-2.2576303482055664,4.009213924407959,1.5990054607391357,3,0,1,0,0.2572922706604004,0,0,0,0,5.990786051750182,6.63852596282959,1.3996729850769043,0.5199170112609863,0,0.0,1.3748369216918945,0.49993195404986174,0.022195914201324458,1,0
5,1,140,-2.2576303482055664,4.009213924407959,1.5990054607391357,3,0,1,0,0.2572922706604004,0,0,0,1,6.561529783894683,6.89581823348999,1.3459458351135254,0.7560175061225891,0,0.0,1.3523879051208496,0.49191452974545335,0.2971635246522301,0,1
5,1,140,-2.2576303482055664,4.009213924407959,1.5990054607391357,3,0,1,0,0.2572922706604004,0,0,0,2,6.629521888537993,6.496471405029297,1.3430180549621582,0.5621995329856873,0,0.0,1.3538944721221924,0.49245201264892385,0.29854908388811385,0,0
5,1,150,-2.267084836959839,4.242703914642334,1.6202102899551392,3,0,2,0,0.44234466552734375,0,0,0,0,5.757296061515807,6.356113910675049,1.3989005088806152,0.3802560269832611,0,0.0,1.3744086027145386,0.4997508738991129,0.04281462304995883,1,0
5,1,150,-2.267084836959839,4.242703914642334,1.6202102899551392,3,0,2,0,0.44234466552734375,0,0,0,1,6.336177076938293,6.60453987121582,1.3420977592468262,0.618074357509613,0,0.0,1.3510971069335938,0.49142482289158973,0.3174178790705532,0,0
5,1,150,-2.267084836959839,4.242703914642334,1.6202102899551392,3,0,2,0,0.44234466552734375,0,0,0,2,6.58043660458795,6.798458576202393,1.2772655487060547,0.8446982502937317,0,0.0,1.3526302576065063,0.4919728365355143,0.31014483899025735,0,1
5,1,160,-2.2790277004241943,4.476452350616455,1.6163939237594604,3,0,2,0,0.5657706260681152,0,0,0,0,5.523954294792448,6.064833641052246,1.3987054824829102,0.23500588536262512,0,0.0,1.3749172687530518,0.4999702460653129,0.0195616127027358,1,0
5,1,160,-2.2790277004241943,4.476452350616455,1.6163939237594604,3,0,2,0,0.5657706260681152,0,0,0,1,6.1261825448454905,6.419626712799072,1.3428301811218262,0.5241529941558838,0,0.0,1.3541548252105713,0.49255518140224386,0.2821251696248727,0,0
5,1,160,-2.2790277004241943,4.476452350616455,1.6163939237594604,3,0,2,0,0.5657706260681152,0,0,0,2,6.379259968180245,6.630604267120361,1.274458885192871,0.7663844227790833,0,0.0,1.3557215929031372,0.4931148492198098,0.28353173615669436,0,1
5,1,170,-2.289933204650879,4.7096266746521,1.6233004331588745,3,0,2,0,0.5904855728149414,0,0,0,0,5.290813469607976,5.819639205932617,1.3589203357696533,0.19197890162467957,0,0.0,1.3351801633834839,0.4857754314097953,0.02129260044221008,1,0
5,1,170,-2.289933204650879,4.7096266746521,1.6233004331588745,3,0,2,0,0.5904855728149414,0,0,0,1,5.904298427250784,6.15989351272583,1.3407378196716309,0.3984711170196533,0,0.0,1.3533116579055786,0.49225090103918656,0.29309347300873256,0,0
5,1,170,-2.289933204650879,4.7096266746521,1.6233004331588745,3,0,2,0,0.5904855728149414,0,0,0,2,6.163351715557219,6.410124778747559,1.2709507942199707,0.6631608605384827,0,0.0,1.355089783668518,0.49288589331510985,0.2895178668036212,0,1
5,1,180,-2.3044819831848145,4.9416728019714355,1.637022852897644,3,0,2,0,0.6927924156188965,0,0,0,0,5.058806483715202,5.456152439117432,1.2622365951538086,0.20360296964645386,0,0.0,1.2387137413024902,0.4512996604860618,0.03726112348975392,1,0
5,1,180,-2.3044819831848145,4.9416728019714355,1.637022852897644,3,0,2,0,0.6927924156188965,0,0,0,1,5.68505744292067,5.938730239868164,1.331597089767456,0.30617082118988037,0,0.0,1.3459432125091553,0.48959620431705186,0.31165981393294573,0,0
5,1,180,-2.3044819831848145,4.9416728019714355,1.637022852897644,3,0,2,0,0.6927924156188965,0,0,0,2,5.950675041198761,6.148944854736328,1.2649922370910645,0.5444878935813904,0,0.0,1.3541024923324585,0.4925097453540273,0.2998861418878364,0,1
5,1,190,-2.315847396850586,5.177140235900879,1.5996733903884888,3,0,2,0,0.998445987701416,0,0,0,0,4.823386591490653,4.90408182144165,1.1367888450622559,0.1784631758928299,0,0.0,1.112165927886963,0.4061097001753821,0.03072248518043775,1,0
5,1,190,-2.315847396850586,5.177140235900879,1.5996733903884888,3,0,2,0,0.998445987701416,0,0,0,1,5.464534411155217,5.2083821296691895,1.201920747756958,0.20034947991371155,0,0.0,1.2022031545639038,0.4382657000375154,0.28133185655061194,0,0
5,1,190,-2.315847396850586,5.177140235900879,1.5996733903884888,3,0,2,0,0.998445987701416,0,0,0,2,5.737525892526046,5.902527809143066,1.2709484100341797,0.4093672037124634,0,0.0,1.3522530794143677,0.49185493167989,0.31156242235000636,0,1
5,1,200,-2.317714214324951,5.411103248596191,1.5634437799453735,3,0,1,0,0.16488933563232422,0,0,0,0,4.589481180363116,4.272416114807129,0.9914219379425049,0.15336422622203827,0,0.0,0.9664589166641235,0.35408633356404046,0.0189768465174813,1,0
5,1,200,-2.317714214324951,5.411103248596191,1.5634437799453735,3,0,1,0,0.16488933563232422,0,0,0,1,5.247820769556064,4.437305450439453,1.0354673862457275,0.14771807193756104,0,0.0,1.0218554735183716,0.37387078282206515,0.22182481627458403,0,1
5,1,200,-2.317714214324951,5.411103248596191,1.5634437799453735,3,0,1,0,0.16488933563232422,0,0,0,2,5.304757507523984,4.251363277435303,0.990886926651001,0.14390788972377777,0,0.0,0.965969443321228,0.353911674837338,0.054047802479183935,0,0
5,1,210,-2.3223564624786377,5.642690658569336,1.6222440004348755,3,0,2,0,0.10171794891357422,0,0,0,0,4.357964697707759,3.7404041290283203,0.8464441299438477,0.17731378972530365,0,0.0,0.8221596479415894,0.30250612731636173,0.048698169424124894,1,0
5,1,210,-2.3223564624786377,5.642690658569336,1.6222440004348755,3,0,2,0,0.10171794891357422,0,0,0,1,4.999616435798671,3.692289352416992,0.8396358489990234,0.16687297821044922,0,0.0,0.8158283829689026,0.30024498118633386,0.13733344845170445,0,0
5,1,210,-2.3223564624786377,5.642690658569336,1.6222440004348755,3,0,2,0,0.10171794891357422,0,0,0,2,5.03625232068797,3.8421220779418945,0.8718736171722412,0.17731378972530365,0,0.0,0.8520079255104065,0.31316622886177353,0.1825884526854851,0,1
5,1,220,-2.341782331466675,5.871844291687012,1.6778995990753174,3,0,0,1,0.0,0,0,0,0,4.1311326245797115,3.653974771499634,0.7970247268676758,0.23293788731098175,0,0.0,0.7752111554145813,0.28575621712345395,0.047286641697783446,1,1
5,1,220,-2.341782331466675,5.871844291687012,1.6778995990753174,3,0,0,1,0.0,0,0,0,1,4.765492223782229,3.622579574584961,0.7913098335266113,0.22867009043693542,0,0.0,0.769145131111145,0.28358973586370784,0.1367612380454733,0,0
5,1,220,-2.341782331466675,5.871844291687012,1.6778995990753174,3,0,0,1,0.0,0,0,0,2,4.853921372515401,3.611549139022827,0.802283525466919,0.20120751857757568,0,0.0,0.7831406593322754,0.288588474850893,0.14217697730207884,0,0
5,1,230,-2.370011806488037,6.099386692047119,1.7048938274383545,3,0,1,0,0.007811307907104492,0,0,0,0,3.9040561357432297,3.553168296813965,0.7652523517608643,0.24607938528060913,0,0.0,0.7478433847427368,0.27432657371765146,0.0802908022479004,1,0
5,1,230,-2.370011806488037,6.099386692047119,1.7048938274383545,3,0,1,0,0.007811307907104492,0,0,0,1,4.559737481433366,3.5609796047210693,0.7641973495483398,0.25209513306617737,0,0.0,0.7463212013244629,0.2737830173540549,0.13427649397127467,0,1
5,1,230,-2.370011806488037,6.099386692047119,1.7048938274383545,3,0,1,0,0.007811307907104492,0,0,0,2,4.6563722612387615,3.4686625003814697,0.7684600353240967,0.19741113483905792,0,0.0,0.7524262070655823,0.2759632975223911,0.14768304248745032,0,0
5,1,240,-2.4025607109069824,6.329638957977295,1.71465265750885,3,0,0,1,0.0,0,0,0,0,3.6795451621035085,4.66546106338501,1.0354866981506348,0.2617571949958801,0,0.0,1.0214043855667114,0.3722971040103739,0.06987715757834836,1,1
5,1,240,-2.4025607109069824,6.329638957977295,1.71465265750885,3,0,0,1,0.0,0,0,0,1,4.332318856617575,4.622334003448486,1.024704933166504,0.2617571949958801,0,0.0,1.0089162588119507,0.3678371454960492,0.22322785062115397,0,0
5,1,240,-2.4025607109069824,6.329638957977295,1.71465265750885,3,0,0,1,0.0,0,0,0,2,4.491646469987815,4.542881488800049,1.0101325511932373,0.25117573142051697,0,0.0,1.0068379640579224,0.3670953863166408,0.23706126720290835,0,0
5,1,250,-2.434490442276001,6.559026718139648,1.6981171369552612,3,0,0,1,0.0,0,0,0,0,3.460954120805803,5.542342662811279,1.2519958019256592,0.2671796977519989,0,0.0,1.2444729804992676,0.4518507129851138,0.05002105172924319,1,1
5,1,250,-2.434490442276001,6.559026718139648,1.6981171369552612,3,0,0,1,0.0,0,0,0,1,4.107916850720271,5.471065998077393,1.2341766357421875,0.2671796977519989,0,0.0,1.2249691486358643,0.4448854380716153,0.291243286977383,0,0
5,1,250,-2.434490442276001,6.559026718139648,1.6981171369552612,3,0,0,1,0.0,0,0,0,2,4.3425154634426315,5.313711643218994,1.194838047027588,0.2671796977519989,0,0.0,1.2244774103164673,0.4447096545693868,0.2924419375239878,0,0
5,1,260,-2.458808422088623,6.787266731262207,1.6555992364883423,3,0,0,1,0.0,0,0,0,0,3.2385189818382747,6.0055766105651855,1.359104037284851,0.28458014130592346,0,0.0,1.3499208688735962,0.4895793757220475,0.04908573966154629,1,1
5,1,260,-2.458808422088623,6.787266731262207,1.6555992364883423,3,0,0,1,0.0,0,0,0,1,3.9158773837120116,5.916441917419434,1.336820363998413,0.28458014130592346,0,0.0,1.330291509628296,0.4825695901200495,0.29955757701021113,0,0
5,1,260,-2.458808422088623,6.787266731262207,1.6555992364883423,3,0,0,1,0.0,0,0,0,2,4.176539069440439,5.6964287757873535,1.281817078590393,0.28458014130592346,0,0.0,1.3272781372070312,0.4814933552628372,0.31835729034729915,0,0
5,1,270,-2.4697911739349365,7.017021656036377,1.5856596231460571,3,0,0,1,0.0,0,0,0,0,3.0192679657171695,6.2179670333862305,1.3927539587020874,0.32347550988197327,0,0.0,1.374763011932373,0.49989645166401103,0.030666302486742143,1,1
5,1,270,-2.4697911739349365,7.017021656036377,1.5856596231460571,3,0,0,1,0.0,0,0,0,1,3.734442078841695,6.096198558807373,1.362311840057373,0.32347550988197327,0,0.0,1.3547009229660034,0.49273173438866574,0.2856021531918819,0,0
5,1,270,-2.4697911739349365,7.017021656036377,1.5856596231460571,3,0,0,1,0.0,0,0,0,2,4.080244449335978,5.875132083892822,1.3070452213287354,0.32347550988197327,0,0.0,1.3537477254867554,0.4923912738122777,0.30577859810720914,0,0
5,1,280,-2.4646878242492676,7.252603054046631,1.5232958793640137,3,0,0,1,0.0,0,0,0,0,2.8029247508526924,6.385517120361328,1.396307110786438,0.40014442801475525,0,0.0,1.3749076128005981,0.4999652067549166,0.020378809422263704,1,1
5,1,280,-2.4646878242492676,7.252603054046631,1.5232958793640137,3,0,0,1,0.0,0,0,0,1,3.6851062584711114,6.188701152801514,1.3471031188964844,0.40014442801475525,0,0.0,1.3535737991333008,0.4923480902375158,0.29847053338321744,0,0
5,1,280,-2.4646878242492676,7.252603054046631,1.5232958793640137,3,0,0,1,0.0,0,0,0,2,4.050978993322725,5.936532020568848,1.275620698928833,0.41702455282211304,0,0.0,1.3560206890106201,0.49316569489028017,0.28558710903038353,0,0
20,0,0,-2.25,1.0,1.5707963267948966,3,0,0,1,0.0,0,0,0,0,9.0,7.150001525878906,1.2875003814697266,1.8949999809265137,0,0.0,1.2850003242492676,0.45982142857142855,0.0,1,1
20,0,0,-2.25,1.0,1.5707963267948966,3,0,0,1,0.0,0,0,0,1,9.513236186146589,6.992805480957031,1.2482013702392578,1.6120399236679077,0,0.0,1.2636055946350098,0.45218076037786004,0.2523747889156115,0,0
20,0,0,-2.25,1.0,1.5707963267948966,3,0,0,1,0.0,0,0,0,2,9.513236186146589,6.992805480957031,1.2482013702392578,1.6120399236679077,0,0.0,1.2636055946350098,0.45218076037786004,0.25237478891561166,0,0
20,0,10,-2.24971604347229,1.0588933229446411,1.5600006580352783,3,0,0,1,0.0,0,0,0,0,8.95,7.434638977050781,1.3586597442626953,1.8946539163589478,0,0.0,1.3468140363693237,0.48524157470932977,0.005436673157160462,1,1
20,0,10,-2.24971604347229,1.0588933229446411,1.5600006580352783,3,0,0,1,0.0,0,0,0,1,9.463793281809847,7.256681442260742,1.3141703605651855,1.5893465280532837,0,0.0,1.3259907960891724,0.47780505995307937,0.2720963136529696,0,0
20,0,10,-2.24971604347229,1.0588933229446411,1.5600006580352783,3,0,0,1,0.0,0,0,0,2,9.463793281809847,7.249261856079102,1.3123154640197754,1.5643153190612793,0,0.0,1.325730562210083,0.4777120918342269,0.27367086333589363,0,0
20,0,20,-2.247821569442749,1.2029353380203247,1.558211326599121,3,0,0,1,0.0,0,0,0,0,8.799999999999999,7.576711654663086,1.3941779136657715,1.894214391708374,0,0.0,1.3733423948287964,0.4979296904460166,0.008401859385953914,1,1
20,0,20,-2.247821569442749,1.2029353380203247,1.558211326599121,3,0,0,1,0.0,0,0,0,1,9.31551287810118,7.387989044189453,1.3469972610473633,1.589424967765808,0,0.0,1.3522498607635498,0.49039635911702245,0.27874173604351304,0,0
20,0,20,-2.247821569442749,1.2029353380203247,1.558211326599121,3,0,0,1,0.0,0,0,0,2,9.31551287810118,7.376941680908203,1.3442354202270508,1.5643774271011353,0,0.0,1.351653814315796,0.4901838182900988,0.28255246952990365,0,0
20,0,30,-2.2460148334503174,1.4257149696350098,1.5659418106079102,3,0,0,1,0.0,0,0,0,0,8.549999999999999,7.599924087524414,1.3999810218811035,1.8943047523498535,0,0.0,1.374985933303833,0.4999946812268128,0.006739646071945936,1,1
20,0,30,-2.2460148334503174,1.4257149696350098,1.5659418106079102,3,0,0,1,0.0,0,0,0,1,9.0685506996768,7.414669036865234,1.3536672592163086,1.5884424448013306,0,0.0,1.3535778522491455,0.4923481472010939,0.2737558781658495,0,0
20,0,30,-2.2460148334503174,1.4257149696350098,1.5659418106079102,3,0,0,1,0.0,0,0,0,2,9.0685506996768,7.409019470214844,1.352254867553711,1.5644583702087402,0,0.0,1.3529798984527588,0.49213458861251513,0.27753477698855045,0,0
20,0,40,-2.246206521987915,1.6611300706863403,1.5760709047317505,3,0,0,1,0.0,0,0,0,0,8.349999999999998,7.599939346313477,1.3999848365783691,1.8947807550430298,0,0.0,1.3749971389770508,0.49999904259266076,0.0034517630342812936,1,1
20,0,40,-2.246206521987915,1.6611300706863403,1.5760709047317505,3,0,0,1,0.0,0,0,0,1,8.871149842504158,7.3942108154296875,1.3485527038574219,1.5646905899047852,0,0.0,1.3528443574905396,0.49208724809087734,0.2781259059307222,0,0
20,0,40,-2.246206521987915,1.6611300706863403,1.5760709047317505,3,0,0,1,0.0,0,0,0,2,8.871149842504158,7.396732330322266,1.3491830825805664,1.564901351928711,0,0.0,1.3524810075759888,0.49195727700191627,0.2808163787840075,0,0
20,0,50,-2.2478456497192383,1.8969690799713135,1.5802242755889893,3,0,0,1,0.0,0,0,0,0,8.099999999999998,7.5998992919921875,1.3999748229980469,1.8947962522506714,0,0.0,1.3749980926513672,0.49999865419197687,0.0038057403828311576,1,1
20,0,50,-2.2478456497192383,1.8969690799713135,1.5802242755889893,3,0,0,1,0.0,0,0,0,1,8.624633442061722,7.394758224487305,1.3486895561218262,1.5647071599960327,0,0.0,1.3520660400390625,0.49180957016261584,0.2786797983057415,0,0
20,0,50,-2.2478456497192383,1.8969690799713135,1.5802242755889893,3,0,0,1,0.0,0,0,0,2,8.624633442061722,7.401256561279297,1.3503141403198242,1.5884149074554443,0,0.0,1.352059006690979,0.4918069632545116,0.27886968767341874,0,0
20,0,60,-2.250760078430176,2.1319167613983154,1.5821080207824707,3,0,0,1,0.0,0,0,0,0,7.849999999999999,7.599843978881836,1.399960994720459,1.7989203929901123,0,0.0,1.374987244606018,0.49999471572936194,0.006350664937952555,1,1
20,0,60,-2.250760078430176,2.1319167613983154,1.5821080207824707,3,0,0,1,0.0,0,0,0,1,8.378408067339434,7.40315055847168,1.35078763961792,1.56455397605896,0,0.0,1.3528530597686768,0.4920896819710328,0.2786665218552338,0,0
20,0,60,-2.250760078430176,2.1319167613983154,1.5821080207824707,3,0,0,1,0.0,0,0,0,2,8.378408067339434,7.412445068359375,1.3531112670898438,1.588513731956482,0,0.0,1.3532387018203735,0.492227168725741,0.2763942743189298,0,0
20,0,70,-2.2523112297058105,2.36670184135437,1.5738880634307861,3,0,0,1,0.0,0,0,0,0,7.649999999999999,7.599958419799805,1.3999896049499512,1.5868836641311646,0,0.0,1.3749923706054688,0.49999793337258663,0.004174772097403857,1,1
20,0,70,-2.2523112297058105,2.36670184135437,1.5738880634307861,3,0,0,1,0.0,0,0,0,1,8.181662445769591,7.388795852661133,1.3471989631652832,1.5646535158157349,0,0.0,1.3521037101745605,0.4918222645547862,0.28218859872557944,0,0
20,0,70,-2.2523112297058105,2.36670184135437,1.5738880634307861,3,0,0,1,0.0,0,0,0,2,8.181662445769591,7.392778396606445,1.3481945991516113,1.5646730661392212,0,0.0,1.352498173713684,0.49196306471009926,0.2798185544817573,0,0
20,0,80,-2.252394437789917,2.602473020553589,1.5669862031936646,3,0,0,1,0.0,0,0,0,0,7.399999999999999,7.599966049194336,1.399991512298584,1.4059996604919434,0,0.0,1.374997615814209,0.4999996510103773,0.002128323340533012,1,1
20,0,80,-2.252394437789917,2.602473020553589,1.5669862031936646,3,0,0,1,0.0,0,0,0,1,7.936060486759423,7.401012420654297,1.3502531051635742,1.4649471044540405,0,0.0,1.353093147277832,0.4921756955967775,0.27722279001770506,0,0
20,0,80,-2.252394437789917,2.602473020553589,1.5669862031936646,3,0,0,1,0.0,0,0,0,2,7.936060486759423,7.399168014526367,1.3497920036315918,1.4229216575622559,0,0.0,1.3533076047897339,0.4922520207564577,0.2758291202636001,0,0
20,0,90,-2.250309705734253,2.837897777557373,1.56059730052948,3,0,0,1,0.0,0,0,0,0,7.16210222840309,7.599880218505859,1.3999700546264648,1.2384848594665527,0,0.0,1.374992847442627,0.4999968908250177,0.004997788580051442,1,1
20,0,90,-2.250309705734253,2.837897777557373,1.56059730052948,3,0,0,1,0.0,0,0,0,1,7.7027320783389275,7.398813247680664,1.349703311920166,1.2400083541870117,0,0.0,1.3519539833068848,0.49176861203462124,0.28011049182435427,0,0
20,0,90,-2.250309705734253,2.837897777557373,1.56059730052948,3,0,0,1,0.0,0,0,0,2,7.7027320783389275,7.390417098999023,1.3476042747497559,1.198611855506897,0,0.0,1.3517035245895386,0.4916794527148207,0.281467097690249,0,0
20,0,100,-2.2477264404296875,3.0725951194763184,1.5607101917266846,3,0,0,1,0.0,0,0,0,0,6.927404886484145,7.599842071533203,1.3999605178833008,1.0474201440811157,0,0.0,1.3749799728393555,0.49999295159495466,0.007480912937621959,1,1
20,0,100,-2.2477264404296875,3.0725951194763184,1.5607101917266846,3,0,0,1,0.0,0,0,0,1,7.472961449102643,7.386223793029785,1.3515548706054688,0.9900020360946655,0,0.0,1.353691816329956,0.4923893387217579,0.27899401580709876,0,0
20,0,100,-2.2477264404296875,3.0725951194763184,1.5607101917266846,3,0,0,1,0.0,0,0,0,2,7.472961449102643,7.389956474304199,1.3491082191467285,0.9967617988586426,0,0.0,1.3531414270401,0.49219277112793974,0.28255193423687847,0,0
20,0,110,-2.2452914714813232,3.3081655502319336,1.5550938844680786,3,0,0,1,0.0,0,0,0,0,6.779281045427011,7.24560022354126,1.3999018669128418,0.8229963183403015,0,0.0,1.3749499320983887,0.4999791553982847,0.012791002039414742,1,1
20,0,110,-2.2452914714813232,3.3081655502319336,1.5550938844680786,3,0,0,1,0.0,0,0,0,1,7.274691909382178,6.9141845703125,1.3453264236450195,0.7664394378662109,0,0.0,1.35213303565979,0.4918298473216316,0.2900078918393981,0,0
20,0,110,-2.2452914714813232,3.3081655502319336,1.5550938844680786,3,0,0,1,0.0,0,0,0,2,7.5049009716563475,6.782935619354248,1.285573959350586,0.8203198909759521,0,0.0,1.3510764837265015,0.49145252309493825,0.3101096078430133,0,0
20,0,120,-2.2390012741088867,3.542994737625122,1.5342977046966553,3,0,0,1,0.0,0,0,0,0,6.616688130224865,6.741222381591797,1.399430751800537,0.5717496275901794,0,0.0,1.3746966123580933,0.4998734584042503,0.03028593183508318,1,1
20,0,120,-2.2390012741088867,3.542994737625122,1.5342977046966553,3,0,0,1,0.0,0,0,0,1,6.951739254772015,6.52769136428833,1.367304801940918,0.5292360186576843,0,0.0,1.3555412292480469,0.4930322108985411,0.2602089433014235,0,0
20,0,120,-2.2390012741088867,3.542994737625122,1.5342977046966553,3,0,0,1,0.0,0,0,0,2,7.424120125469978,6.163875579833984,1.2019238471984863,0.6780900359153748,0,0.0,1.3090193271636963,0.4752148986116888,0.3717405576070969,0,0
20,0,130,-2.2290351390838623,3.777216672897339,1.5298882722854614,3,0,1,0,0.02279520034790039,0,0,0,0,6.434584089477212,6.228174209594727,1.3983182907104492,0.3174504339694977,0,0.0,1.3737154006958008,0.4995021531158133,0.059586685701879874,1,0
20,0,130,-2.2290351390838623,3.777216672897339,1.5298882722854614,3,0,1,0,0.02279520034790039,0,0,0,1,6.572450411425126,6.250969409942627,1.3849482536315918,0.3555881083011627,0,0.0,1.362183928489685,0.49538406706275806,0.18313431315933934,0,1
20,0,130,-2.2290351390838623,3.777216672897339,1.5298882722854614,3,0,1,0,0.02279520034790039,0,0,0,2,7.021329463467698,5.879359245300293,1.2977228164672852,0.3442341089248657,0,0.0,1.352804183959961,0.4920341938440681,0.3161233408217757,0,0
20,0,140,-2.2249670028686523,4.010181427001953,1.5857958793640137,3,0,0,1,0.0,0,0,0,0,6.182843065633458,5.677180767059326,1.3608736991882324,0.11684288084506989,0,0.0,1.3364341259002686,0.48619921242193753,0.11525034242541347,1,1
20,0,140,-2.2249670028686523,4.010181427001953,1.5857958793640137,3,0,0,1,0.0,0,0,0,1,6.392833754604205,5.607675075531006,1.340306282043457,0.12322493642568588,0,0.0,1.3293062448501587,0.4836538600642117,0.2866209490433532,0,0
20,0,140,-2.2249670028686523,4.010181427001953,1.5857958793640137,3,0,0,1,0.0,0,0,0,2,6.8577309057320495,5.374514102935791,1.2780699729919434,0.13111720979213715,0,0.0,1.3533260822296143,0.492249780120577,0.2996157600995449,0,0
20,0,150,-2.2417094707489014,4.243411064147949,1.6952857971191406,3,0,2,0,20.18702983856201,1,0,1,0,5.971741319285514,-15.087913513183594,1.2407007217407227,-0.025357889011502266,1,0.0,1.2209935188293457,0.4449491453055333,0.2542453933980577,1,0
20,0,150,-2.2417094707489014,4.243411064147949,1.6952857971191406,3,0,2,0,20.18702983856201,1,0,1,1,6.144406034381483,-15.172262191772461,1.2191424369812012,-0.024415915831923485,1,0.0,1.2307976484298706,0.44845104327447516,0.36815429420992596,0,0
20,0,150,-2.2417094707489014,4.243411064147949,1.6952857971191406,3,0,2,0,20.18702983856201,1,0,1,2,6.617615416269871,5.099116325378418,1.2545981407165527,0.04036179929971695,0,0.0,1.3565483093261719,0.4933618883190346,0.2621012236506779,0,1
20,0,160,-2.2905867099761963,4.4678449630737305,1.868953824043274,2,0,0,1,0.0,1,1,0,0,5.7699668038731575,-15.664851188659668,1.0899033546447754,-0.012232295237481594,1,0.0,1.0877516269683838,0.39707629579949116,0.40914778086852116,1,1
20,0,160,-2.2905867099761963,4.4678449630737305,1.868953824043274,2,0,0,1,0.0,1,1,0,1,5.904263644042452,-15.873842239379883,1.035325050354004,-0.007571556605398655,1,0.0,1.085702657699585,0.39634461569414486,0.4478714511436478,0,0
20,0,170,-2.3814971446990967,4.680438041687012,2.059652328491211,3,0,1,0,19.87936234474182,1,0,1,0,5.600379562659951,-16.401966094970703,0.9303107261657715,-0.06160430237650871,1,0.0,0.9531210064888,0.348468688023637,0.5197693855250517,1,0
20,0,170,-2.3814971446990967,4.680438041687012,2.059652328491211,3,0,1,0,19.87936234474182,1,0,1,1,5.656980631503018,3.477396249771118,0.8421010971069336,0.05449594557285309,0,0.0,0.9307600259780884,0.34048281492638777,0.45701197559477436,0,1
20,0,170,-2.3814971446990967,4.680438041687012,2.059652328491211,3,0,1,0,19.87936234474182,1,0,1,2,6.349805667239719,-16.1544132232666,1.0110979080200195,-0.09940282255411148,1,0.0,1.044840931892395,0.38041934588551485,0.5703760082975561,0,0
20,0,180,-2.5065970420837402,4.8715996742248535,2.2149770259857178,3,0,0,1,0.0,0,0,0,0,5.431613292262589,2.94622802734375,0.6866230964660645,0.09986784309148788,0,0.0,0.8039029240608215,0.2946080881576009,0.4155058898925027,1,1
20,0,180,-2.5065970420837402,4.8715996742248535,2.2149770259857178,3,0,0,1,0.0,0,0,0,1,5.452152851448,-16.954421997070312,0.7797074317932129,-0.036625854671001434,1,0.0,0.8066520690917969,0.2955898618899577,0.5864912588333391,0,0
20,0,180,-2.5065970420837402,4.8715996742248535,2.2149770259857178,3,0,0,1,0.0,0,0,0,2,6.171303011925771,-16.96319580078125,0.8328766822814941,-0.07592327147722244,1,0.0714285746216774,0.8878157734870911,0.32457650915306946,0.6753483021806649,0,0
20,0,190,-2.651766300201416,5.044057846069336,2.303016185760498,3,0,0,1,0.0,0,0,0,0,5.204780760232,2.6776435375213623,0.5895452499389648,0.15973123908042908,0,0.0,0.7065450549125671,0.2594573251095548,0.35701830275761776,1,1
20,0,190,-2.651766300201416,5.044057846069336,2.303016185760498,3,0,0,1,0.0,0,0,0,1,5.343258819593325,-17.659717559814453,0.6445751190185547,-0.06543704867362976,1,0.0535714291036129,0.678867518901825,0.24957254932306408,0.673606588671679,0,0
20,0,190,-2.651766300201416,5.044057846069336,2.303016185760498,3,0,0,1,0.0,0,0,0,2,6.124481646677059,-17.81197738647461,0.6679964065551758,-0.08126725256443024,1,0.1607142835855484,0.7948967814445496,0.29101130207904596,0.9820383730775326,0,0
20,0,200,-2.8084170818328857,5.213553428649902,2.3192920684814453,3,0,0,1,0.0,0,0,0,0,4.982111697842573,2.6985788345336914,0.5535798072814941,0.24212974309921265,0,0.0,0.6597594618797302,0.2430726816531397,0.3055961522751623,1,1
20,0,200,-2.8084170818328857,5.213553428649902,2.3192920684814453,3,0,0,1,0.0,0,0,0,1,5.4215821623558815,2.6985788345336914,0.5535798072814941,0.24212974309921265,0,0.0,0.6597594618797302,0.2430726816531397,0.3055961522751623,0,0
20,0,200,-2.8084170818328857,5.213553428649902,2.3192920684814453,3,0,0,1,0.0,0,0,0,2,5.468660460921415,-18.524322509765625,0.5030727386474609,-0.10759219527244568,1,0.1607142835855484,0.6532168984413147,0.2407357217532903,1.0788937988847056,0,0
20,0,210,-2.958731174468994,5.383463382720947,2.2654471397399902,3,0,0,1,0.0,0,0,0,0,4.763390622473084,2.802182674407959,0.5666732788085938,0.2677447497844696,0,0.0,0.6401994228363037,0.2359237861902938,0.2922807626176777,1,1
20,0,210,-2.958731174468994,5.383463382720947,2.2654471397399902,3,0,0,1,0.0,0,0,0,1,5.121733277609634,2.802182674407959,0.5666732788085938,0.2677447497844696,0,0.0,0.6401994228363037,0.2359237861902938,0.2922807626176777,0,0
20,0,210,-2.958731174468994,5.383463382720947,2.2654471397399902,3,0,0,1,0.0,0,0,0,2,5.68551509263542,-18.892385482788086,0.37607336044311523,-0.07333947718143463,1,0.125,0.5289852023124695,0.19620437008147476,0.9308938222978546,0,0
20,0,220,-3.093177556991577,5.568840026855469,2.135188102722168,3,0,0,1,0.0,0,0,0,0,4.60580500441629,3.495074510574341,0.7142040729522705,0.319129079580307,0,0.0,0.7873359322547913,0.2886442104166343,0.25591093688905703,1,1
20,0,220,-3.093177556991577,5.568840026855469,2.135188102722168,3,0,0,1,0.0,0,0,0,1,4.874296962879022,3.476675271987915,0.7096042633056641,0.319129079580307,0,0.0,0.7758040428161621,0.2845254692649068,0.3134015976020047,0,0
20,0,220,-3.093177556991577,5.568840026855469,2.135188102722168,3,0,0,1,0.0,0,0,0,2,5.559211527548468,3.369417428970337,0.6827898025512695,0.319129079580307,0,0.0,0.7333996891975403,0.2693813027840436,0.3924070757307908,0,0
20,0,230,-3.1951467990875244,5.7716522216796875,1.9485279321670532,3,0,0,1,0.0,0,0,0,0,4.455388320016577,4.627272605895996,0.9916627407073975,0.3303108513355255,0,0.0,1.075906753540039,0.39155296099799525,0.17305867430458388,1,1
20,0,230,-3.1951467990875244,5.7716522216796875,1.9485279321670532,3,0,0,1,0.0,0,0,0,1,4.7657811029527135,4.171915054321289,0.8778233528137207,0.3303108513355255,0,0.0,0.9098581671714783,0.33224939125893865,0.38099085188639725,0,0
20,0,230,-3.1951467990875244,5.7716522216796875,1.9485279321670532,3,0,0,1,0.0,0,0,0,2,5.435035694096009,3.4827704429626465,0.7092735767364502,0.32283806800842285,0,0.0,0.7207430005073547,0.2647081086426231,0.4242197763012647,0,0
20,0,240,-3.255237340927124,5.992240905761719,1.7436904907226562,3,0,1,0,0.07251167297363281,0,0,0,0,4.272251805648638,5.448995590209961,1.1938083171844482,0.3368810713291168,0,0.0,1.2655754089355469,0.45917379137014397,0.085696711005506,1,0
20,0,240,-3.255237340927124,5.992240905761719,1.7436904907226562,3,0,1,0,0.07251167297363281,0,0,0,1,4.443305918222899,5.521507263183594,1.2141971588134766,0.332359254360199,0,0.0,1.2477028369903564,0.45279090626825413,0.3125323514865694,0,1
20,0,240,-3.255237340927124,5.992240905761719,1.7436904907226562,3,0,1,0,0.07251167297363281,0,0,0,2,4.624420511556694,4.489789962768555,0.9540069103240967,0.3368810713291168,0,0.0,0.9533120393753052,0.3476507289011838,0.34612016046444305,0,0
20,0,250,-3.2686474323272705,6.223566055297852,1.5372430086135864,3,0,1,0,0.5119385719299316,0,0,0,0,4.058894447807614,5.272941589355469,1.2518558502197266,0.13275901973247528,0,0.0,1.2871655225753784,0.4670428359377781,0.06682890252461123,1,0
20,0,250,-3.2686474323272705,6.223566055297852,1.5372430086135864,3,0,1,0,0.5119385719299316,0,0,0,1,4.259101300328946,5.7848801612854,1.2787883281707764,0.3348633944988251,0,0.0,1.2817087173461914,0.4650937650841359,0.33222380942025226,0,1
20,0,250,-3.2686474323272705,6.223566055297852,1.5372430086135864,3,0,1,0,0.5119385719299316,0,0,0,2,4.461583670543989,5.377548694610596,1.167769193649292,0.35323596000671387,0,0.0,1.1640774011611938,0.42307533050914853,0.27782737562972526,0,0
20,0,260,-3.2379891872406006,6.452367305755615,1.3593738079071045,3,0,2,0,0.8327803611755371,0,0,0,0,3.8477364431295613,5.03778600692749,1.2041263580322266,0.11064018309116364,0,0.0,1.2148158550262451,0.4412959455863855,0.21818010092905785,1,0
20,0,260,-3.2379891872406006,6.452367305755615,1.3593738079071045,3,0,2,0,0.8327803611755371,0,0,0,1,4.057158920781453,5.823528289794922,1.2999756336212158,0.3118129074573517,0,0.0,1.2953602075576782,0.4700615744849524,0.4366880393778597,0,0
20,0,260,-3.2379891872406006,6.452367305755615,1.3593738079071045,3,0,2,0,0.8327803611755371,0,0,0,2,4.274166488101668,5.870566368103027,1.2892189025878906,0.35684525966644287,0,0.0,1.306233286857605,0.4739880724055655,0.21834235751792574,0,1
20,0,270,-3.171760320663452,6.6720871925354,1.22208571434021,3,0,2,0,0.8842020034790039,0,0,0,0,3.604469827663979,5.110073089599609,1.1770062446594238,0.20102395117282867,0,0.0,1.1659033298492432,0.4240300013262471,0.2453088667131033,1,0
20,0,270,-3.171760320663452,6.6720871925354,1.22208571434021,3,0,2,0,0.8842020034790039,0,0,0,1,3.827586758590179,5.762668609619141,1.2810792922973633,0.3191756010055542,0,0.0,1.2745165824890137,0.46282002308209835,0.4469067919423027,0,0
20,0,270,-3.171760320663452,6.6720871925354,1.22208571434021,3,0,2,0,0.8842020034790039,0,0,0,2,4.06638352361158,5.994275093078613,1.3177387714385986,0.3616601228713989,0,0.0,1.354702353477478,0.4916849573147983,0.19979930311860952,0,1
20,0,280,-3.0862643718719482,6.885867118835449,1.1779040098190308,3,0,2,0,1.1425542831420898,0,0,0,0,3.388617611504885,4.814855575561523,1.0844297409057617,0.23856830596923828,0,0.0,1.0695170164108276,0.3900958452106992,0.27587508971092795,1,0
20,0,280,-3.0862643718719482,6.885867118835449,1.1779040098190308,3,0,2,0,1.1425542831420898,0,0,0,1,3.6301619986734988,5.27842378616333,1.1657140254974365,0.3077837824821472,0,0.0,1.1578292846679688,0.42163645862675064,0.4792753824264572,0,0
20,0,280,-3.0862643718719482,6.885867118835449,1.1779040098190308,3,0,2,0,1.1425542831420898,0,0,0,2,3.892774592684675,5.957409858703613,1.310829758644104,0.35704538226127625,0,0.0,1.359609842300415,0.49409841301287244,0.25049570104128954,0,1
20,0,290,-3.001518487930298,7.103751182556152,1.228669285774231,3,0,2,0,1.6566424369812012,0,0,0,0,3.148883055446502,4.398820877075195,1.0239614248275757,0.1514875441789627,0,0.0,1.0069644451141357,0.3680524250290191,0.25256337616073893,1,0
20,0,290,-3.001518487930298,7.103751182556152,1.228669285774231,3,0,2,0,1.6566424369812012,0,0,0,1,3.4578047725053103,5.020723342895508,1.1143430471420288,0.2816756069660187,0,0.0,1.102657437324524,0.402228002072916,0.4088495461156197,0,0
20,0,290,-3.001518487930298,7.103751182556152,1.228669285774231,3,0,2,0,1.6566424369812012,0,0,0,2,3.7586185947659363,6.0554633140563965,1.3147356510162354,0.3982602655887604,0,0.0,1.3619685173034668,0.49514231910613676,0.2495801306163957,0,1
20,0,300,-2.9336342811584473,7.327770709991455,1.3103355169296265,3,0,2,0,2.112746000289917,0,0,0,0,2.9243087224014506,3.996497392654419,0.9471992254257202,0.10385023802518845,0,0.0,0.9327648878097534,0.3416572181816914,0.25598326766675866,1,0
20,0,300,-2.9336342811584473,7.327770709991455,1.3103355169296265,3,0,2,0,2.112746000289917,0,0,0,1,3.3254726255041427,4.586752891540527,1.0430234670639038,0.20732955634593964,0,0.0,1.031388521194458,0.3768790109626345,0.38141990427340333,0,0
20,0,300,-2.9336342811584473,7.327770709991455,1.3103355169296265,3,0,2,0,2.112746000289917,0,0,0,2,3.659932536872919,6.109243392944336,1.3197239637374878,0.41517382860183716,0,0.0,1.3641107082366943,0.49610777146309043,0.21056626981985177,0,1
20,1,0,-2.25,1.0,1.5707963267948966,3,0,0,1,0.0,0,0,0,0,9.0,7.150001525878906,1.2875003814697266,1.8949999809265137,0,0.0,1.2850003242492676,0.45982142857142855,0.0,1,1
20,1,0,-2.25,1.0,1.5707963267948966,3,0,0,1,0.0,0,0,0,1,9.513236186146589,6.992805480957031,1.2482013702392578,1.6120399236679077,0,0.0,1.2636055946350098,0.45218076037786004,0.2523747889156115,0,0
20,1,0,-2.25,1.0,1.5707963267948966,3,0,0,1,0.0,0,0,0,2,9.513236186146589,6.992805480957031,1.2482013702392578,1.6120399236679077,0,0.0,1.2636055946350098,0.45218076037786004,0.25237478891561166,0,0
20,1,10,-2.250591278076172,1.053576111793518,1.5873806476593018,3,0,0,1,0.0,0,0,0,0,8.95,7.414575576782227,1.3536438941955566,1.869964361190796,0,0.0,1.3426522016525269,0.483459009075112,0.008363217566113535,1,1
20,1,10,-2.250591278076172,1.053576111793518,1.5873806476593018,3,0,0,1,0.0,0,0,0,1,9.463793281809847,7.233602523803711,1.3084006309509277,1.5634506940841675,0,0.0,1.3220634460449219,0.47610559814381465,0.2745394324794993,0,0
20,1,10,-2.250591278076172,1.053576111793518,1.5873806476593018,3,0,0,1,0.0,0,0,0,2,9.463793281809847,7.244607925415039,1.3111519813537598,1.588507056236267,0,0.0,1.322458267211914,0.47624671710387195,0.2721000494104119,0,0
20,1,20,-2.2535202503204346,1.19688081741333,1.5909217596054077,3,0,0,1,0.0,0,0,0,0,8.799999999999999,7.577840805053711,1.3944602012634277,1.8698365688323975,0,0.0,1.373488426208496,0.49804351910991745,0.013399929919034225,1,1
20,1,20,-2.2535202503204346,1.19688081741333,1.5909217596054077,3,0,0,1,0.0,0,0,0,1,9.31551287810118,7.37835693359375,1.3445892333984375,1.5642735958099365,0,0.0,1.3519752025604248,0.4903602374777711,0.28567044395690555,0,0
20,1,20,-2.2535202503204346,1.19688081741333,1.5909217596054077,3,0,0,1,0.0,0,0,0,2,9.31551287810118,7.395809173583984,1.348952293395996,1.5893524885177612,0,0.0,1.3529138565063477,0.49069571133768225,0.2796028153236298,0,0
20,1,30,-2.256821393966675,1.4221271276474,1.5808827877044678,3,0,0,1,0.0,0,0,0,0,8.599999999999998,7.599733352661133,1.3999333381652832,1.8936327695846558,0,0.0,1.3749544620513916,0.4999807491653266,0.012869715217138302,1,1
20,1,30,-2.256821393966675,1.4221271276474,1.5808827877044678,3,0,0,1,0.0,0,0,0,1,9.117925063475388,7.38197135925293,1.3454928398132324,1.5399121046066284,0,0.0,1.3512688875198364,0.4915209016906922,0.2923729178732534,0,0
20,1,30,-2.256821393966675,1.4221271276474,1.5808827877044678,3,0,0,1,0.0,0,0,0,2,9.117925063475388,7.394426345825195,1.3486065864562988,1.5649731159210205,0,0.0,1.352482795715332,0.4919545989775849,0.28517651877089795,0,0
20,1,40,-2.258023977279663,1.656813144683838,1.5712413787841797,3,0,0,1,0.0,0,0,0,0,8.349999999999998,7.599851608276367,1.3999629020690918,1.8939846754074097,0,0.0,1.3749762773513794,0.49998938911991536,0.010106418022902875,1,1
20,1,40,-2.258023977279663,1.656813144683838,1.5712413787841797,3,0,0,1,0.0,0,0,0,1,8.871149842504158,7.396089553833008,1.349022388458252,1.5645508766174316,0,0.0,1.3523591756820679,0.49191179352082565,0.2864864262333747,0,0
20,1,40,-2.258023977279663,1.656813144683838,1.5712413787841797,3,0,0,1,0.0,0,0,0,2,8.871149842504158,7.400884628295898,1.3502211570739746,1.564829707145691,0,0.0,1.353437900543213,0.49229731119435954,0.2797031687667449,0,0
20,1,50,-2.2566754817962646,1.8915538787841797,1.5589298009872437,3,0,0,1,0.0,0,0,0,0,8.099999999999998,7.599756240844727,1.3999390602111816,1.8947120904922485,0,0.0,1.374991774559021,0.49999709188678076,0.006155571252438816,1,1
20,1,50,-2.2566754817962646,1.8915538787841797,1.5589298009872437,3,0,0,1,0.0,0,0,0,1,8.624633442061722,7.4041748046875,1.351043701171875,1.5894683599472046,0,0.0,1.3521665334701538,0.49184513896623067,0.27997174646081346,0,0
20,1,50,-2.2566754817962646,1.8915538787841797,1.5589298009872437,3,0,0,1,0.0,0,0,0,2,8.624633442061722,7.398502349853516,1.349625587463379,1.5646519660949707,0,0.0,1.3527090549468994,0.492038892723109,0.27636027662583507,0,0
20,1,60,-2.252779960632324,2.127171754837036,1.5526738166809082,3,0,0,1,0.0,0,0,0,0,7.849999999999999,7.599618911743164,1.399904727935791,1.7865653038024902,0,0.0,1.3749839067459106,0.4999937647443273,0.007577653251200168,1,1
20,1,60,-2.252779960632324,2.127171754837036,1.5526738166809082,3,0,0,1,0.0,0,0,0,1,8.378408067339434,7.416875839233398,1.3542189598083496,1.5895167589187622,0,0.0,1.3534163236618042,0.49229092727763757,0.2772620625923106,0,0
20,1,60,-2.252779960632324,2.127171754837036,1.5526738166809082,3,0,0,1,0.0,0,0,0,2,8.378408067339434,7.404254913330078,1.3510637283325195,1.564469814300537,0,0.0,1.353300929069519,0.4922496851858541,0.2778326513917571,0,0
20,1,70,-2.2502496242523193,2.3610618114471436,1.5662494897842407,3,0,0,1,0.0,0,0,0,0,7.649999999999999,7.5999603271484375,1.3999900817871094,1.6076290607452393,0,0.0,1.3749942779541016,0.49999944095166116,0.002135397666068086,1,1
20,1,70,-2.2502496242523193,2.3610618114471436,1.5662494897842407,3,0,0,1,0.0,0,0,0,1,8.181662445769591,7.396583557128906,1.3491458892822266,1.5649062395095825,0,0.0,1.3527125120162964,0.4920403975743377,0.2790819274140451,0,0
20,1,70,-2.2502496242523193,2.3610618114471436,1.5662494897842407,3,0,0,1,0.0,0,0,0,2,8.181662445769591,7.392887115478516,1.348221778869629,1.5646579265594482,0,0.0,1.352623701095581,0.4920086078827032,0.27956771953973086,0,0
20,1,80,-2.2504231929779053,2.5954973697662354,1.5753666162490845,3,0,0,1,0.0,0,0,0,0,7.399999999999999,7.599964141845703,1.3999910354614258,1.4059933423995972,0,0.0,1.3749942779541016,0.49999904666668943,0.002729718271079532,1,1
20,1,80,-2.2504231929779053,2.5954973697662354,1.5753666162490845,3,0,0,1,0.0,0,0,0,1,7.936060486759423,7.396100997924805,1.3490252494812012,1.4648947715759277,0,0.0,1.3520803451538086,0.4918142409661489,0.2776995919812251,0,0
20,1,80,-2.2504231929779053,2.5954973697662354,1.5753666162490845,3,0,0,1,0.0,0,0,0,2,7.936060486759423,7.400106430053711,1.3500266075134277,1.4228861331939697,0,0.0,1.3522593975067139,0.49187829243309233,0.27667368331711467,0,0
20,1,90,-2.2515201568603516,2.8304474353790283,1.5764408111572266,3,0,0,1,0.0,0,0,0,0,7.169552570581435,7.599954605102539,1.3999886512756348,1.238490104675293,0,0.0,1.3749945163726807,0.49999750102668855,0.0044665049083516,1,1
20,1,90,-2.2515201568603516,2.8304474353790283,1.5764408111572266,3,0,0,1,0.0,0,0,0,1,7.710033128467915,7.391895294189453,1.3479738235473633,1.2399834394454956,0,0.0,1.3516535758972168,0.4916616439340112,0.2808862275042548,0,0
20,1,90,-2.2515201568603516,2.8304474353790283,1.5764408111572266,3,0,0,1,0.0,0,0,0,2,7.710033128467915,7.397502899169922,1.3493757247924805,1.1986370086669922,0,0.0,1.3520070314407349,0.49178746766770337,0.27883767570301293,0,0
20,1,100,-2.2529120445251465,3.067448139190674,1.5751250982284546,3,0,0,1,0.0,0,0,0,0,6.932551866769789,7.599958419799805,1.3999896049499512,1.0460729598999023,0,0.0,1.3749934434890747,0.49999637126443713,0.0055504106640770585,1,1
20,1,100,-2.2529120445251465,3.067448139190674,1.5751250982284546,3,0,0,1,0.0,0,0,0,1,7.4779955188274165,7.378721237182617,1.3496932983398438,0.9899740815162659,0,0.0,1.3531838655471802,0.4922079085206012,0.280600260994338,0,0
20,1,100,-2.2529120445251465,3.067448139190674,1.5751250982284546,3,0,0,1,0.0,0,0,0,2,7.4779955188274165,7.39765739440918,1.3510193824768066,0.9967900514602661,0,0.0,1.35366690158844,0.4923805946337333,0.27736780373971054,0,0
20,1,110,-2.25228214263916,3.3036060333251953,1.5595120191574097,3,0,0,1,0.0,0,0,0,0,6.7838357377844645,7.245879173278809,1.3999600410461426,0.8230194449424744,0,0.0,1.374993085861206,0.499997926641554,0.00457715483065818,1,1
20,1,110,-2.25228214263916,3.3036060333251953,1.5595120191574097,3,0,0,1,0.0,0,0,0,1,7.279131167834403,6.90931510925293,1.3442955017089844,0.7660665512084961,0,0.0,1.3515996932983398,0.4916423720208155,0.28791992827875307,0,0
20,1,110,-2.25228214263916,3.3036060333251953,1.5595120191574097,3,0,0,1,0.0,0,0,0,2,7.5092689986169106,6.782076358795166,1.2845091819763184,0.8220198154449463,0,0.0,1.350745677947998,0.49133778385445975,0.3079619562592436,0,0
20,1,120,-2.2469642162323,3.539888381958008,1.5374253988265991,3,0,0,1,0.0,0,0,0,0,6.619783541996941,6.742060661315918,1.3996272087097168,0.5717759132385254,0,0.0,1.3748635053634644,0.49994377684449626,0.019974123810868667,1,1
20,1,120,-2.2469642162323,3.539888381958008,1.5374253988265991,3,0,0,1,0.0,0,0,0,1,6.954775905619744,6.525857925415039,1.366851806640625,0.5292252898216248,0,0.0,1.3553388118743896,0.4929707968007207,0.2551813895414778,0,0
20,1,120,-2.2469642162323,3.539888381958008,1.5374253988265991,3,0,0,1,0.0,0,0,0,2,7.42704824230405,6.181777000427246,1.2042217254638672,0.6824449300765991,0,0.0,1.310941219329834,0.47600714038666725,0.3696340810209494,0,0
20,1,130,-2.2371180057525635,3.774197816848755,1.525730013847351,3,0,0,1,0.0,0,0,0,0,6.4375837779925735,6.273958206176758,1.3983821868896484,0.34021466970443726,0,0.0,1.3738449811935425,0.49956048588026264,0.052486121159462475,1,1
20,1,130,-2.2371180057525635,3.774197816848755,1.525730013847351,3,0,0,1,0.0,0,0,0,1,6.575425674445074,6.251137733459473,1.3849878311157227,0.3555932641029358,0,0.0,1.3622382879257202,0.4954154579094451,0.17730756994696112,0,0
20,1,130,-2.2371180057525635,3.774197816848755,1.525730013847351,3,0,0,1,0.0,0,0,0,2,7.024204651665606,5.880554676055908,1.2980270385742188,0.344223290681839,0,0.0,1.3521630764007568,0.4918172110008194,0.31793516815174516,0,0
20,1,140,-2.228846549987793,4.008385181427002,1.5617538690567017,3,0,1,0,0.00982046127319336,0,0,0,0,6.204974253000695,5.6504998207092285,1.3556265830993652,0.11399669200181961,0,0.0,1.3314789533615112,0.48443974450355964,0.12333191304269486,1,0
20,1,140,-2.228846549987793,4.008385181427002,1.5617538690567017,3,0,1,0,0.00982046127319336,0,0,0,1,6.374801741919712,5.660320281982422,1.3440346717834473,0.14209091663360596,0,0.0,1.3291140794754028,0.4835952280826558,0.24815279593775896,0,1
20,1,140,-2.228846549987793,4.008385181427002,1.5617538690567017,3,0,1,0,0.00982046127319336,0,0,0,2,6.838715533345255,5.380854606628418,1.2829818725585938,0.1244635134935379,0,0.0,1.3523826599121094,0.49190524673689257,0.3075480793283142,0,0
20,1,150,-2.241389274597168,4.241288661956787,1.6802291870117188,3,0,2,0,20.1845703125,1,0,1,0,5.973846468289233,-15.078994750976562,1.24287748336792,-0.02525264583528042,1,0.0,1.222835898399353,0.44562114860976243,0.2474369505354829,1,0
20,1,150,-2.241389274597168,4.241288661956787,1.6802291870117188,3,0,2,0,20.1845703125,1,0,1,1,6.146484007673889,-15.159669876098633,1.2222528457641602,-0.02434084564447403,1,0.0,1.2321739196777344,0.4489564737693065,0.357456473673862,0,0
20,1,150,-2.241389274597168,4.241288661956787,1.6802291870117188,3,0,2,0,20.1845703125,1,0,1,2,6.61960524444628,5.1055755615234375,1.2582077980041504,0.03637225180864334,0,0.0,1.3561246395111084,0.49322406906751276,0.2649770691137855,0,1
20,1,160,-2.28385591506958,4.4658427238464355,1.8309051990509033,2,0,0,1,0.0,1,1,0,0,5.771950496644573,-15.701019287109375,1.0934786796569824,-0.037467096000909805,1,0.0,1.087249994277954,0.39701807028477376,0.3811107928714184,1,1
20,1,160,-2.28385591506958,4.4658427238464355,1.8309051990509033,2,0,0,1,0.0,1,1,0,1,5.906218425578295,-15.890779495239258,1.0458998680114746,-0.037189602851867676,1,0.0,1.0906985998153687,0.39824879287549336,0.41671303588718717,0,0
20,1,170,-2.363717555999756,4.683826446533203,1.9951057434082031,3,0,1,0,19.88844585418701,1,0,1,0,5.576836795289635,-16.460283279418945,0.9287247657775879,-0.0875914990901947,1,0.0,0.9406253099441528,0.3439441406782118,0.4807386241831715,1,0
20,1,170,-2.363717555999756,4.683826446533203,1.9951057434082031,3,0,1,0,19.88844585418701,1,0,1,1,5.674396878678996,3.4281625747680664,0.8459916114807129,0.02209809049963951,0,0.0,0.9202585220336914,0.33666976581904134,0.4667798432539612,0,1
20,1,170,-2.363717555999756,4.683826446533203,1.9951057434082031,3,0,1,0,19.88844585418701,1,0,1,2,6.300297249341742,-16.009817123413086,1.0294079780578613,-0.0637245923280716,1,0.0,1.0607261657714844,0.3861780616100294,0.5365346358478276,0,0
20,1,180,-2.475532293319702,4.883784294128418,2.143232583999634,3,0,0,1,0.0,0,0,0,0,5.419823949475177,2.900921583175659,0.6887211799621582,0.0730183869600296,0,0.0,0.7943675518035889,0.29148928277639274,0.34651644586691444,1,1
20,1,180,-2.475532293319702,4.883784294128418,2.143232583999634,3,0,0,1,0.0,0,0,0,1,5.44010551952382,-17.052845001220703,0.7677316665649414,-0.06188555061817169,1,0.0,0.7912753820419312,0.28994836398503054,0.559056810621868,0,0
20,1,180,-2.475532293319702,4.883784294128418,2.143232583999634,3,0,0,1,0.0,0,0,0,2,6.16017003438594,-16.808069229125977,0.8347988128662109,-0.0736321285367012,1,0.0,0.8837537169456482,0.32297651742403444,0.6425867636286783,0,0
20,1,190,-2.612919330596924,5.073002338409424,2.2396240234375,3,0,0,1,0.0,0,0,0,0,5.197647579713172,2.5347137451171875,0.571772575378418,0.12381166219711304,0,0.0,0.6824468374252319,0.2512216941994412,0.2715207537818939,1,1
20,1,190,-2.612919330596924,5.073002338409424,2.2396240234375,3,0,0,1,0.0,0,0,0,1,5.293959943332181,-17.757814407348633,0.6109094619750977,-0.06501147896051407,1,0.0357142873108387,0.64812833070755,0.23896507553009197,0.6637271086249632,0,0
20,1,190,-2.612919330596924,5.073002338409424,2.2396240234375,3,0,0,1,0.0,0,0,0,2,6.066916386261138,-17.780609130859375,0.6366229057312012,-0.05640772730112076,1,0.1071428582072258,0.7354708909988403,0.27015944897385535,0.9254414705576366,0,0
20,1,200,-2.7557876110076904,5.248979091644287,2.253770351409912,3,0,0,1,0.0,0,0,0,0,4.968986128775651,2.3575901985168457,0.4989457130432129,0.18090373277664185,0,0.0,0.5848010778427124,0.21592597896462543,0.24614005993836702,1,1
20,1,200,-2.7557876110076904,5.248979091644287,2.253770351409912,3,0,0,1,0.0,0,0,0,1,5.355554938850997,-18.659696578979492,0.45789623260498047,-0.1027827113866806,1,0.1428571492433548,0.5727429986000061,0.21161943113252132,0.9615765903408429,0,0
20,1,200,-2.7557876110076904,5.248979091644287,2.253770351409912,3,0,0,1,0.0,0,0,0,2,6.137087691699886,-18.715370178222656,0.4330430030822754,-0.06305727362632751,1,0.1607142835855484,0.6308408379554749,0.23236896951084926,1.0117582105845886,0,0
20,1,210,-2.896353244781494,5.427597522735596,2.2197928428649902,3,0,0,1,0.0,0,0,0,0,4.73964522209055,2.3267571926116943,0.4856710433959961,0.1920364946126938,0,0.0,0.5458595752716064,0.2022246888358074,0.22250553308357082,1,1
20,1,210,-2.896353244781494,5.427597522735596,2.2197928428649902,3,0,0,1,0.0,0,0,0,1,5.124430871085064,2.3267571926116943,0.4856710433959961,0.1920364946126938,0,0.0,0.5458595752716064,0.2022246888358074,0.22250553308357082,0,0
20,1,210,-2.896353244781494,5.427597522735596,2.2197928428649902,3,0,0,1,0.0,0,0,0,2,5.442669053714317,-19.17061996459961,0.3045620918273926,-0.06943400204181671,1,0.125,0.43608272075653076,0.16301807700753437,0.8985540548083498,0,0
20,1,220,-3.026358127593994,5.617537021636963,2.119558811187744,3,0,1,0,0.0004987716674804688,0,0,0,0,4.541509868810521,2.7314345836639404,0.5615077018737793,0.24270190298557281,0,0.0,0.6073539853096008,0.2243507963387456,0.22687518059916859,1,0
20,1,220,-3.026358127593994,5.617537021636963,2.119558811187744,3,0,1,0,0.0004987716674804688,0,0,0,1,4.830468082229828,2.731933355331421,0.5616323947906494,0.24270190298557281,0,0.0,0.607205331325531,0.22429765138564584,0.23700655600508186,0,1
20,1,220,-3.026358127593994,5.617537021636963,2.119558811187744,3,0,1,0,0.0004987716674804688,0,0,0,2,5.521710926171172,2.6984384059906006,0.5532586574554443,0.24270190298557281,0,0.0,0.5910326838493347,0.21852185657440718,0.3200413402168637,0,0
20,1,230,-3.1299214363098145,5.820619583129883,1.9733572006225586,3,0,0,1,0.0,0,0,0,0,4.391575225748066,3.7775659561157227,0.8171656131744385,0.25445178151130676,0,0.0,0.8791667222976685,0.3211753262372908,0.16550425085188733,1,1
20,1,230,-3.1299214363098145,5.820619583129883,1.9733572006225586,3,0,0,1,0.0,0,0,0,1,4.724454230447357,3.5326528549194336,0.7559373378753662,0.25445178151130676,0,0.0,0.785814642906189,0.2878354463264663,0.3540151168064887,0,0
20,1,230,-3.1299214363098145,5.820619583129883,1.9733572006225586,3,0,0,1,0.0,0,0,0,2,5.399888733930796,2.9431114196777344,0.6085519790649414,0.25445178151130676,0,0.0,0.6179361343383789,0.22787956271303964,0.4057128415127383,0,0
20,1,240,-3.2014646530151367,6.040643692016602,1.8115148544311523,3,0,1,0,0.061809539794921875,0,0,0,0,4.20947571689022,5.014917850494385,1.1092193126678467,0.28902024030685425,0,0.0,1.1812294721603394,0.4293437434072664,0.11483319689248815,1,0
20,1,240,-3.2014646530151367,6.040643692016602,1.8115148544311523,3,0,1,0,0.061809539794921875,0,0,0,1,4.396830842588775,5.076727390289307,1.1246716976165771,0.28902024030685425,0,0.0,1.164841890335083,0.4234912271061508,0.31467016241648044,0,1
20,1,240,-3.2014646530151367,6.040643692016602,1.8115148544311523,3,0,1,0,0.061809539794921875,0,0,0,2,4.586721751565411,4.09155797958374,0.8783793449401855,0.28902024030685425,0,0.0,0.8795008659362793,0.3215836452541229,0.36378315378712944,0,0
20,1,250,-3.235105276107788,6.268914222717285,1.6359288692474365,3,0,1,0,0.5694942474365234,0,0,0,0,4.01630602523556,5.020111560821533,1.212005376815796,0.08604501932859421,0,0.0,1.2728289365768433,0.4619501727113443,0.04941184243570408,1,0
20,1,250,-3.235105276107788,6.268914222717285,1.6359288692474365,3,0,1,0,0.5694942474365234,0,0,0,1,4.2139181271544555,5.589605808258057,1.2581722736358643,0.27845829725265503,0,0.0,1.2766693830490112,0.4633219800004213,0.31524279214330425,0,1
20,1,250,-3.235105276107788,6.268914222717285,1.6359288692474365,3,0,1,0,0.5694942474365234,0,0,0,2,4.417723195048501,5.457810878753662,1.2081167697906494,0.3126718997955322,0,0.0,1.2036247253417969,0.4372341665941292,0.3163268684634814,0,0
20,1,260,-3.2277114391326904,6.499053001403809,1.4605234861373901,3,0,2,0,1.1380844116210938,0,0,0,0,3.8072416323575924,4.806719779968262,1.1728689670562744,0.05762207508087158,0,0.0,1.198264241218567,0.43543464354898687,0.2049660821965673,1,0
20,1,260,-3.2277114391326904,6.499053001403809,1.4605234861373901,3,0,2,0,1.1380844116210938,0,0,0,1,4.038733817121753,5.907059669494629,1.3198201656341553,0.31388944387435913,0,0.0,1.318563461303711,0.4783985383381069,0.39956776937233796,0,0
20,1,260,-3.2277114391326904,6.499053001403809,1.4605234861373901,3,0,2,0,1.1380844116210938,0,0,0,2,4.266410465525098,5.9448041915893555,1.3171546459197998,0.3380928337574005,0,0.0,1.3253211975097656,0.4808117056092637,0.2628430278177289,0,1
20,1,270,-3.1831910610198975,6.726263046264648,1.316652536392212,3,0,2,0,1.4391412734985352,0,0,0,0,3.5753811418448214,4.68784236907959,1.1102182865142822,0.12348458915948868,0,0.0,1.10873544216156,0.40414186814169983,0.28580782401702703,1,0
20,1,270,-3.1831910610198975,6.726263046264648,1.316652536392212,3,0,2,0,1.4391412734985352,0,0,0,1,3.7941938977977,5.628949165344238,1.2639288902282715,0.286616712808609,0,0.0,1.2577857971191406,0.45737440212814523,0.4424831210197655,0,0
20,1,270,-3.1831910610198975,6.726263046264648,1.316652536392212,3,0,2,0,1.4391412734985352,0,0,0,2,4.033225821160177,6.126983642578125,1.342679738998413,0.37813231348991394,0,0.0,1.3648213148117065,0.49597097339618024,0.20686756684065802,0,1
20,1,280,-3.113377094268799,6.951001167297363,1.244562029838562,3,0,2,0,1.5775651931762695,0,0,0,0,3.329402193909276,4.53579568862915,1.0392217636108398,0.1894543170928955,0,0.0,1.025477409362793,0.3747907220478121,0.22773443010222033,1,0
20,1,280,-3.113377094268799,6.951001167297363,1.244562029838562,3,0,2,0,1.5775651931762695,0,0,0,1,3.6004420055983397,5.317146301269531,1.1904102563858032,0.2777526080608368,0,0.0,1.1821562051773071,0.4307470005867948,0.4022859048036911,0,0
20,1,280,-3.113377094268799,6.951001167297363,1.244562029838562,3,0,2,0,1.5775651931762695,0,0,0,2,3.8738125421346066,6.11336088180542,1.32375168800354,0.4091770648956299,0,0.0,1.3670612573623657,0.4971639314479122,0.1804895727730536,0,1
20,1,290,-3.0357906818389893,7.17289924621582,1.2242015600204468,3,0,2,0,2.11000394821167,0,0,0,0,3.106741453195966,4.047717571258545,0.9324753284454346,0.15890808403491974,0,0.0,0.9175822734832764,0.3359921655813496,0.30483249701247495,1,0
20,1,290,-3.0357906818389893,7.17289924621582,1.2242015600204468,3,0,2,0,2.11000394821167,0,0,0,1,3.453569113433911,4.8258442878723145,1.0775067806243896,0.25790852308273315,0,0.0,1.070654034614563,0.39066112664005576,0.42911983734415876,0,0
20,1,290,-3.0357906818389893,7.17289924621582,1.2242015600204468,3,0,2,0,2.11000394821167,0,0,0,2,3.7646388364125767,6.157721519470215,1.3086071014404297,0.46164655685424805,0,0.0,1.3676347732543945,0.49736675011037396,0.17225641822614066,0,1
40,0,0,-2.25,1.0,1.5707963267948966,3,0,0,1,0.0,0,0,0,0,9.0,7.150001525878906,1.2875003814697266,1.8949999809265137,0,0.0,1.2850003242492676,0.45982142857142855,0.0,1,1
40,0,0,-2.25,1.0,1.5707963267948966,3,0,0,1,0.0,0,0,0,1,9.513236186146589,6.992805480957031,1.2482013702392578,1.6120399236679077,0,0.0,1.2636055946350098,0.45218076037786004,0.2523747889156115,0,0
40,0,0,-2.25,1.0,1.5707963267948966,3,0,0,1,0.0,0,0,0,2,9.513236186146589,6.992805480957031,1.2482013702392578,1.6120399236679077,0,0.0,1.2636055946350098,0.45218076037786004,0.25237478891561166,0,0
40,0,10,-2.24971604347229,1.0588933229446411,1.5600006580352783,3,0,0,1,0.0,0,0,0,0,8.95,7.434638977050781,1.3586597442626953,1.8946539163589478,0,0.0,1.3468140363693237,0.48524157470932977,0.005436673157160462,1,1
40,0,10,-2.24971604347229,1.0588933229446411,1.5600006580352783,3,0,0,1,0.0,0,0,0,1,9.463793281809847,7.256681442260742,1.3141703605651855,1.5893465280532837,0,0.0,1.3259907960891724,0.47780505995307937,0.2720963136529696,0,0
40,0,10,-2.24971604347229,1.0588933229446411,1.5600006580352783,3,0,0,1,0.0,0,0,0,2,9.463793281809847,7.249261856079102,1.3123154640197754,1.5643153190612793,0,0.0,1.325730562210083,0.4777120918342269,0.27367086333589363,0,0
40,0,20,-2.247821569442749,1.2029353380203247,1.558211326599121,3,0,0,1,0.0,0,0,0,0,8.799999999999999,7.576711654663086,1.3941779136657715,1.894214391708374,0,0.0,1.3733423948287964,0.4979296904460166,0.008401859385953914,1,1
40,0,20,-2.247821569442749,1.2029353380203247,1.558211326599121,3,0,0,1,0.0,0,0,0,1,9.31551287810118,7.387989044189453,1.3469972610473633,1.589424967765808,0,0.0,1.3522498607635498,0.49039635911702245,0.27874173604351304,0,0
40,0,20,-2.247821569442749,1.2029353380203247,1.558211326599121,3,0,0,1,0.0,0,0,0,2,9.31551287810118,7.376941680908203,1.3442354202270508,1.5643774271011353,0,0.0,1.351653814315796,0.4901838182900988,0.28255246952990365,0,0
40,0,30,-2.2460148334503174,1.4257149696350098,1.5659418106079102,3,0,0,1,0.0,0,0,0,0,8.549999999999999,7.599924087524414,1.3999810218811035,1.8943047523498535,0,0.0,1.374985933303833,0.4999946812268128,0.006739646071945936,1,1
40,0,30,-2.2460148334503174,1.4257149696350098,1.5659418106079102,3,0,0,1,0.0,0,0,0,1,9.0685506996768,7.414669036865234,1.3536672592163086,1.5884424448013306,0,0.0,1.3535778522491455,0.4923481472010939,0.2737558781658495,0,0
40,0,30,-2.2460148334503174,1.4257149696350098,1.5659418106079102,3,0,0,1,0.0,0,0,0,2,9.0685506996768,7.409019470214844,1.352254867553711,1.5644583702087402,0,0.0,1.3529798984527588,0.49213458861251513,0.27753477698855045,0,0
40,0,40,-2.246206521987915,1.6611300706863403,1.5760709047317505,3,0,0,1,0.0,0,0,0,0,8.349999999999998,7.599939346313477,1.3999848365783691,1.8947807550430298,0,0.0,1.3749971389770508,0.49999904259266076,0.0034517630342812936,1,1
40,0,40,-2.246206521987915,1.6611300706863403,1.5760709047317505,3,0,0,1,0.0,0,0,0,1,8.871149842504158,7.3942108154296875,1.3485527038574219,1.5646905899047852,0,0.0,1.3528443574905396,0.49208724809087734,0.2781259059307222,0,0
40,0,40,-2.246206521987915,1.6611300706863403,1.5760709047317505,3,0,0,1,0.0,0,0,0,2,8.871149842504158,7.396732330322266,1.3491830825805664,1.564901351928711,0,0.0,1.3524810075759888,0.49195727700191627,0.2808163787840075,0,0
40,0,50,-2.2478456497192383,1.8969690799713135,1.5802242755889893,3,0,0,1,0.0,0,0,0,0,8.099999999999998,7.5998992919921875,1.3999748229980469,1.8947962522506714,0,0.0,1.3749980926513672,0.49999865419197687,0.0038057403828311576,1,1
40,0,50,-2.2478456497192383,1.8969690799713135,1.5802242755889893,3,0,0,1,0.0,0,0,0,1,8.624633442061722,7.394758224487305,1.3486895561218262,1.5647071599960327,0,0.0,1.3520660400390625,0.49180957016261584,0.2786797983057415,0,0
40,0,50,-2.2478456497192383,1.8969690799713135,1.5802242755889893,3,0,0,1,0.0,0,0,0,2,8.624633442061722,7.401256561279297,1.3503141403198242,1.5884149074554443,0,0.0,1.352059006690979,0.4918069632545116,0.27886968767341874,0,0
40,0,60,-2.250760078430176,2.1319167613983154,1.5821080207824707,3,0,0,1,0.0,0,0,0,0,7.849999999999999,7.599843978881836,1.399960994720459,1.894347071647644,0,0.0,1.374987244606018,0.49999471572936194,0.006350664937952555,1,1
40,0,60,-2.250760078430176,2.1319167613983154,1.5821080207824707,3,0,0,1,0.0,0,0,0,1,8.378408067339434,7.40315055847168,1.35078763961792,1.56455397605896,0,0.0,1.3528530597686768,0.4920896819710328,0.2786665218552338,0,0
40,0,60,-2.250760078430176,2.1319167613983154,1.5821080207824707,3,0,0,1,0.0,0,0,0,2,8.378408067339434,7.412445068359375,1.3531112670898438,1.588513731956482,0,0.0,1.3532387018203735,0.492227168725741,0.2763942743189298,0,0
40,0,70,-2.2523112297058105,2.36670184135437,1.5738880634307861,3,0,0,1,0.0,0,0,0,0,7.649999999999999,7.599958419799805,1.3999896049499512,1.8945101499557495,0,0.0,1.3749923706054688,0.49999793337258663,0.004174772097403857,1,1
40,0,70,-2.2523112297058105,2.36670184135437,1.5738880634307861,3,0,0,1,0.0,0,0,0,1,8.181662445769591,7.388795852661133,1.3471989631652832,1.5646535158157349,0,0.0,1.3521037101745605,0.4918222645547862,0.28218859872557944,0,0
40,0,70,-2.2523112297058105,2.36670184135437,1.5738880634307861,3,0,0,1,0.0,0,0,0,2,8.181662445769591,7.392778396606445,1.3481945991516113,1.5646730661392212,0,0.0,1.352498173713684,0.49196306471009926,0.2798185544817573,0,0
40,0,80,-2.252394437789917,2.602473020553589,1.5669862031936646,3,0,0,1,0.0,0,0,0,0,7.399999999999999,7.599966049194336,1.399991512298584,1.8400241136550903,0,0.0,1.374997615814209,0.4999996510103773,0.002128323340533012,1,1
40,0,80,-2.252394437789917,2.602473020553589,1.5669862031936646,3,0,0,1,0.0,0,0,0,1,7.936060486759423,7.401012420654297,1.3502531051635742,1.564748764038086,0,0.0,1.353093147277832,0.4921756955967775,0.27722279001770506,0,0
40,0,80,-2.252394437789917,2.602473020553589,1.5669862031936646,3,0,0,1,0.0,0,0,0,2,7.936060486759423,7.399168014526367,1.3497920036315918,1.5647468566894531,0,0.0,1.3533076047897339,0.4922520207564577,0.2758291202636001,0,0
40,0,90,-2.250309705734253,2.837897777557373,1.56059730052948,3,0,0,1,0.0,0,0,0,0,7.16210222840309,7.599880218505859,1.3999700546264648,1.6170810461044312,0,0.0,1.374992847442627,0.4999968908250177,0.004997788580051442,1,1
40,0,90,-2.250309705734253,2.837897777557373,1.56059730052948,3,0,0,1,0.0,0,0,0,1,7.7027320783389275,7.398813247680664,1.349703311920166,1.5883055925369263,0,0.0,1.3519539833068848,0.49176861203462124,0.28011049182435427,0,0
40,0,90,-2.250309705734253,2.837897777557373,1.56059730052948,3,0,0,1,0.0,0,0,0,2,7.7027320783389275,7.390417098999023,1.3476042747497559,1.5644922256469727,0,0.0,1.3517035245895386,0.4916794527148207,0.281467097690249,0,0
40,0,100,-2.2479424476623535,3.0726754665374756,1.563402533531189,3,0,0,1,0.0,0,0,0,0,6.927324539422988,7.599908828735352,1.399977207183838,1.4214162826538086,0,0.0,1.3749874830245972,0.49999560944708005,0.005917453446973761,1,1
40,0,100,-2.2479424476623535,3.0726754665374756,1.563402533531189,3,0,0,1,0.0,0,0,0,1,7.472882866443333,7.405080795288086,1.3512701988220215,1.4247220754623413,0,0.0,1.3536494970321655,0.49237445689278847,0.2780400512832915,0,0
40,0,100,-2.2479424476623535,3.0726754665374756,1.563402533531189,3,0,0,1,0.0,0,0,0,2,7.472882866443333,7.397687911987305,1.3494219779968262,1.4869500398635864,0,0.0,1.3531973361968994,0.4922125249547365,0.2809925822926179,0,0
40,0,110,-2.247694492340088,3.3083748817443848,1.5712637901306152,3,0,0,1,0.0,0,0,0,0,6.691625094413756,7.599992752075195,1.3999981880187988,1.235005259513855,0,0.0,1.3749995231628418,0.49999919189123304,0.002875453076491944,1,1
40,0,110,-2.247694492340088,3.3083748817443848,1.5712637901306152,3,0,0,1,0.0,0,0,0,1,7.242610381093369,7.401462554931641,1.3503656387329102,1.250309705734253,0,0.0,1.3535717725753784,0.4923469948499209,0.2759954203333187,0,0
40,0,110,-2.247694492340088,3.3083748817443848,1.5712637901306152,3,0,0,1,0.0,0,0,0,2,7.242610381093369,7.400541305541992,1.350135326385498,1.4312067031860352,0,0.0,1.35329008102417,0.4922466587862891,0.2779370256404819,0,0
40,0,120,-2.247878074645996,3.542924642562866,1.5736842155456543,3,0,0,1,0.0,0,0,0,0,6.457075333595275,7.600004196166992,1.400001049041748,1.0441837310791016,0,0.0,1.375004529953003,0.4999996649951334,0.0020807797873412946,1,1
40,0,120,-2.247878074645996,3.542924642562866,1.5736842155456543,3,0,0,1,0.0,0,0,0,1,7.0140093597424755,7.399900436401367,1.3499751091003418,1.0421422719955444,0,0.0,1.353532075881958,0.4923321945204707,0.27572391614366565,0,0
40,0,120,-2.247878074645996,3.542924642562866,1.5736842155456543,3,0,0,1,0.0,0,0,0,2,7.0140093597424755,7.401145935058594,1.3502864837646484,1.2903403043746948,0,0.0,1.3533356189727783,0.49226233775540795,0.2771364505222709,0,0
40,0,130,-2.2493979930877686,3.7771801948547363,1.578590750694275,3,0,1,0,0.013211250305175781,0,0,0,0,6.2228197813034045,7.3899030685424805,1.3999824523925781,0.8949865102767944,0,0.0,1.3749964237213135,0.4999984856780864,0.0035403781810911224,1,0
40,0,130,-2.2493979930877686,3.7771801948547363,1.578590750694275,3,0,1,0,0.013211250305175781,0,0,0,1,6.7863271068519,7.403114318847656,1.350778579711914,1.16925847530365,0,0.0,1.3534891605377197,0.49231784920588334,0.27792060457485795,0,1
40,0,130,-2.2493979930877686,3.7771801948547363,1.578590750694275,3,0,1,0,0.013211250305175781,0,0,0,2,6.9196754070451,6.908256530761719,1.3203520774841309,0.8134239912033081,0,0.0,1.352946162223816,0.49212384152132443,0.2999244654020533,0,0
40,0,140,-2.2507848739624023,4.0115227699279785,1.575784683227539,3,0,1,0,0.24477910995483398,0,0,0,0,5.988477206230162,7.157026767730713,1.3999977111816406,0.7785179018974304,0,0.0,1.3750033378601074,0.49999864027212887,0.003245491195129496,1,0
40,0,140,-2.2507848739624023,4.0115227699279785,1.575784683227539,3,0,1,0,0.24477910995483398,0,0,0,1,6.559296971540384,7.401805877685547,1.3504514694213867,1.0474907159805298,0,0.0,1.3535480499267578,0.4923372321251917,0.2769165449394251,0,1
40,0,140,-2.2507848739624023,4.0115227699279785,1.575784683227539,3,0,1,0,0.24477910995483398,0,0,0,2,6.7987653833668045,7.160478591918945,1.2901196479797363,1.0615483522415161,0,0.0,1.3528298139572144,0.49208143566042317,0.3029948861976584,0,0
40,0,150,-2.2516772747039795,4.2474236488342285,1.5728087425231934,3,0,1,0,0.25688791275024414,0,0,0,0,5.752576327323912,7.009404182434082,1.4000020027160645,0.7046982049942017,0,0.0,1.3750030994415283,0.4999990301710136,0.002886778033154985,1,0
40,0,150,-2.2516772747039795,4.2474236488342285,1.5728087425231934,3,0,1,0,0.25688791275024414,0,0,0,1,6.331631708648915,7.266292095184326,1.3500385284423828,0.9330689907073975,0,0.0,1.3535667657852173,0.49234459846520673,0.2761963326733565,0,1
40,0,150,-2.2516772747039795,4.2474236488342285,1.5728087425231934,3,0,1,0,0.25688791275024414,0,0,0,2,6.575993775263029,7.155256271362305,1.2888140678405762,1.0453754663467407,0,0.0,1.3529802560806274,0.4921360251476277,0.3018710946709093,0,0
40,0,160,-2.252031087875366,4.4842047691345215,1.5719493627548218,2,0,1,0,0.07498788833618164,0,0,0,0,5.515795207023619,6.989986419677734,1.4000024795532227,0.6949881911277771,0,0.0,1.3750032186508179,0.4999990259028797,0.003009964365623446,1,0
40,0,160,-2.252031087875366,4.4842047691345215,1.5719493627548218,2,0,1,0,0.07498788833618164,0,0,0,1,6.104163390197074,7.064974308013916,1.3497943878173828,0.8328984379768372,0,0.0,1.3535795211791992,0.4923488513396187,0.2761283658524696,0,1
40,0,170,-2.254520893096924,4.7192182540893555,1.592462182044983,2,0,0,1,0.0,0,0,0,0,5.280781841278075,6.93895959854126,1.3998208045959473,0.6698382496833801,0,0.0,1.3749233484268188,0.4999678194997465,0.015463274773419324,1,1
40,0,170,-2.254520893096924,4.7192182540893555,1.592462182044983,2,0,0,1,0.0,0,0,0,1,5.778449950338041,6.869558811187744,1.3741075992584229,0.6865642666816711,0,0.0,1.3572845458984375,0.49366740088888644,0.2208145744144748,0,0
40,0,180,-2.261585235595703,4.953746318817139,1.6067581176757812,3,0,0,1,0.0,0,0,0,0,5.046253776550292,6.597907543182373,1.3994371891021729,0.5000793933868408,0,0.0,1.3747211694717407,0.499882302767376,0.02999535292306642,1,1
40,0,180,-2.261585235595703,4.953746318817139,1.6067581176757812,3,0,0,1,0.0,0,0,0,1,5.657060499427258,6.475662708282471,1.3536269664764404,0.5305774211883545,0,0.0,1.3544201850891113,0.49263139944661266,0.28891638555525884,0,0
40,0,180,-2.261585235595703,4.953746318817139,1.6067581176757812,3,0,0,1,0.0,0,0,0,2,5.659831592445801,6.203559875488281,1.3491930961608887,0.40339362621307373,0,0.0,1.3521573543548584,0.4918232215225028,0.2957466255507155,0,0
40,0,190,-2.2705488204956055,5.187154293060303,1.60714590549469,3,0,1,0,0.006254673004150391,0,0,0,0,4.812845802307128,6.304522514343262,1.399226427078247,0.3538084924221039,0,0.0,1.3745399713516235,0.49980061310582924,0.04024139119253966,1,0
40,0,190,-2.2705488204956055,5.187154293060303,1.60714590549469,3,0,1,0,0.006254673004150391,0,0,0,1,5.4373568388287765,6.310777187347412,1.3408465385437012,0.4736955463886261,0,0.0,1.3494569063186646,0.49084276592029247,0.3147556484285869,0,1
40,0,190,-2.2705488204956055,5.187154293060303,1.60714590549469,3,0,1,0,0.006254673004150391,0,0,0,2,5.551228642450316,5.91850471496582,1.326324462890625,0.30660349130630493,0,0.0,1.3547505140304565,0.4927335501455036,0.30991922121995813,0,0
40,0,200,-2.2786662578582764,5.421224594116211,1.602737545967102,3,0,1,0,0.1893939971923828,0,0,0,0,4.579362612315569,6.23443078994751,1.3982419967651367,0.32073134183883667,0,0.0,1.3741886615753174,0.49970817517416144,0.019138087401962572,1,0
40,0,200,-2.2786662578582764,5.421224594116211,1.602737545967102,3,0,1,0,0.1893939971923828,0,0,0,1,5.23850821209907,6.423824787139893,1.3403847217559814,0.5311429500579834,0,0.0,1.3514666557312012,0.49159309510805305,0.27959359732631806,0,1
40,0,200,-2.2786662578582764,5.421224594116211,1.602737545967102,3,0,1,0,0.1893939971923828,0,0,0,2,5.436744049421438,5.301519870758057,1.2624878883361816,0.125784233212471,0,0.0,1.3241804838180542,0.48184796164224597,0.322552232830824,0,0
40,0,210,-2.287572145462036,5.653410911560059,1.6208633184432983,3,0,1,0,0.14280366897583008,0,0,0,0,4.3472481472214195,6.092836856842041,1.362854242324829,0.3207099437713623,0,0.0,1.3392795324325562,0.4872420336789292,0.019777038667245613,1,0
40,0,210,-2.287572145462036,5.653410911560059,1.6208633184432983,3,0,1,0,0.14280366897583008,0,0,0,1,5.026541650057009,6.235640525817871,1.338927984237671,0.43996432423591614,0,0.0,1.3535195589065552,0.4923269463648934,0.2898234033541166,0,1
40,0,210,-2.287572145462036,5.653410911560059,1.6208633184432983,3,0,1,0,0.14280366897583008,0,0,0,2,5.268112783480748,4.614593505859375,1.1485412120819092,0.010214323177933693,0,0.0,1.2312228679656982,0.4478581711873955,0.35065398913994167,0,0
40,0,220,-2.3022587299346924,5.8874688148498535,1.6425687074661255,3,0,1,0,0.19719696044921875,0,0,0,0,4.113282976134672,5.869926452636719,1.2951712608337402,0.34462082386016846,0,0.0,1.2722798585891724,0.4632878325512716,0.038785660989106886,1,0
40,0,220,-2.3022587299346924,5.8874688148498535,1.6425687074661255,3,0,1,0,0.19719696044921875,0,0,0,1,4.816685859790632,6.0671234130859375,1.3331408500671387,0.3672800064086914,0,0.0,1.3518493175506592,0.4917053608827165,0.3140399023201138,0,1
40,0,220,-2.3022587299346924,5.8874688148498535,1.6425687074661255,3,0,1,0,0.19719696044921875,0,0,0,2,5.08931420827137,-16.197561264038086,0.973085880279541,-0.04495275020599365,1,0.0,1.1118764877319336,0.4045844253532024,0.4810202495961157,0,0
40,0,230,-2.318931818008423,6.121699333190918,1.6362422704696655,3,0,2,0,0.41182899475097656,0,0,0,0,3.879175660034134,5.51790189743042,1.213815689086914,0.3313196301460266,0,0.0,1.190488338470459,0.4340472187757311,0.05097330615652662,1,0
40,0,230,-2.318931818008423,6.121699333190918,1.6362422704696655,3,0,2,0,0.41182899475097656,0,0,0,1,4.611622141715728,5.783946514129639,1.2803268432617188,0.3313196301460266,0,0.0,1.2952715158462524,0.47146913390252226,0.313279241066106,0,0
40,0,230,-2.318931818008423,6.121699333190918,1.6362422704696655,3,0,2,0,0.41182899475097656,0,0,0,2,4.92319078369231,5.9297308921813965,1.2503104209899902,0.46424469351768494,0,0.0,1.352585792541504,0.4919382210157139,0.31336569039264744,0,1
40,0,240,-2.331165075302124,6.3557939529418945,1.617660403251648,3,0,2,0,0.09140634536743164,0,0,0,0,3.6483857102814925,5.618871688842773,1.2302436828613281,0.34894850850105286,0,0.0,1.2078728675842285,0.44031199392053644,0.01791893856315666,1,0
40,0,240,-2.331165075302124,6.3557939529418945,1.617660403251648,3,0,2,0,0.09140634536743164,0,0,0,1,4.340724128558164,5.063254356384277,1.1358091831207275,0.26000893115997314,0,0.0,1.1195498704910278,0.4087681954028008,0.23862690613629248,0,0
40,0,240,-2.331165075302124,6.3557939529418945,1.617660403251648,3,0,2,0,0.09140634536743164,0,0,0,2,4.44139224143018,5.710278034210205,1.271535873413086,0.3120672404766083,0,0.0,1.287175178527832,0.46863394408943604,0.26498015003421566,0,1
40,0,250,-2.3417856693267822,6.5920515060424805,1.6140475273132324,3,0,0,1,0.0,0,0,0,0,3.4131539335898804,5.484846591949463,1.1970551013946533,0.34831318259239197,0,0.0,1.1744749546051025,0.42838144746585344,0.017298054214423726,1,1
40,0,250,-2.3417856693267822,6.5920515060424805,1.6140475273132324,3,0,0,1,0.0,0,0,0,1,4.1333998011584665,5.0124406814575195,1.0945651531219482,0.3170900344848633,0,0.0,1.0782777070999146,0.39402593584257495,0.2356512747517381,0,0
40,0,250,-2.3417856693267822,6.5920515060424805,1.6140475273132324,3,0,0,1,0.0,0,0,0,2,4.252840418477445,5.4229326248168945,1.2135403156280518,0.28438568115234375,0,0.0,1.2218382358551025,0.44529709305095544,0.256083845554702,0,0
40,0,260,-2.349475145339966,6.827269077301025,1.592390775680542,3,0,0,1,0.0,0,0,0,0,3.1796164228382615,5.4714860916137695,1.1955184936523438,0.34470608830451965,0,0.0,1.1721707582473755,0.42755876847952845,0.010302965254183255,1,1
40,0,260,-2.349475145339966,6.827269077301025,1.592390775680542,3,0,0,1,0.0,0,0,0,1,4.077421741474648,5.2596588134765625,1.1733131408691406,0.2832030653953552,0,0.0,1.1732913255691528,0.42795918927278337,0.23896971801856473,0,0
40,0,260,-2.349475145339966,6.827269077301025,1.592390775680542,3,0,0,1,0.0,0,0,0,2,4.187718679182269,4.063478469848633,0.8791320323944092,0.27347519993782043,0,0.0,0.875979483127594,0.32177679614063404,0.2722656608854818,0,0
40,0,270,-2.3556549549102783,7.060390949249268,1.608094334602356,3,0,0,1,0.0,0,0,0,0,2.9497170358938702,5.541679859161377,1.2130427360534668,0.3447543680667877,0,0.0,1.1946251392364502,0.4341212795152713,0.02443010410559931,1,1
40,0,270,-2.3556549549102783,7.060390949249268,1.608094334602356,3,0,0,1,0.0,0,0,0,1,3.9199714947799436,5.298649787902832,1.1706647872924805,0.3079952895641327,0,0.0,1.1757242679595947,0.42737289373959636,0.25503597025104374,0,0
40,0,270,-2.3556549549102783,7.060390949249268,1.608094334602356,3,0,0,1,0.0,0,0,0,2,4.185472222332558,3.635284662246704,0.7641332149505615,0.2893758714199066,0,0.0,0.7745900750160217,0.2841096444809182,0.2915031038104126,0,0
40,0,280,-2.3642518520355225,7.278270721435547,1.6022944450378418,3,0,0,1,0.0,0,0,0,0,2.739545942222323,5.91164493560791,1.2957816123962402,0.3642592430114746,0,0.0,1.278244972229004,0.46384089101541864,0.030196873441666144,1,1
40,0,280,-2.3642518520355225,7.278270721435547,1.6022944450378418,3,0,0,1,0.0,0,0,0,1,3.7926404439732093,5.639202117919922,1.2390649318695068,0.3414711058139801,0,0.0,1.2564383745193481,0.4560525389822234,0.28438401779495776,0,0
40,0,280,-2.3642518520355225,7.278270721435547,1.6022944450378418,3,0,0,1,0.0,0,0,0,2,4.1601942964484415,3.1741490364074707,0.6426281929016113,0.3018181025981903,0,0.0,0.6785233616828918,0.2492910836170314,0.32525436005394764,0,0
40,1,0,-2.25,1.0,1.5707963267948966,3,0,0,1,0.0,0,0,0,0,9.0,7.150001525878906,1.2875003814697266,1.8949999809265137,0,0.0,1.2850003242492676,0.45982142857142855,0.0,1,1
40,1,0,-2.25,1.0,1.5707963267948966,3,0,0,1,0.0,0,0,0,1,9.513236186146589,6.992805480957031,1.2482013702392578,1.6120399236679077,0,0.0,1.2636055946350098,0.45218076037786004,0.2523747889156115,0,0
40,1,0,-2.25,1.0,1.5707963267948966,3,0,0,1,0.0,0,0,0,2,9.513236186146589,6.992805480957031,1.2482013702392578,1.6120399236679077,0,0.0,1.2636055946350098,0.45218076037786004,0.25237478891561166,0,0
40,1,10,-2.250591278076172,1.053576111793518,1.5873806476593018,3,0,0,1,0.0,0,0,0,0,8.95,7.414575576782227,1.3536438941955566,1.869964361190796,0,0.0,1.3426522016525269,0.483459009075112,0.008363217566113535,1,1
40,1,10,-2.250591278076172,1.053576111793518,1.5873806476593018,3,0,0,1,0.0,0,0,0,1,9.463793281809847,7.233602523803711,1.3084006309509277,1.5634506940841675,0,0.0,1.3220634460449219,0.47610559814381465,0.2745394324794993,0,0
40,1,10,-2.250591278076172,1.053576111793518,1.5873806476593018,3,0,0,1,0.0,0,0,0,2,9.463793281809847,7.244607925415039,1.3111519813537598,1.588507056236267,0,0.0,1.322458267211914,0.47624671710387195,0.2721000494104119,0,0
40,1,20,-2.2535202503204346,1.19688081741333,1.5909217596054077,3,0,0,1,0.0,0,0,0,0,8.799999999999999,7.577840805053711,1.3944602012634277,1.8698365688323975,0,0.0,1.373488426208496,0.49804351910991745,0.013399929919034225,1,1
40,1,20,-2.2535202503204346,1.19688081741333,1.5909217596054077,3,0,0,1,0.0,0,0,0,1,9.31551287810118,7.37835693359375,1.3445892333984375,1.5642735958099365,0,0.0,1.3519752025604248,0.4903602374777711,0.28567044395690555,0,0
40,1,20,-2.2535202503204346,1.19688081741333,1.5909217596054077,3,0,0,1,0.0,0,0,0,2,9.31551287810118,7.395809173583984,1.348952293395996,1.5893524885177612,0,0.0,1.3529138565063477,0.49069571133768225,0.2796028153236298,0,0
40,1,30,-2.256821393966675,1.4221271276474,1.5808827877044678,3,0,0,1,0.0,0,0,0,0,8.599999999999998,7.599733352661133,1.3999333381652832,1.8936327695846558,0,0.0,1.3749544620513916,0.4999807491653266,0.012869715217138302,1,1
40,1,30,-2.256821393966675,1.4221271276474,1.5808827877044678,3,0,0,1,0.0,0,0,0,1,9.117925063475388,7.38197135925293,1.3454928398132324,1.5399121046066284,0,0.0,1.3512688875198364,0.4915209016906922,0.2923729178732534,0,0
40,1,30,-2.256821393966675,1.4221271276474,1.5808827877044678,3,0,0,1,0.0,0,0,0,2,9.117925063475388,7.394426345825195,1.3486065864562988,1.5649731159210205,0,0.0,1.352482795715332,0.4919545989775849,0.28517651877089795,0,0
40,1,40,-2.258023977279663,1.656813144683838,1.5712413787841797,3,0,0,1,0.0,0,0,0,0,8.349999999999998,7.599851608276367,1.3999629020690918,1.8939846754074097,0,0.0,1.3749762773513794,0.49998938911991536,0.010106418022902875,1,1
40,1,40,-2.258023977279663,1.656813144683838,1.5712413787841797,3,0,0,1,0.0,0,0,0,1,8.871149842504158,7.396089553833008,1.349022388458252,1.5645508766174316,0,0.0,1.3523591756820679,0.49191179352082565,0.2864864262333747,0,0
40,1,40,-2.258023977279663,1.656813144683838,1.5712413787841797,3,0,0,1,0.0,0,0,0,2,8.871149842504158,7.400884628295898,1.3502211570739746,1.564829707145691,0,0.0,1.353437900543213,0.49229731119435954,0.2797031687667449,0,0
40,1,50,-2.2566754817962646,1.8915538787841797,1.5589298009872437,3,0,0,1,0.0,0,0,0,0,8.099999999999998,7.599756240844727,1.3999390602111816,1.8947120904922485,0,0.0,1.374991774559021,0.49999709188678076,0.006155571252438816,1,1
40,1,50,-2.2566754817962646,1.8915538787841797,1.5589298009872437,3,0,0,1,0.0,0,0,0,1,8.624633442061722,7.4041748046875,1.351043701171875,1.5894683599472046,0,0.0,1.3521665334701538,0.49184513896623067,0.27997174646081346,0,0
40,1,50,-2.2566754817962646,1.8915538787841797,1.5589298009872437,3,0,0,1,0.0,0,0,0,2,8.624633442061722,7.398502349853516,1.349625587463379,1.5646519660949707,0,0.0,1.3527090549468994,0.492038892723109,0.27636027662583507,0,0
40,1,60,-2.252779960632324,2.127171754837036,1.5526738166809082,3,0,0,1,0.0,0,0,0,0,7.849999999999999,7.599618911743164,1.399904727935791,1.869964838027954,0,0.0,1.3749839067459106,0.4999937647443273,0.007577653251200168,1,1
40,1,60,-2.252779960632324,2.127171754837036,1.5526738166809082,3,0,0,1,0.0,0,0,0,1,8.378408067339434,7.416875839233398,1.3542189598083496,1.5895167589187622,0,0.0,1.3534163236618042,0.49229092727763757,0.2772620625923106,0,0
40,1,60,-2.252779960632324,2.127171754837036,1.5526738166809082,3,0,0,1,0.0,0,0,0,2,8.378408067339434,7.404254913330078,1.3510637283325195,1.564469814300537,0,0.0,1.353300929069519,0.4922496851858541,0.2778326513917571,0,0
40,1,70,-2.2502496242523193,2.3610618114471436,1.5662494897842407,3,0,0,1,0.0,0,0,0,0,7.649999999999999,7.5999603271484375,1.3999900817871094,1.8948134183883667,0,0.0,1.3749942779541016,0.49999944095166116,0.002135397666068086,1,1
40,1,70,-2.2502496242523193,2.3610618114471436,1.5662494897842407,3,0,0,1,0.0,0,0,0,1,8.181662445769591,7.396583557128906,1.3491458892822266,1.5649062395095825,0,0.0,1.3527125120162964,0.4920403975743377,0.2790819274140451,0,0
40,1,70,-2.2502496242523193,2.3610618114471436,1.5662494897842407,3,0,0,1,0.0,0,0,0,2,8.181662445769591,7.392887115478516,1.348221778869629,1.5646579265594482,0,0.0,1.352623701095581,0.4920086078827032,0.27956771953973086,0,0
40,1,80,-2.2504231929779053,2.5954973697662354,1.5753666162490845,3,0,0,1,0.0,0,0,0,0,7.399999999999999,7.599964141845703,1.3999910354614258,1.8400177955627441,0,0.0,1.3749942779541016,0.49999904666668943,0.002729718271079532,1,1
40,1,80,-2.2504231929779053,2.5954973697662354,1.5753666162490845,3,0,0,1,0.0,0,0,0,1,7.936060486759423,7.396100997924805,1.3490252494812012,1.5646964311599731,0,0.0,1.3520803451538086,0.4918142409661489,0.2776995919812251,0,0
40,1,80,-2.2504231929779053,2.5954973697662354,1.5753666162490845,3,0,0,1,0.0,0,0,0,2,7.936060486759423,7.400106430053711,1.3500266075134277,1.564711332321167,0,0.0,1.3522593975067139,0.49187829243309233,0.27667368331711467,0,0
40,1,90,-2.2515201568603516,2.8304474353790283,1.5764408111572266,3,0,0,1,0.0,0,0,0,0,7.169552570581435,7.599954605102539,1.3999886512756348,1.63926362991333,0,0.0,1.3749945163726807,0.49999750102668855,0.0044665049083516,1,1
40,1,90,-2.2515201568603516,2.8304474353790283,1.5764408111572266,3,0,0,1,0.0,0,0,0,1,7.710033128467915,7.391895294189453,1.3479738235473633,1.564496397972107,0,0.0,1.3516535758972168,0.4916616439340112,0.2808862275042548,0,0
40,1,90,-2.2515201568603516,2.8304474353790283,1.5764408111572266,3,0,0,1,0.0,0,0,0,2,7.710033128467915,7.397502899169922,1.3493757247924805,1.5647729635238647,0,0.0,1.3520070314407349,0.49178746766770337,0.27883767570301293,0,0
40,1,100,-2.2529046535491943,3.067462682723999,1.5750864744186401,3,0,0,1,0.0,0,0,0,0,6.932537323236464,7.599956512451172,1.399989128112793,1.4214203357696533,0,0.0,1.374993085861206,0.4999964072061966,0.005524404620771491,1,1
40,1,100,-2.2529046535491943,3.067462682723999,1.5750864744186401,3,0,0,1,0.0,0,0,0,1,7.477981294017988,7.398792266845703,1.3496980667114258,1.4246982336044312,0,0.0,1.3531850576400757,0.49220828755761215,0.2805744166154905,0,0
40,1,100,-2.2529046535491943,3.067462682723999,1.5750864744186401,3,0,0,1,0.0,0,0,0,2,7.477981294017988,7.404062271118164,1.351015567779541,1.486973762512207,0,0.0,1.353667140007019,0.49238028095923425,0.27735442549429035,0,0
40,1,110,-2.252887010574341,3.3034231662750244,1.567352294921875,3,0,0,1,0.0,0,0,0,0,6.696576809883116,7.59998893737793,1.3999972343444824,1.2350090742111206,0,0.0,1.375002384185791,0.4999993320634695,0.0029037579661890167,1,1
40,1,110,-2.252887010574341,3.3034231662750244,1.567352294921875,3,0,0,1,0.0,0,0,0,1,7.24744268005454,7.401634216308594,1.3504085540771484,1.2503077983856201,0,0.0,1.3532918691635132,0.49224728608221185,0.2779432775590841,0,0
40,1,110,-2.252887010574341,3.3034231662750244,1.567352294921875,3,0,0,1,0.0,0,0,0,2,7.24744268005454,7.400365829467773,1.3500914573669434,1.431208610534668,0,0.0,1.3535714149475098,0.49234676977895475,0.27594751118177385,0,0
40,1,120,-2.252551794052124,3.5389187335968018,1.56952702999115,3,0,0,1,0.0,0,0,0,0,6.461081242561339,7.600002288818359,1.4000005722045898,1.0441814661026,0,0.0,1.3750026226043701,0.4999991933363434,0.002991152054414056,1,1
40,1,120,-2.252551794052124,3.5389187335968018,1.56952702999115,3,0,0,1,0.0,0,0,0,1,7.017908623263812,7.4003448486328125,1.3500862121582031,1.0421415567398071,0,0.0,1.353286862373352,0.49224476541627793,0.27804623562224934,0,0
40,1,120,-2.252551794052124,3.5389187335968018,1.56952702999115,3,0,0,1,0.0,0,0,0,2,7.017908623263812,7.400720596313477,1.3501801490783691,1.2981160879135132,0,0.0,1.3535774946212769,0.49234893929870716,0.27601177959470047,0,0
40,1,130,-2.251812696456909,3.7738876342773438,1.5652741193771362,3,0,1,0,0.008151531219482422,0,0,0,0,6.226112341880797,7.389959812164307,1.3999929428100586,0.8949939608573914,0,0.0,1.3750026226043701,0.49999961079032434,0.002148499542434557,1,0
40,1,130,-2.251812696456909,3.7738876342773438,1.5652741193771362,3,0,1,0,0.008151531219482422,0,0,0,1,6.789522445400808,7.398111343383789,1.3495278358459473,1.1773732900619507,0,0.0,1.3534749746322632,0.4923134767654452,0.2763796615701222,0,1
40,1,130,-2.251812696456909,3.7738876342773438,1.5652741193771362,3,0,1,0,0.008151531219482422,0,0,0,2,6.922835612413188,6.9353766441345215,1.3222246170043945,0.8232390880584717,0,0.0,1.3527681827545166,0.49206033018471146,0.299691249808206,0,0
40,1,140,-2.25052809715271,4.0090765953063965,1.5678232908248901,3,0,1,0,0.24123001098632812,0,0,0,0,5.990923380851744,7.157070159912109,1.4000048637390137,0.7785254716873169,0,0.0,1.375006914138794,0.4999998447812821,0.0012201159506055618,1,0
40,1,140,-2.25052809715271,4.0090765953063965,1.5678232908248901,3,0,1,0,0.24123001098632812,0,0,0,1,6.561662593214045,7.3983001708984375,1.3495750427246094,1.0594900846481323,0,0.0,1.3534317016601562,0.49229593428593993,0.2761783833814352,0,1
40,1,140,-2.25052809715271,4.0090765953063965,1.5678232908248901,3,0,1,0,0.24123001098632812,0,0,0,2,6.801082630923302,7.15449333190918,1.288623332977295,1.0615506172180176,0,0.0,1.3530369997024536,0.49215642023914946,0.3006199312978199,0,0
40,1,150,-2.2505548000335693,4.243161201477051,1.574752688407898,3,0,1,0,0.25741004943847656,0,0,0,0,5.75683877468109,7.009395599365234,1.4000000953674316,0.7046974897384644,0,0.0,1.3750030994415283,0.4999991880222431,0.0025013611188854,1,0
40,1,150,-2.2505548000335693,4.243161201477051,1.574752688407898,3,0,1,0,0.25741004943847656,0,0,0,1,6.335736665993304,7.266805648803711,1.350170612335205,0.9330615401268005,0,0.0,1.3535195589065552,0.49232769010972477,0.27653300909728146,0,1
40,1,150,-2.2505548000335693,4.243161201477051,1.574752688407898,3,0,1,0,0.25741004943847656,0,0,0,2,6.580006119837305,7.156503677368164,1.289125919342041,1.0453729629516602,0,0.0,1.3528413772583008,0.4920861932979701,0.30263545267620673,0,0
40,1,160,-2.25203275680542,4.477877616882324,1.5760891437530518,2,0,1,0,0.07055091857910156,0,0,0,0,5.522122359275817,6.989931106567383,1.399993896484375,0.694977879524231,0,0.0,1.3750001192092896,0.49999719224129524,0.004732343762766366,1,0
40,1,160,-2.25203275680542,4.477877616882324,1.5760891437530518,2,0,1,0,0.07055091857910156,0,0,0,1,6.11022639320119,7.060482025146484,1.350250244140625,0.8297405242919922,0,0.0,1.3536279201507568,0.49236615480222073,0.2772336735808742,0,1
40,1,170,-2.2533655166625977,4.712358474731445,1.5791754722595215,2,0,0,1,0.0,0,0,0,0,5.287641620635985,6.955060958862305,1.3999662399291992,0.6775981187820435,0,0.0,1.3749816417694092,0.49999266655875935,0.007649975057392244,1,1
40,1,170,-2.2533655166625977,4.712358474731445,1.5791754722595215,2,0,0,1,0.0,0,0,0,1,5.996854472706843,6.812437534332275,1.331838607788086,0.7425415515899658,0,0.0,1.3517943620681763,0.4917107195950109,0.2968848359135424,0,0
40,1,180,-2.257315158843994,4.945435047149658,1.5944949388504028,3,0,0,1,0.0,0,0,0,0,5.054565048217772,6.599306106567383,1.3997669219970703,0.5001193284988403,0,0.0,1.3748894929885864,0.49995327895445146,0.019264912552845275,1,1
40,1,180,-2.257315158843994,4.945435047149658,1.5944949388504028,3,0,0,1,0.0,0,0,0,1,5.664919230239201,6.492010593414307,1.3521676063537598,0.5416701436042786,0,0.0,1.3541098833084106,0.492532349611762,0.28423167745887473,0,0
40,1,180,-2.257315158843994,4.945435047149658,1.5944949388504028,3,0,0,1,0.0,0,0,0,2,5.667676371741035,6.212072849273682,1.3510053157806396,0.40402576327323914,0,0.0,1.3526957035064697,0.49202654012271385,0.2851926979148105,0,0
40,1,190,-2.262251615524292,5.180890083312988,1.5839835405349731,3,0,1,0,0.053859710693359375,0,0,0,0,4.819110012054442,6.290626049041748,1.3998394012451172,0.3456341624259949,0,0.0,1.3748912811279297,0.49995179065229683,0.020504529829192496,1,0
40,1,190,-2.262251615524292,5.180890083312988,1.5839835405349731,3,0,1,0,0.053859710693359375,0,0,0,1,5.443226296480409,6.344485759735107,1.3433358669281006,0.4855712056159973,0,0.0,1.349133014678955,0.4907535191983026,0.29531013102698855,0,1
40,1,190,-2.262251615524292,5.180890083312988,1.5839835405349731,3,0,1,0,0.053859710693359375,0,0,0,2,5.557006798774267,5.908581256866455,1.3220007419586182,0.310289204120636,0,0.0,1.3541350364685059,0.4925394847578396,0.30179300924722036,0,0
40,1,200,-2.26450252532959,5.415125370025635,1.577025294303894,3,0,1,0,0.28899669647216797,0,0,0,0,4.584874725341796,6.071066379547119,1.393514633178711,0.24850396811962128,0,0.0,1.3685539960861206,0.49769007091915424,0.020722511223393008,1,0
40,1,200,-2.26450252532959,5.415125370025635,1.577025294303894,3,0,1,0,0.28899669647216797,0,0,0,1,5.224920180580341,6.360063076019287,1.3465678691864014,0.4868958592414856,0,0.0,1.3523311614990234,0.4918950720136877,0.2954787430144582,0,1
40,1,200,-2.26450252532959,5.415125370025635,1.577025294303894,3,0,1,0,0.28899669647216797,0,0,0,2,5.421521762635743,5.283188343048096,1.2626936435699463,0.11620695888996124,0,0.0,1.327697992324829,0.4830985254589037,0.30289038811077923,0,0
40,1,210,-2.2662110328674316,5.648687362670898,1.5821449756622314,3,0,1,0,0.2458658218383789,0,0,0,0,4.351312732696531,5.909285545349121,1.3406953811645508,0.2732519805431366,0,0.0,1.3157554864883423,0.47882948326590846,0.024834636208632587,1,0
40,1,210,-2.2662110328674316,5.648687362670898,1.5821449756622314,3,0,1,0,0.2458658218383789,0,0,0,1,5.010030367807833,6.1551513671875,1.3453466892242432,0.3868822753429413,0,0.0,1.3520598411560059,0.49179493754177084,0.2995776189424871,0,1
40,1,210,-2.2662110328674316,5.648687362670898,1.5821449756622314,3,0,1,0,0.2458658218383789,0,0,0,2,5.257658268570786,-15.427030563354492,1.1444525718688965,-0.0024207616224884987,1,0.0,1.2314646244049072,0.4482503726236381,0.3235309095614552,0,0
40,1,220,-2.2750399112701416,5.883403301239014,1.629052996635437,3,0,1,0,0.24101877212524414,0,0,0,0,4.117346656877062,5.823488235473633,1.2960221767425537,0.3196997046470642,0,0.0,1.2729637622833252,0.46355918936076373,0.02358172193715494,1,0
40,1,220,-2.2750399112701416,5.883403301239014,1.629052996635437,3,0,1,0,0.24101877212524414,0,0,0,1,4.8202925535442,6.064507007598877,1.3376483917236328,0.35695672035217285,0,0.0,1.3542211055755615,0.4925792928977625,0.28426246769095503,0,1
40,1,220,-2.2750399112701416,5.883403301239014,1.629052996635437,3,0,1,0,0.24101877212524414,0,0,0,2,5.092840055764792,-16.248933792114258,0.9725725650787354,-0.06961216777563095,1,0.0,1.1075435876846313,0.40312984670647495,0.46520995597374565,0,0
40,1,230,-2.2905702590942383,6.118128776550293,1.6378822326660156,3,0,2,0,0.41408777236938477,0,0,0,0,3.8827440363341688,5.501833915710449,1.2152063846588135,0.32050418853759766,0,0.0,1.192205548286438,0.43470741435272764,0.027958147878317376,1,0
40,1,230,-2.2905702590942383,6.118128776550293,1.6378822326660156,3,0,2,0,0.41408777236938477,0,0,0,1,4.61470396802996,5.764914512634277,1.2825703620910645,0.31731656193733215,0,0.0,1.2975291013717651,0.4723232360201553,0.2880719462642553,0,0
40,1,230,-2.2905702590942383,6.118128776550293,1.6378822326660156,3,0,2,0,0.41408777236938477,0,0,0,2,4.926096306492374,5.915921688079834,1.2528917789459229,0.4521773159503937,0,0.0,1.3553682565689087,0.49298073616904164,0.28899993895371,0,1
40,1,240,-2.3049330711364746,6.3533711433410645,1.6252052783966064,3,0,1,0,0.15959692001342773,0,0,0,0,3.6476730976471488,5.184055328369141,1.1358542442321777,0.3203192353248596,0,0.0,1.112187147140503,0.4061180436570907,0.030743384781602354,1,0
40,1,240,-2.3049330711364746,6.3533711433410645,1.6252052783966064,3,0,1,0,0.15959692001342773,0,0,0,1,4.4151734434082535,5.343652248382568,1.194988489151001,0.281849205493927,0,0.0,1.1995747089385986,0.43732808959129627,0.2683667701886846,0,1
40,1,240,-2.3049330711364746,6.3533711433410645,1.6252052783966064,3,0,1,0,0.15959692001342773,0,0,0,2,4.419998901808448,4.851691722869873,1.0890388488769531,0.24776825308799744,0,0.0,1.0687658786773682,0.3906106221820601,0.20870121682823212,0,0
40,1,250,-2.318483352661133,6.590747833251953,1.6318477392196655,3,0,2,0,0.0374603271484375,0,0,0,0,3.4105544765257507,4.938792705535889,1.0759954452514648,0.3174054026603699,0,0.0,1.0524910688400269,0.3847667275481186,0.04708560578121198,1,0
40,1,250,-2.318483352661133,6.590747833251953,1.6318477392196655,3,0,2,0,0.0374603271484375,0,0,0,1,4.162926537445545,4.639862537384033,1.0117254257202148,0.2964804172515869,0,0.0,0.9922952055931091,0.36326816671768825,0.22026404804692176,0,0
40,1,250,-2.318483352661133,6.590747833251953,1.6318477392196655,3,0,2,0,0.0374603271484375,0,0,0,2,4.2226579841676894,4.976253032684326,1.1123695373535156,0.2633875012397766,0,0.0,1.108776569366455,0.40486842780029825,0.25956248065952353,0,1
40,1,260,-2.3277766704559326,6.823893070220947,1.588477373123169,3,0,0,1,0.0,0,0,0,0,3.1829607165237945,5.337806701660156,1.1741225719451904,0.3206583261489868,0,0.0,1.151179313659668,0.4199514292591376,0.022370258082062916,1,1
40,1,260,-2.3277766704559326,6.823893070220947,1.588477373123169,3,0,0,1,0.0,0,0,0,1,4.079833883784934,5.1910786628723145,1.1560461521148682,0.2834470272064209,0,0.0,1.1536027193069458,0.420816690768357,0.22959833785591371,0,0
40,1,260,-2.3277766704559326,6.823893070220947,1.588477373123169,3,0,0,1,0.0,0,0,0,2,4.1901765605898085,3.9698686599731445,0.8627564907073975,0.25942134857177734,0,0.0,0.858992338180542,0.3155994331746838,0.2835729139749739,0,0
40,1,270,-2.332855463027954,7.059617042541504,1.6011912822723389,3,0,0,1,0.0,0,0,0,0,2.950475312576829,5.475832462310791,1.2015855312347412,0.3347451984882355,0,0.0,1.1837941408157349,0.43004947275810596,0.014689334204932984,1,1
40,1,270,-2.332855463027954,7.059617042541504,1.6011912822723389,3,0,0,1,0.0,0,0,0,1,3.92046127673225,5.225426197052002,1.1625702381134033,0.28757256269454956,0,0.0,1.166370153427124,0.42382698005292596,0.2309557385990352,0,0
40,1,270,-2.332855463027954,7.059617042541504,1.6011912822723389,3,0,0,1,0.0,0,0,0,2,4.18595839174645,3.507133722305298,0.7414159774780273,0.27073487639427185,0,0.0,0.7507941722869873,0.27540725683842215,0.28715674657865725,0,0
40,1,280,-2.3411974906921387,7.281414031982422,1.6139886379241943,3,0,0,1,0.0,0,0,0,0,2.736598104398224,5.759964466094971,1.2713602781295776,0.3372616469860077,0,0.0,1.255361795425415,0.4554223459372984,0.016228663914037326,1,1
40,1,280,-2.3411974906921387,7.281414031982422,1.6139886379241943,3,0,0,1,0.0,0,0,0,1,3.7909721491185664,5.552133083343506,1.2194024324417114,0.3372616469860077,0,0.0,1.2355947494506836,0.4483608620628421,0.26156759221307174,0,0
40,1,280,-2.3411974906921387,7.281414031982422,1.6139886379241943,3,0,0,1,0.0,0,0,0,2,4.1585100794722365,3.0938329696655273,0.6291344165802002,0.2886476516723633,0,0.0,0.6620765924453735,0.24353294197483763,0.3234190756169607,0,0
42,0,0,-2.25,1.0,1.5707963267948966,3,0,0,1,0.0,0,0,0,0,9.0,7.150001525878906,1.2875003814697266,1.8949999809265137,0,0.0,1.2850003242492676,0.45982142857142855,0.0,1,1
42,0,0,-2.25,1.0,1.5707963267948966,3,0,0,1,0.0,0,0,0,1,9.513236186146589,6.992805480957031,1.2482013702392578,1.6120399236679077,0,0.0,1.2636055946350098,0.45218076037786004,0.2523747889156115,0,0
42,0,0,-2.25,1.0,1.5707963267948966,3,0,0,1,0.0,0,0,0,2,9.513236186146589,6.992805480957031,1.2482013702392578,1.6120399236679077,0,0.0,1.2636055946350098,0.45218076037786004,0.25237478891561166,0,0
42,0,10,-2.24971604347229,1.0588933229446411,1.5600006580352783,3,0,0,1,0.0,0,0,0,0,8.95,7.434638977050781,1.3586597442626953,1.8946539163589478,0,0.0,1.3468140363693237,0.48524157470932977,0.005436673157160462,1,1
42,0,10,-2.24971604347229,1.0588933229446411,1.5600006580352783,3,0,0,1,0.0,0,0,0,1,9.463793281809847,7.256681442260742,1.3141703605651855,1.5893465280532837,0,0.0,1.3259907960891724,0.47780505995307937,0.2720963136529696,0,0
42,0,10,-2.24971604347229,1.0588933229446411,1.5600006580352783,3,0,0,1,0.0,0,0,0,2,9.463793281809847,7.249261856079102,1.3123154640197754,1.5643153190612793,0,0.0,1.325730562210083,0.4777120918342269,0.27367086333589363,0,0
42,0,20,-2.247821569442749,1.2029353380203247,1.558211326599121,3,0,0,1,0.0,0,0,0,0,8.799999999999999,7.576711654663086,1.3941779136657715,1.894214391708374,0,0.0,1.3733423948287964,0.4979296904460166,0.008401859385953914,1,1
42,0,20,-2.247821569442749,1.2029353380203247,1.558211326599121,3,0,0,1,0.0,0,0,0,1,9.31551287810118,7.387989044189453,1.3469972610473633,1.589424967765808,0,0.0,1.3522498607635498,0.49039635911702245,0.27874173604351304,0,0
42,0,20,-2.247821569442749,1.2029353380203247,1.558211326599121,3,0,0,1,0.0,0,0,0,2,9.31551287810118,7.376941680908203,1.3442354202270508,1.5643774271011353,0,0.0,1.351653814315796,0.4901838182900988,0.28255246952990365,0,0
42,0,30,-2.2460148334503174,1.4257149696350098,1.5659418106079102,3,0,0,1,0.0,0,0,0,0,8.549999999999999,7.599924087524414,1.3999810218811035,1.8943047523498535,0,0.0,1.374985933303833,0.4999946812268128,0.006739646071945936,1,1
42,0,30,-2.2460148334503174,1.4257149696350098,1.5659418106079102,3,0,0,1,0.0,0,0,0,1,9.0685506996768,7.414669036865234,1.3536672592163086,1.5884424448013306,0,0.0,1.3535778522491455,0.4923481472010939,0.2737558781658495,0,0
42,0,30,-2.2460148334503174,1.4257149696350098,1.5659418106079102,3,0,0,1,0.0,0,0,0,2,9.0685506996768,7.409019470214844,1.352254867553711,1.5644583702087402,0,0.0,1.3529798984527588,0.49213458861251513,0.27753477698855045,0,0
42,0,40,-2.246206521987915,1.6611300706863403,1.5760709047317505,3,0,0,1,0.0,0,0,0,0,8.349999999999998,7.599939346313477,1.3999848365783691,1.8947807550430298,0,0.0,1.3749971389770508,0.49999904259266076,0.0034517630342812936,1,1
42,0,40,-2.246206521987915,1.6611300706863403,1.5760709047317505,3,0,0,1,0.0,0,0,0,1,8.871149842504158,7.3942108154296875,1.3485527038574219,1.5646905899047852,0,0.0,1.3528443574905396,0.49208724809087734,0.2781259059307222,0,0
42,0,40,-2.246206521987915,1.6611300706863403,1.5760709047317505,3,0,0,1,0.0,0,0,0,2,8.871149842504158,7.396732330322266,1.3491830825805664,1.564901351928711,0,0.0,1.3524810075759888,0.49195727700191627,0.2808163787840075,0,0
42,0,50,-2.2478456497192383,1.8969690799713135,1.5802242755889893,3,0,0,1,0.0,0,0,0,0,8.099999999999998,7.5998992919921875,1.3999748229980469,1.8947962522506714,0,0.0,1.3749980926513672,0.49999865419197687,0.0038057403828311576,1,1
42,0,50,-2.2478456497192383,1.8969690799713135,1.5802242755889893,3,0,0,1,0.0,0,0,0,1,8.624633442061722,7.394758224487305,1.3486895561218262,1.5647071599960327,0,0.0,1.3520660400390625,0.49180957016261584,0.2786797983057415,0,0
42,0,50,-2.2478456497192383,1.8969690799713135,1.5802242755889893,3,0,0,1,0.0,0,0,0,2,8.624633442061722,7.401256561279297,1.3503141403198242,1.5884149074554443,0,0.0,1.352059006690979,0.4918069632545116,0.27886968767341874,0,0
42,0,60,-2.250760078430176,2.1319167613983154,1.5821080207824707,3,0,0,1,0.0,0,0,0,0,7.849999999999999,7.599843978881836,1.399960994720459,1.894347071647644,0,0.0,1.374987244606018,0.49999471572936194,0.006350664937952555,1,1
42,0,60,-2.250760078430176,2.1319167613983154,1.5821080207824707,3,0,0,1,0.0,0,0,0,1,8.378408067339434,7.40315055847168,1.35078763961792,1.56455397605896,0,0.0,1.3528530597686768,0.4920896819710328,0.2786665218552338,0,0
42,0,60,-2.250760078430176,2.1319167613983154,1.5821080207824707,3,0,0,1,0.0,0,0,0,2,8.378408067339434,7.412445068359375,1.3531112670898438,1.588513731956482,0,0.0,1.3532387018203735,0.492227168725741,0.2763942743189298,0,0
42,0,70,-2.2523112297058105,2.36670184135437,1.5738880634307861,3,0,0,1,0.0,0,0,0,0,7.649999999999999,7.599958419799805,1.3999896049499512,1.8424254655838013,0,0.0,1.3749923706054688,0.49999793337258663,0.004174772097403857,1,1
42,0,70,-2.2523112297058105,2.36670184135437,1.5738880634307861,3,0,0,1,0.0,0,0,0,1,8.181662445769591,7.388795852661133,1.3471989631652832,1.5646535158157349,0,0.0,1.3521037101745605,0.4918222645547862,0.28218859872557944,0,0
42,0,70,-2.2523112297058105,2.36670184135437,1.5738880634307861,3,0,0,1,0.0,0,0,0,2,8.181662445769591,7.392778396606445,1.3481945991516113,1.5646730661392212,0,0.0,1.352498173713684,0.49196306471009926,0.2798185544817573,0,0
42,0,80,-2.252394437789917,2.602473020553589,1.5669862031936646,3,0,0,1,0.0,0,0,0,0,7.399999999999999,7.599966049194336,1.399991512298584,1.7431392669677734,0,0.0,1.374997615814209,0.4999996510103773,0.002128323340533012,1,1
42,0,80,-2.252394437789917,2.602473020553589,1.5669862031936646,3,0,0,1,0.0,0,0,0,1,7.936060486759423,7.401012420654297,1.3502531051635742,1.5469300746917725,0,0.0,1.353093147277832,0.4921756955967775,0.27722279001770506,0,0
42,0,80,-2.252394437789917,2.602473020553589,1.5669862031936646,3,0,0,1,0.0,0,0,0,2,7.936060486759423,7.399168014526367,1.3497920036315918,1.5647468566894531,0,0.0,1.3533076047897339,0.4922520207564577,0.2758291202636001,0,0
42,0,90,-2.250309705734253,2.837897777557373,1.56059730052948,3,0,0,1,0.0,0,0,0,0,7.16210222840309,7.599880218505859,1.3999700546264648,1.6279346942901611,0,0.0,1.374992847442627,0.4999968908250177,0.004997788580051442,1,1
42,0,90,-2.250309705734253,2.837897777557373,1.56059730052948,3,0,0,1,0.0,0,0,0,1,7.7027320783389275,7.398813247680664,1.349703311920166,1.4550244808197021,0,0.0,1.3519539833068848,0.49176861203462124,0.28011049182435427,0,0
42,0,90,-2.250309705734253,2.837897777557373,1.56059730052948,3,0,0,1,0.0,0,0,0,2,7.7027320783389275,7.390417098999023,1.3476042747497559,1.4710842370986938,0,0.0,1.3517035245895386,0.4916794527148207,0.281467097690249,0,0
42,0,100,-2.2479424476623535,3.0726754665374756,1.563402533531189,3,0,0,1,0.0,0,0,0,0,6.927324539422988,7.599908828735352,1.399977207183838,1.5396709442138672,0,0.0,1.3749874830245972,0.49999560944708005,0.005917453446973761,1,1
42,0,100,-2.2479424476623535,3.0726754665374756,1.563402533531189,3,0,0,1,0.0,0,0,0,1,7.472882866443333,7.405080795288086,1.3512701988220215,1.3392828702926636,0,0.0,1.3536494970321655,0.49237445689278847,0.2780400512832915,0,0
42,0,100,-2.2479424476623535,3.0726754665374756,1.563402533531189,3,0,0,1,0.0,0,0,0,2,7.472882866443333,7.397687911987305,1.3494219779968262,1.339255690574646,0,0.0,1.3531973361968994,0.4922125249547365,0.2809925822926179,0,0
42,0,110,-2.247694492340088,3.3083748817443848,1.5712637901306152,3,0,0,1,0.0,0,0,0,0,6.691625094413756,7.599992752075195,1.3999981880187988,1.4787020683288574,0,0.0,1.3749995231628418,0.49999919189123304,0.002875453076491944,1,1
42,0,110,-2.247694492340088,3.3083748817443848,1.5712637901306152,3,0,0,1,0.0,0,0,0,1,7.242610381093369,7.401462554931641,1.3503656387329102,1.2224634885787964,0,0.0,1.3535717725753784,0.4923469948499209,0.2759954203333187,0,0
42,0,110,-2.247694492340088,3.3083748817443848,1.5712637901306152,3,0,0,1,0.0,0,0,0,2,7.242610381093369,7.400541305541992,1.350135326385498,1.222458004951477,0,0.0,1.35329008102417,0.4922466587862891,0.2779370256404819,0,0
42,0,120,-2.247878074645996,3.542924642562866,1.5736842155456543,3,0,0,1,0.0,0,0,0,0,6.457075333595275,7.600004196166992,1.400001049041748,1.446812629699707,0,0.0,1.375004529953003,0.4999996649951334,0.0020807797873412946,1,1
42,0,120,-2.247878074645996,3.542924642562866,1.5736842155456543,3,0,0,1,0.0,0,0,0,1,7.0140093597424755,7.399900436401367,1.3499751091003418,1.150899052619934,0,0.0,1.353532075881958,0.4923321945204707,0.27572391614366565,0,0
42,0,120,-2.247878074645996,3.542924642562866,1.5736842155456543,3,0,0,1,0.0,0,0,0,2,7.0140093597424755,7.401145935058594,1.3502864837646484,1.150901436805725,0,0.0,1.3533356189727783,0.49226233775540795,0.2771364505222709,0,0
42,0,130,-2.2493979930877686,3.7771811485290527,1.57859468460083,3,0,0,1,0.0,0,0,0,0,6.222818827629088,7.5999298095703125,1.3999824523925781,1.4449820518493652,0,0.0,1.3749964237213135,0.49999848393513247,0.0035423347054661844,1,1
42,0,130,-2.2493979930877686,3.7771811485290527,1.57859468460083,3,0,0,1,0.0,0,0,0,1,6.786326181358476,7.396751403808594,1.3491878509521484,1.1167289018630981,0,0.0,1.353366494178772,0.49227439301674003,0.2785690098874168,0,0
42,0,130,-2.2493979930877686,3.7771811485290527,1.57859468460083,3,0,0,1,0.0,0,0,0,2,6.786326181358476,7.403118133544922,1.3507795333862305,1.1157313585281372,0,0.0,1.353489875793457,0.49231786552364376,0.2779220116898095,0,0
42,0,140,-2.2507851123809814,4.0115156173706055,1.5757941007614136,3,0,0,1,0.0,0,0,0,0,5.988484358787535,7.5999908447265625,1.3999977111816406,1.444966197013855,0,0.0,1.3750033378601074,0.4999986361558116,0.003250282884429805,1,1
42,0,140,-2.2507851123809814,4.0115156173706055,1.5757941007614136,3,0,0,1,0.0,0,0,0,1,6.559303888425827,7.397005081176758,1.3492512702941895,1.1144366264343262,0,0.0,1.3533169031143188,0.49225520128510386,0.27836548402096073,0,0
42,0,140,-2.2507851123809814,4.0115156173706055,1.5757941007614136,3,0,0,1,0.0,0,0,0,2,6.559303888425827,7.40180778503418,1.350451946258545,1.1149649620056152,0,0.0,1.3535479307174683,0.4923372770035517,0.2769197212843835,0,0
42,0,150,-2.2517056465148926,4.2474260330200195,1.573011875152588,3,0,0,1,0.0,0,0,0,0,5.752573943138121,7.600008010864258,1.4000020027160645,1.4449409246444702,0,0.0,1.3750030994415283,0.4999989406283735,0.0030034227801307334,1,1
42,0,150,-2.2517056465148926,4.2474260330200195,1.573011875152588,3,0,0,1,0.0,0,0,0,1,6.3316294126492725,7.397310256958008,1.349327564239502,1.1399434804916382,0,0.0,1.3532956838607788,0.4922469894537033,0.278092027351682,0,0
42,0,150,-2.2517056465148926,4.2474260330200195,1.573011875152588,3,0,0,1,0.0,0,0,0,2,6.3316294126492725,7.400245666503906,1.3500614166259766,1.1157273054122925,0,0.0,1.3535699844360352,0.4923461027680404,0.27625723647974576,0,0
42,0,160,-2.251905918121338,4.484102725982666,1.5688951015472412,3,0,0,1,0.0,0,0,0,0,5.515897250175475,7.600015640258789,1.4000039100646973,1.4449337720870972,0,0.0,1.3750059604644775,0.4999997102676638,0.0018747899416329487,1,1
42,0,160,-2.251905918121338,4.484102725982666,1.5688951015472412,3,0,0,1,0.0,0,0,0,1,6.104261166121701,7.398340225219727,1.3495850563049316,1.2128114700317383,0,0.0,1.3533364534378052,0.49226196374756653,0.2769478484205795,0,0
42,0,160,-2.251905918121338,4.484102725982666,1.5688951015472412,3,0,0,1,0.0,0,0,0,2,6.104261166121702,7.3977813720703125,1.3494453430175781,1.13092041015625,0,0.0,1.3535339832305908,0.49233260452151034,0.2755591336087682,0,0
42,0,170,-2.2516229152679443,4.718563556671143,1.5735304355621338,3,0,0,1,0.0,0,0,0,0,5.281436538696288,7.600007057189941,1.4000017642974854,1.3815970420837402,0,0.0,1.3750032186508179,0.49999882590321426,0.0031211973620863254,1,1
42,0,170,-2.2516229152679443,4.718563556671143,1.5735304355621338,3,0,0,1,0.0,0,0,0,1,5.880258151376307,7.395539283752441,1.3488848209381104,1.2757846117019653,0,0.0,1.3532942533493042,0.4922464116589252,0.27821294357651366,0,0
42,0,170,-2.2516229152679443,4.718563556671143,1.5735304355621338,3,0,0,1,0.0,0,0,0,2,5.880258151376307,7.39897346496582,1.349743366241455,1.1863383054733276,0,0.0,1.3535723686218262,0.4923464543714558,0.27637253432763265,0,0
42,0,180,-2.2527103424072266,4.952599048614502,1.576913833618164,3,0,0,1,0.0,0,0,0,0,5.047401046752928,7.599958419799805,1.3999896049499512,1.2405753135681152,0,0.0,1.3749980926513672,0.49999570387624803,0.0058652916785375195,1,1
42,0,180,-2.2527103424072266,4.952599048614502,1.576913833618164,3,0,0,1,0.0,0,0,0,1,5.658145166793707,7.392681121826172,1.348170280456543,1.2598774433135986,0,0.0,1.3531725406646729,0.49220296002777125,0.2809407329775046,0,0
42,0,180,-2.2527103424072266,4.952599048614502,1.576913833618164,3,0,0,1,0.0,0,0,0,2,5.658145166793707,7.399932861328125,1.3499832153320312,1.135207176208496,0,0.0,1.3536787033081055,0.49238424573454864,0.27763275805353504,0,0
42,0,190,-2.2534615993499756,5.186456203460693,1.5703227519989014,3,0,0,1,0.0,0,0,0,0,4.813543891906737,7.599989891052246,1.3999974727630615,1.1248286962509155,0,0.0,1.3749998807907104,0.499998251791467,0.004207163237156716,1,1
42,0,190,-2.2534615993499756,5.186456203460693,1.5703227519989014,3,0,0,1,0.0,0,0,0,1,5.4380108579048585,7.394466400146484,1.348616600036621,1.120801329612732,0,0.0,1.3532122373580933,0.4922182495070107,0.2792499947822346,0,0
42,0,190,-2.2534615993499756,5.186456203460693,1.5703227519989014,3,0,0,1,0.0,0,0,0,2,5.441218346715797,7.387305736541748,1.354335069656372,0.9849826693534851,0,0.0,1.3539435863494873,0.492479134150478,0.26766596089343725,0,0
42,0,200,-2.253451108932495,5.420794486999512,1.569044828414917,2,0,0,1,0.0,0,0,0,0,4.579205608367919,7.5999755859375,1.399993896484375,1.0351693630218506,0,0.0,1.3749977350234985,0.4999986724409707,0.0038088332892158264,1,1
42,0,200,-2.253451108932495,5.420794486999512,1.569044828414917,2,0,0,1,0.0,0,0,0,1,5.2196686758460125,7.39387321472168,1.34846830368042,1.0282258987426758,0,0.0,1.3532272577285767,0.4922247458437067,0.2788484826448914,0,0
42,0,210,-2.2523419857025146,5.654524326324463,1.564626693725586,2,0,0,1,0.0,0,0,0,0,4.345475769042967,7.59505558013916,1.3999898433685303,0.9975481629371643,0,0.0,1.3750022649765015,0.49999951854715746,0.0023781665270134,1,1
42,0,210,-2.2523419857025146,5.654524326324463,1.564626693725586,2,0,0,1,0.0,0,0,0,1,5.004701776226643,7.338894844055176,1.3487493991851807,0.971948504447937,0,0.0,1.3533596992492676,0.49227133402020956,0.27737221399939144,0,0
42,0,220,-2.2510745525360107,5.888138771057129,1.5673800706863403,3,0,0,1,0.0,0,0,0,0,4.111861324310301,7.590005874633789,1.400003433227539,0.9949960708618164,0,0.0,1.375007152557373,0.4999998506385441,0.0013270478898978874,1,1
42,0,220,-2.2510745525360107,5.888138771057129,1.5673800706863403,3,0,0,1,0.0,0,0,0,1,4.79341067316794,7.331263065338135,1.3481433391571045,0.9693449139595032,0,0.0,1.353409767150879,0.4922882066797201,0.2763626514187617,0,0
42,0,220,-2.2510745525360107,5.888138771057129,1.5673800706863403,3,0,0,1,0.0,0,0,0,2,5.097594637694952,6.690854549407959,1.287184715270996,0.7710577845573425,0,0.0,1.352761149406433,0.49205714996344335,0.3013409639934991,0,0
42,0,230,-2.249910831451416,6.124038219451904,1.5625745058059692,3,0,0,1,0.0,0,0,0,0,3.875961875915525,7.589838981628418,1.3999760150909424,0.9949674010276794,0,0.0,1.3749940395355225,0.49999770279132366,0.004243575570698269,1,1
42,0,230,-2.249910831451416,6.124038219451904,1.5625745058059692,3,0,0,1,0.0,0,0,0,1,4.584745851669872,7.393497467041016,1.348374366760254,1.0127674341201782,0,0.0,1.3535399436950684,0.49233512151316683,0.278059902549407,0,0
42,0,230,-2.249910831451416,6.124038219451904,1.5625745058059692,3,0,0,1,0.0,0,0,0,2,4.584745851669873,6.713907718658447,1.3462605476379395,0.6644328236579895,0,0.0,1.3533167839050293,0.4922556592465706,0.2793808886199797,0,0
42,0,240,-2.2479119300842285,6.358242034912109,1.562243938446045,3,0,2,0,0.02534770965576172,0,0,0,0,3.64175806045532,7.337259292602539,1.3999671936035156,0.8686953186988831,0,0.0,1.374987244606018,0.4999948691553425,0.00636537610711061,1,0
42,0,240,-2.2479119300842285,6.358242034912109,1.562243938446045,3,0,2,0,0.02534770965576172,0,0,0,1,4.344025713367042,6.934051513671875,1.355318307876587,0.7563891410827637,0,0.0,1.3524519205093384,0.4919456410469522,0.26265534784395267,0,0
42,0,240,-2.2479119300842285,6.358242034912109,1.562243938446045,3,0,2,0,0.02534770965576172,0,0,0,2,4.383736578576158,7.362607002258301,1.348060131072998,0.9851831793785095,0,0.0,1.3536683320999146,0.4923802219486463,0.27832730099337466,0,1
42,0,250,-2.246718406677246,6.593252182006836,1.570281744003296,3,0,1,0,0.2709321975708008,0,0,0,0,3.4067479133605936,7.000102996826172,1.3999996185302734,0.7000521421432495,0,0.0,1.3750011920928955,0.4999980666350523,0.004354891772700207,1,0
42,0,250,-2.246718406677246,6.593252182006836,1.570281744003296,3,0,1,0,0.2709321975708008,0,0,0,1,4.1903272403024445,7.271035194396973,1.3464481830596924,0.9426212310791016,0,0.0,1.3536494970321655,0.4923740249220226,0.27643879357543455,0,1
42,0,250,-2.246718406677246,6.593252182006836,1.570281744003296,3,0,1,0,0.2709321975708008,0,0,0,2,4.523571374720268,6.894649505615234,1.2709224224090576,0.9054798483848572,0,0.0,1.3531414270401,0.4921935660928151,0.3012402222101655,0,0
42,0,260,-2.2476015090942383,6.827734470367432,1.5767078399658203,3,0,1,0,0.32965946197509766,0,0,0,0,3.172265624999998,6.78277063369751,1.399985432624817,0.5914143919944763,0,0.0,1.3749977350234985,0.499999546972398,0.0023013536938229846,1,0
42,0,260,-2.2476015090942383,6.827734470367432,1.5767078399658203,3,0,1,0,0.32965946197509766,0,0,0,1,4.00867984272376,7.112430095672607,1.3445771932601929,0.867060661315918,0,0.0,1.353511095046997,0.49232552362357573,0.27608977615823116,0,1
42,0,260,-2.2476015090942383,6.827734470367432,1.5767078399658203,3,0,1,0,0.32965946197509766,0,0,0,2,4.355616096104575,6.984487533569336,1.2649750709533691,0.9622935652732849,0,0.0,1.3532607555389404,0.492236480001008,0.2989703582830728,0,0
42,0,270,-2.2491562366485596,7.061213970184326,1.5784008502960205,3,0,2,0,0.24316072463989258,0,0,0,0,2.9387861251831033,6.690837383270264,1.399975299835205,0.5454681515693665,0,0.0,1.3749934434890747,0.49999872544868695,0.003296953116513828,1,0
42,0,270,-2.2491562366485596,7.061213970184326,1.5784008502960205,3,0,2,0,0.24316072463989258,0,0,0,1,3.843405475310413,6.879456520080566,1.3429936170578003,0.7537410259246826,0,0.0,1.353385090827942,0.4922810060583919,0.2782649065925837,0,0
42,0,270,-2.2491562366485596,7.061213970184326,1.5784008502960205,3,0,2,0,0.24316072463989258,0,0,0,2,4.203442115185662,6.933998107910156,1.2588814496994019,0.949236273765564,0,0.0,1.3531934022903442,0.49221103892417073,0.30005413147665555,0,1
42,0,280,-2.2502810955047607,7.2958574295043945,1.5724855661392212,3,0,2,0,0.08272600173950195,0,0,0,0,2.704142665863035,6.6899495124816895,1.3999913930892944,0.5449920296669006,0,0.0,1.3749921321868896,0.49999984045346296,0.0010966312816293566,1,0
42,0,280,-2.2502810955047607,7.2958574295043945,1.5724855661392212,3,0,2,0,0.08272600173950195,0,0,0,1,3.699169823394337,6.6774725914001465,1.342265009880066,0.6542062759399414,0,0.0,1.3533961772918701,0.49228332661036456,0.2762153718441614,0,0
42,0,280,-2.2502810955047607,7.2958574295043945,1.5724855661392212,3,0,2,0,0.08272600173950195,0,0,0,2,4.069886698754225,6.772675514221191,1.253252625465393,0.8798325657844543,0,0.0,1.3529399633407593,0.49212153079453624,0.3013448848404786,0,1
42,1,0,-2.25,1.0,1.5707963267948966,3,0,0,1,0.0,0,0,0,0,9.0,7.150001525878906,1.2875003814697266,1.8949999809265137,0,0.0,1.2850003242492676,0.45982142857142855,0.0,1,1
42,1,0,-2.25,1.0,1.5707963267948966,3,0,0,1,0.0,0,0,0,1,9.513236186146589,6.992805480957031,1.2482013702392578,1.6120399236679077,0,0.0,1.2636055946350098,0.45218076037786004,0.2523747889156115,0,0
42,1,0,-2.25,1.0,1.5707963267948966,3,0,0,1,0.0,0,0,0,2,9.513236186146589,6.992805480957031,1.2482013702392578,1.6120399236679077,0,0.0,1.2636055946350098,0.45218076037786004,0.25237478891561166,0,0
42,1,10,-2.250591278076172,1.053576111793518,1.5873806476593018,3,0,0,1,0.0,0,0,0,0,8.95,7.414575576782227,1.3536438941955566,1.869964361190796,0,0.0,1.3426522016525269,0.483459009075112,0.008363217566113535,1,1
42,1,10,-2.250591278076172,1.053576111793518,1.5873806476593018,3,0,0,1,0.0,0,0,0,1,9.463793281809847,7.233602523803711,1.3084006309509277,1.5634506940841675,0,0.0,1.3220634460449219,0.47610559814381465,0.2745394324794993,0,0
42,1,10,-2.250591278076172,1.053576111793518,1.5873806476593018,3,0,0,1,0.0,0,0,0,2,9.463793281809847,7.244607925415039,1.3111519813537598,1.588507056236267,0,0.0,1.322458267211914,0.47624671710387195,0.2721000494104119,0,0
42,1,20,-2.2535202503204346,1.19688081741333,1.5909217596054077,3,0,0,1,0.0,0,0,0,0,8.799999999999999,7.577840805053711,1.3944602012634277,1.8698365688323975,0,0.0,1.373488426208496,0.49804351910991745,0.013399929919034225,1,1
42,1,20,-2.2535202503204346,1.19688081741333,1.5909217596054077,3,0,0,1,0.0,0,0,0,1,9.31551287810118,7.37835693359375,1.3445892333984375,1.5642735958099365,0,0.0,1.3519752025604248,0.4903602374777711,0.28567044395690555,0,0
42,1,20,-2.2535202503204346,1.19688081741333,1.5909217596054077,3,0,0,1,0.0,0,0,0,2,9.31551287810118,7.395809173583984,1.348952293395996,1.5893524885177612,0,0.0,1.3529138565063477,0.49069571133768225,0.2796028153236298,0,0
42,1,30,-2.256821393966675,1.4221271276474,1.5808827877044678,3,0,0,1,0.0,0,0,0,0,8.599999999999998,7.599733352661133,1.3999333381652832,1.8936327695846558,0,0.0,1.3749544620513916,0.4999807491653266,0.012869715217138302,1,1
42,1,30,-2.256821393966675,1.4221271276474,1.5808827877044678,3,0,0,1,0.0,0,0,0,1,9.117925063475388,7.38197135925293,1.3454928398132324,1.5399121046066284,0,0.0,1.3512688875198364,0.4915209016906922,0.2923729178732534,0,0
42,1,30,-2.256821393966675,1.4221271276474,1.5808827877044678,3,0,0,1,0.0,0,0,0,2,9.117925063475388,7.394426345825195,1.3486065864562988,1.5649731159210205,0,0.0,1.352482795715332,0.4919545989775849,0.28517651877089795,0,0
42,1,40,-2.258023977279663,1.656813144683838,1.5712413787841797,3,0,0,1,0.0,0,0,0,0,8.349999999999998,7.599851608276367,1.3999629020690918,1.8939846754074097,0,0.0,1.3749762773513794,0.49998938911991536,0.010106418022902875,1,1
42,1,40,-2.258023977279663,1.656813144683838,1.5712413787841797,3,0,0,1,0.0,0,0,0,1,8.871149842504158,7.396089553833008,1.349022388458252,1.5645508766174316,0,0.0,1.3523591756820679,0.49191179352082565,0.2864864262333747,0,0
42,1,40,-2.258023977279663,1.656813144683838,1.5712413787841797,3,0,0,1,0.0,0,0,0,2,8.871149842504158,7.400884628295898,1.3502211570739746,1.564829707145691,0,0.0,1.353437900543213,0.49229731119435954,0.2797031687667449,0,0
42,1,50,-2.2566754817962646,1.8915538787841797,1.5589298009872437,3,0,0,1,0.0,0,0,0,0,8.099999999999998,7.599756240844727,1.3999390602111816,1.8947120904922485,0,0.0,1.374991774559021,0.49999709188678076,0.006155571252438816,1,1
42,1,50,-2.2566754817962646,1.8915538787841797,1.5589298009872437,3,0,0,1,0.0,0,0,0,1,8.624633442061722,7.4041748046875,1.351043701171875,1.5894683599472046,0,0.0,1.3521665334701538,0.49184513896623067,0.27997174646081346,0,0
42,1,50,-2.2566754817962646,1.8915538787841797,1.5589298009872437,3,0,0,1,0.0,0,0,0,2,8.624633442061722,7.398502349853516,1.349625587463379,1.5646519660949707,0,0.0,1.3527090549468994,0.492038892723109,0.27636027662583507,0,0
42,1,60,-2.252779960632324,2.127171754837036,1.5526738166809082,3,0,0,1,0.0,0,0,0,0,7.849999999999999,7.599618911743164,1.399904727935791,1.869964838027954,0,0.0,1.3749839067459106,0.4999937647443273,0.007577653251200168,1,1
42,1,60,-2.252779960632324,2.127171754837036,1.5526738166809082,3,0,0,1,0.0,0,0,0,1,8.378408067339434,7.416875839233398,1.3542189598083496,1.5895167589187622,0,0.0,1.3534163236618042,0.49229092727763757,0.2772620625923106,0,0
42,1,60,-2.252779960632324,2.127171754837036,1.5526738166809082,3,0,0,1,0.0,0,0,0,2,8.378408067339434,7.404254913330078,1.3510637283325195,1.564469814300537,0,0.0,1.353300929069519,0.4922496851858541,0.2778326513917571,0,0
42,1,70,-2.2502496242523193,2.3610618114471436,1.5662494897842407,3,0,0,1,0.0,0,0,0,0,7.649999999999999,7.5999603271484375,1.3999900817871094,1.8547433614730835,0,0.0,1.3749942779541016,0.49999944095166116,0.002135397666068086,1,1
42,1,70,-2.2502496242523193,2.3610618114471436,1.5662494897842407,3,0,0,1,0.0,0,0,0,1,8.181662445769591,7.396583557128906,1.3491458892822266,1.5649062395095825,0,0.0,1.3527125120162964,0.4920403975743377,0.2790819274140451,0,0
42,1,70,-2.2502496242523193,2.3610618114471436,1.5662494897842407,3,0,0,1,0.0,0,0,0,2,8.181662445769591,7.392887115478516,1.348221778869629,1.5646579265594482,0,0.0,1.352623701095581,0.4920086078827032,0.27956771953973086,0,0
42,1,80,-2.2504231929779053,2.5954973697662354,1.5753666162490845,3,0,0,1,0.0,0,0,0,0,7.399999999999999,7.599964141845703,1.3999910354614258,1.7431329488754272,0,0.0,1.3749942779541016,0.49999904666668943,0.002729718271079532,1,1
42,1,80,-2.2504231929779053,2.5954973697662354,1.5753666162490845,3,0,0,1,0.0,0,0,0,1,7.936060486759423,7.396100997924805,1.3490252494812012,1.5609608888626099,0,0.0,1.3520803451538086,0.4918142409661489,0.2776995919812251,0,0
42,1,80,-2.2504231929779053,2.5954973697662354,1.5753666162490845,3,0,0,1,0.0,0,0,0,2,7.936060486759423,7.400106430053711,1.3500266075134277,1.564711332321167,0,0.0,1.3522593975067139,0.49187829243309233,0.27667368331711467,0,0
42,1,90,-2.2515201568603516,2.8304474353790283,1.5764408111572266,3,0,0,1,0.0,0,0,0,0,7.169552570581435,7.599954605102539,1.3999886512756348,1.63926362991333,0,0.0,1.3749945163726807,0.49999750102668855,0.0044665049083516,1,1
42,1,90,-2.2515201568603516,2.8304474353790283,1.5764408111572266,3,0,0,1,0.0,0,0,0,1,7.710033128467915,7.391895294189453,1.3479738235473633,1.4439254999160767,0,0.0,1.3516535758972168,0.4916616439340112,0.2808862275042548,0,0
42,1,90,-2.2515201568603516,2.8304474353790283,1.5764408111572266,3,0,0,1,0.0,0,0,0,2,7.710033128467915,7.397502899169922,1.3493757247924805,1.471109390258789,0,0.0,1.3520070314407349,0.49178746766770337,0.27883767570301293,0,0
42,1,100,-2.2529046535491943,3.067462682723999,1.5750864744186401,3,0,0,1,0.0,0,0,0,0,6.932537323236464,7.599956512451172,1.399989128112793,1.539674997329712,0,0.0,1.374993085861206,0.4999964072061966,0.005524404620771491,1,1
42,1,100,-2.2529046535491943,3.067462682723999,1.5750864744186401,3,0,0,1,0.0,0,0,0,1,7.477981294017988,7.398792266845703,1.3496980667114258,1.3392590284347534,0,0.0,1.3531850576400757,0.49220828755761215,0.2805744166154905,0,0
42,1,100,-2.2529046535491943,3.067462682723999,1.5750864744186401,3,0,0,1,0.0,0,0,0,2,7.477981294017988,7.404062271118164,1.351015567779541,1.3392794132232666,0,0.0,1.353667140007019,0.49238028095923425,0.27735442549429035,0,0
42,1,110,-2.252887010574341,3.3034231662750244,1.567352294921875,3,0,0,1,0.0,0,0,0,0,6.696576809883116,7.59998893737793,1.3999972343444824,1.478705883026123,0,0.0,1.375002384185791,0.4999993320634695,0.0029037579661890167,1,1
42,1,110,-2.252887010574341,3.3034231662750244,1.567352294921875,3,0,0,1,0.0,0,0,0,1,7.24744268005454,7.401634216308594,1.3504085540771484,1.2224615812301636,0,0.0,1.3532918691635132,0.49224728608221185,0.2779432775590841,0,0
42,1,110,-2.252887010574341,3.3034231662750244,1.567352294921875,3,0,0,1,0.0,0,0,0,2,7.24744268005454,7.400365829467773,1.3500914573669434,1.2224599123001099,0,0.0,1.3535714149475098,0.49234676977895475,0.27594751118177385,0,0
42,1,120,-2.252551794052124,3.5389187335968018,1.56952702999115,3,0,0,1,0.0,0,0,0,0,6.461081242561339,7.600002288818359,1.4000005722045898,1.4468103647232056,0,0.0,1.3750026226043701,0.4999991933363434,0.002991152054414056,1,1
42,1,120,-2.252551794052124,3.5389187335968018,1.56952702999115,3,0,0,1,0.0,0,0,0,1,7.017908623263812,7.4003448486328125,1.3500862121582031,1.1508983373641968,0,0.0,1.353286862373352,0.49224476541627793,0.27804623562224934,0,0
42,1,120,-2.252551794052124,3.5389187335968018,1.56952702999115,3,0,0,1,0.0,0,0,0,2,7.017908623263812,7.400720596313477,1.3501801490783691,1.1509021520614624,0,0.0,1.3535774946212769,0.49234893929870716,0.27601177959470047,0,0
42,1,130,-2.251812696456909,3.773888111114502,1.565274715423584,3,0,0,1,0.0,0,0,0,0,6.226111865043639,7.599973678588867,1.3999934196472168,1.4449939727783203,0,0.0,1.3750026226043701,0.4999996108814532,0.0021482598273510544,1,1
42,1,130,-2.251812696456909,3.773888111114502,1.565274715423584,3,0,0,1,0.0,0,0,0,1,6.78952198263311,7.401828765869141,1.3504571914672852,1.116999626159668,0,0.0,1.3533852100372314,0.4922809482375215,0.27713100903727456,0,0
42,1,130,-2.251812696456909,3.773888111114502,1.565274715423584,3,0,0,1,0.0,0,0,0,2,6.78952198263311,7.398113250732422,1.3495283126831055,1.116989016532898,0,0.0,1.3534749746322632,0.4923134795564105,0.2763793585716157,0,0
42,1,140,-2.250527858734131,4.009078025817871,1.5678380727767944,3,0,0,1,0.0,0,0,0,0,5.99092195034027,7.600019454956055,1.4000048637390137,1.4449946880340576,0,0.0,1.375006914138794,0.4999998467212595,0.0012133088888745503,1,1
42,1,140,-2.250527858734131,4.009078025817871,1.5678380727767944,3,0,0,1,0.0,0,0,0,1,6.561661209782111,7.400568008422852,1.350142002105713,1.1149592399597168,0,0.0,1.3534395694732666,0.49229871832175676,0.27618815110544853,0,0
42,1,140,-2.250527858734131,4.009078025817871,1.5678380727767944,3,0,0,1,0.0,0,0,0,2,6.561661209782111,7.398309707641602,1.3495774269104004,1.1149519681930542,0,0.0,1.3534331321716309,0.49229599824222187,0.27617105976417367,0,0
42,1,150,-2.2505669593811035,4.243165493011475,1.574826955795288,3,0,0,1,0.0,0,0,0,0,5.756834483146666,7.600000381469727,1.4000000953674316,1.4449694156646729,0,0.0,1.3750030994415283,0.4999991561327655,0.002550189198955618,1,1
42,1,150,-2.2505669593811035,4.243165493011475,1.574826955795288,3,0,0,1,0.0,0,0,0,1,6.335732532853716,7.396841049194336,1.349210262298584,1.1399428844451904,0,0.0,1.3533437252044678,0.49226514845773667,0.2776676103460735,0,0
42,1,150,-2.2505669593811035,4.243165493011475,1.574826955795288,3,0,0,1,0.0,0,0,0,2,6.335732532853717,7.400716781616211,1.3501791954040527,1.1157279014587402,0,0.0,1.3535211086273193,0.4923282820836757,0.2765598525706822,0,0
42,1,160,-2.2518906593322754,4.477952003479004,1.5734232664108276,3,0,0,1,0.0,0,0,0,0,5.522047972679137,7.600002288818359,1.4000005722045898,1.4449340105056763,0,0.0,1.375002145767212,0.49999863302992825,0.0034011903009109772,1,1
42,1,160,-2.2518906593322754,4.477952003479004,1.5734232664108276,3,0,0,1,0.0,0,0,0,1,6.110155106961667,7.3963470458984375,1.3490867614746094,1.2035608291625977,0,0.0,1.3532769680023193,0.4922405541030675,0.278486821077768,0,0
42,1,160,-2.2518906593322754,4.477952003479004,1.5734232664108276,3,0,0,1,0.0,0,0,0,2,6.110155106961667,7.399801254272461,1.3499503135681152,1.130927562713623,0,0.0,1.3535877466201782,0.49235198559894083,0.2764271571770775,0,0
42,1,170,-2.251026153564453,4.7120842933654785,1.5630759000778198,3,0,0,1,0.0,0,0,0,0,5.287915802001952,7.59992790222168,1.39998197555542,1.3985252380371094,0,0.0,1.3749970197677612,0.49999878270491754,0.0032977737922534702,1,1
42,1,170,-2.251026153564453,4.7120842933654785,1.5630759000778198,3,0,0,1,0.0,0,0,0,1,5.886429755633532,7.40037727355957,1.3500943183898926,1.2758022546768188,0,0.0,1.3534605503082275,0.492308087653221,0.27790261722181125,0,0
42,1,170,-2.251026153564453,4.7120842933654785,1.5630759000778198,3,0,0,1,0.0,0,0,0,2,5.886429755633532,7.394042015075684,1.348510503768921,1.1780885457992554,0,0.0,1.3533960580825806,0.4922847520340756,0.27816703999453346,0,0
42,1,180,-2.2490861415863037,4.946331024169922,1.5653935670852661,3,0,0,1,0.0,0,0,0,0,5.0536690711975085,7.5999860763549805,1.3999965190887451,1.2405816316604614,0,0.0,1.3750032186508179,0.49999834760342815,0.0035836041020900467,1,1
42,1,180,-2.2490861415863037,4.946331024169922,1.5653935670852661,3,0,0,1,0.0,0,0,0,1,5.66407192933911,7.399107933044434,1.3497769832611084,1.260157823562622,0,0.0,1.3535594940185547,0.49234184026446887,0.27707688437762196,0,0
42,1,180,-2.2490861415863037,4.946331024169922,1.5653935670852661,3,0,0,1,0.0,0,0,0,2,5.664071929339111,7.393610954284668,1.348402738571167,1.1548482179641724,0,0.0,1.3533040285110474,0.4922501049504865,0.278697068355008,0,0
42,1,190,-2.247101068496704,5.182123184204102,1.5572729110717773,3,0,0,1,0.0,0,0,0,0,4.817876911163329,7.599730491638184,1.399932622909546,1.1024940013885498,0,0.0,1.3749732971191406,0.4999881959479656,0.009626066925680427,1,1
42,1,190,-2.247101068496704,5.182123184204102,1.5572729110717773,3,0,0,1,0.0,0,0,0,1,5.442070776074508,7.402317047119141,1.3505792617797852,1.1427234411239624,0,0.0,1.3537695407867432,0.4924156064724284,0.2801174867780878,0,0
42,1,190,-2.247101068496704,5.182123184204102,1.5572729110717773,3,0,0,1,0.0,0,0,0,2,5.445269253383161,7.379886627197266,1.3524978160858154,0.9849477410316467,0,0.0,1.353413462638855,0.49228757558981506,0.2756883897122287,0,0
42,1,200,-2.243910789489746,5.416499614715576,1.559146523475647,2,0,0,1,0.0,0,0,0,0,4.583500480651854,7.599700927734375,1.3999252319335938,1.0110360383987427,0,0.0,1.3749579191207886,0.4999815130769785,0.012294597708631299,1,1
42,1,200,-2.243910789489746,5.416499614715576,1.559146523475647,2,0,0,1,0.0,0,0,0,1,5.223647018669667,7.401409149169922,1.3503522872924805,1.051893949508667,0,0.0,1.353940486907959,0.49247486071378177,0.28018235410700154,0,0
42,1,210,-2.242776393890381,5.650197505950928,1.5712521076202393,2,0,0,1,0.0,0,0,0,0,4.349802589416502,7.594966888427734,1.3999743461608887,0.9975347518920898,0,0.0,1.3749847412109375,0.4999919758058455,0.008980147120221937,1,1
42,1,210,-2.242776393890381,5.650197505950928,1.5712521076202393,2,0,0,1,0.0,0,0,0,1,5.008651539416114,7.345146179199219,1.3487224578857422,0.9751282334327698,0,0.0,1.3538799285888672,0.4924556323162002,0.27764889551134814,0,0
42,1,220,-2.2451059818267822,5.885393142700195,1.5871435403823853,2,0,0,1,0.0,0,0,0,0,4.114606952667234,7.589582443237305,1.3999052047729492,0.9949806928634644,0,0.0,1.3749860525131226,0.49999651866439876,0.006361318965707263,1,1
42,1,220,-2.2451059818267822,5.885393142700195,1.5871435403823853,2,0,0,1,0.0,0,0,0,1,4.795869509715205,7.31854248046875,1.346114158630371,0.9670429229736328,0,0.0,1.353533148765564,0.49233308427987993,0.27922512033414587,0,0
42,1,230,-2.2491209506988525,6.121356010437012,1.5874502658843994,3,0,0,1,0.0,0,0,0,0,3.878644084930418,7.589534759521484,1.399907112121582,0.9949531555175781,0,0.0,1.3749823570251465,0.49999246720730434,0.007803730294954488,1,1
42,1,230,-2.2491209506988525,6.121356010437012,1.5874502658843994,3,0,0,1,0.0,0,0,0,1,4.587086780320945,7.3808488845825195,1.3452122211456299,1.0054963827133179,0,0.0,1.3532601594924927,0.4922347015868021,0.2828360249414559,0,0
42,1,230,-2.2491209506988525,6.121356010437012,1.5874502658843994,3,0,0,1,0.0,0,0,0,2,4.587086780320945,6.776966094970703,1.3493103981018066,0.6898623108863831,0,0.0,1.3535751104354858,0.49234667341401966,0.2810924817325181,0,0
42,1,240,-2.2527623176574707,6.355903148651123,1.5828620195388794,3,0,2,0,0.034651756286621094,0,0,0,0,3.6440969467163065,7.337124347686768,1.399937629699707,0.868686854839325,0,0.0,1.374976634979248,0.4999902092891614,0.008782644515609145,1,0
42,1,240,-2.2527623176574707,6.355903148651123,1.5828620195388794,3,0,2,0,0.034651756286621094,0,0,0,1,4.346006610380834,6.991393566131592,1.3577539920806885,0.780188798904419,0,0.0,1.3529232740402222,0.4921135941570028,0.2618392271283703,0,0
42,1,240,-2.2527623176574707,6.355903148651123,1.5828620195388794,3,0,2,0,0.034651756286621094,0,0,0,2,4.385707357653134,7.371776103973389,1.3448941707611084,0.9960997700691223,0,0.0,1.3530800342559814,0.4921694530869746,0.28386258445964546,0,1
42,1,250,-2.25413179397583,6.590368270874023,1.571509599685669,3,0,1,0,0.2730746269226074,0,0,0,0,3.409631824493406,7.000061988830566,1.3999907970428467,0.7000494599342346,0,0.0,1.3749935626983643,0.49999690147880876,0.005507826802321181,1,0
42,1,250,-2.25413179397583,6.590368270874023,1.571509599685669,3,0,1,0,0.2730746269226074,0,0,0,1,4.192639200496531,7.273136615753174,1.3456006050109863,0.9453670382499695,0,0.0,1.3531479835510254,0.4921961463544743,0.2805358026175603,0,1
42,1,250,-2.25413179397583,6.590368270874023,1.571509599685669,3,0,1,0,0.2730746269226074,0,0,0,2,4.52571659102086,6.883432388305664,1.269826889038086,0.9020624160766602,0,0.0,1.352615475654602,0.49200489876418957,0.30444193175801704,0,0
42,1,260,-2.2527220249176025,6.824721813201904,1.560962438583374,3,0,1,0,0.3174920082092285,0,0,0,0,3.175278282165525,6.782660007476807,1.3999611139297485,0.5914077162742615,0,0.0,1.3749923706054688,0.49999869416451287,0.0038445495585092246,1,0
42,1,260,-2.2527220249176025,6.824721813201904,1.560962438583374,3,0,1,0,0.3174920082092285,0,0,0,1,4.010925205126591,7.100152015686035,1.3463349342346191,0.8574060797691345,0,0.0,1.3533796072006226,0.4922786616933695,0.2786907044150925,0,1
42,1,260,-2.2527220249176025,6.824721813201904,1.560962438583374,3,0,1,0,0.3174920082092285,0,0,0,2,4.357685937475178,7.013752460479736,1.268479824066162,0.9699166417121887,0,0.0,1.3524248600006104,0.49193782944923325,0.3049376917658528,0,0
42,1,270,-2.250661849975586,7.059687614440918,1.5629597902297974,3,0,2,0,0.2604217529296875,0,0,0,0,2.9403124809265115,6.690830230712891,1.3999738693237305,0.5454672574996948,0,0.0,1.3749936819076538,0.4999985121640295,0.003502651025202911,1,0
42,1,270,-2.250661849975586,7.059687614440918,1.5629597902297974,3,0,2,0,0.2604217529296875,0,0,0,1,3.8444232868859545,6.866912364959717,1.3451939821243286,0.7430682182312012,0,0.0,1.3534882068634033,0.49231677006015967,0.2779370594056888,0,0
42,1,270,-2.250661849975586,7.059687614440918,1.5629597902297974,3,0,2,0,0.2604217529296875,0,0,0,2,4.204379560916794,6.951251983642578,1.262982726097107,0.9496604800224304,0,0.0,1.3526382446289062,0.4920134595602616,0.3041030428146233,0,1
42,1,280,-2.2490198612213135,7.2954792976379395,1.5645391941070557,3,0,2,0,0.08170080184936523,0,0,0,0,2.70452079772949,6.68984317779541,1.399975299835205,0.5449709296226501,0,0.0,1.3749891519546509,0.4999978741369576,0.003997778210040999,1,0
42,1,280,-2.2490198612213135,7.2954792976379395,1.5645391941070557,3,0,2,0,0.08170080184936523,0,0,0,1,3.6993804692452,6.664383411407471,1.3436808586120605,0.6448299884796143,0,0.0,1.3535696268081665,0.4923460465541501,0.2773478756367626,0,0
42,1,280,-2.2490198612213135,7.2954792976379395,1.5645391941070557,3,0,2,0,0.08170080184936523,0,0,0,2,4.070083670140779,6.771543979644775,1.2558202743530273,0.8741315007209778,0,0.0,1.352805256843567,0.49207313373939676,0.3034416975907511,0,1
93,0,0,-2.25,1.0,1.5707963267948966,3,0,0,1,0.0,0,0,0,0,9.0,7.150001525878906,1.2875003814697266,1.8949999809265137,0,0.0,1.2850003242492676,0.45982142857142855,0.0,1,1
93,0,0,-2.25,1.0,1.5707963267948966,3,0,0,1,0.0,0,0,0,1,9.513236186146589,6.992805480957031,1.2482013702392578,1.6120399236679077,0,0.0,1.2636055946350098,0.45218076037786004,0.2523747889156115,0,0
93,0,0,-2.25,1.0,1.5707963267948966,3,0,0,1,0.0,0,0,0,2,9.513236186146589,6.992805480957031,1.2482013702392578,1.6120399236679077,0,0.0,1.2636055946350098,0.45218076037786004,0.25237478891561166,0,0
93,0,10,-2.24971604347229,1.0588933229446411,1.5600006580352783,3,0,0,1,0.0,0,0,0,0,8.95,7.434638977050781,1.3586597442626953,1.8946539163589478,0,0.0,1.3468140363693237,0.48524157470932977,0.005436673157160462,1,1
93,0,10,-2.24971604347229,1.0588933229446411,1.5600006580352783,3,0,0,1,0.0,0,0,0,1,9.463793281809847,7.256681442260742,1.3141703605651855,1.5893465280532837,0,0.0,1.3259907960891724,0.47780505995307937,0.2720963136529696,0,0
93,0,10,-2.24971604347229,1.0588933229446411,1.5600006580352783,3,0,0,1,0.0,0,0,0,2,9.463793281809847,7.249261856079102,1.3123154640197754,1.5643153190612793,0,0.0,1.325730562210083,0.4777120918342269,0.27367086333589363,0,0
93,0,20,-2.247821569442749,1.2029353380203247,1.558211326599121,3,0,0,1,0.0,0,0,0,0,8.799999999999999,7.576711654663086,1.3941779136657715,1.894214391708374,0,0.0,1.3733423948287964,0.4979296904460166,0.008401859385953914,1,1
93,0,20,-2.247821569442749,1.2029353380203247,1.558211326599121,3,0,0,1,0.0,0,0,0,1,9.31551287810118,7.387989044189453,1.3469972610473633,1.589424967765808,0,0.0,1.3522498607635498,0.49039635911702245,0.27874173604351304,0,0
93,0,20,-2.247821569442749,1.2029353380203247,1.558211326599121,3,0,0,1,0.0,0,0,0,2,9.31551287810118,7.376941680908203,1.3442354202270508,1.5643774271011353,0,0.0,1.351653814315796,0.4901838182900988,0.28255246952990365,0,0
93,0,30,-2.2460148334503174,1.4257149696350098,1.5659418106079102,3,0,0,1,0.0,0,0,0,0,8.549999999999999,7.599924087524414,1.3999810218811035,1.8943047523498535,0,0.0,1.374985933303833,0.4999946812268128,0.006739646071945936,1,1
93,0,30,-2.2460148334503174,1.4257149696350098,1.5659418106079102,3,0,0,1,0.0,0,0,0,1,9.0685506996768,7.414669036865234,1.3536672592163086,1.5884424448013306,0,0.0,1.3535778522491455,0.4923481472010939,0.2737558781658495,0,0
93,0,30,-2.2460148334503174,1.4257149696350098,1.5659418106079102,3,0,0,1,0.0,0,0,0,2,9.0685506996768,7.409019470214844,1.352254867553711,1.5644583702087402,0,0.0,1.3529798984527588,0.49213458861251513,0.27753477698855045,0,0
93,0,40,-2.246206521987915,1.6611300706863403,1.5760709047317505,3,0,0,1,0.0,0,0,0,0,8.349999999999998,7.599939346313477,1.3999848365783691,1.751235842704773,0,0.0,1.3749971389770508,0.49999904259266076,0.0034517630342812936,1,1
93,0,40,-2.246206521987915,1.6611300706863403,1.5760709047317505,3,0,0,1,0.0,0,0,0,1,8.871149842504158,7.3942108154296875,1.3485527038574219,1.5646905899047852,0,0.0,1.3528443574905396,0.49208724809087734,0.2781259059307222,0,0
93,0,40,-2.246206521987915,1.6611300706863403,1.5760709047317505,3,0,0,1,0.0,0,0,0,2,8.871149842504158,7.396732330322266,1.3491830825805664,1.564901351928711,0,0.0,1.3524810075759888,0.49195727700191627,0.2808163787840075,0,0
93,0,50,-2.2478456497192383,1.8969690799713135,1.5802242755889893,3,0,0,1,0.0,0,0,0,0,8.099999999999998,7.5998992919921875,1.3999748229980469,1.5291905403137207,0,0.0,1.3749980926513672,0.49999865419197687,0.0038057403828311576,1,1
93,0,50,-2.2478456497192383,1.8969690799713135,1.5802242755889893,3,0,0,1,0.0,0,0,0,1,8.624633442061722,7.394758224487305,1.3486895561218262,1.5647071599960327,0,0.0,1.3520660400390625,0.49180957016261584,0.2786797983057415,0,0
93,0,50,-2.2478456497192383,1.8969690799713135,1.5802242755889893,3,0,0,1,0.0,0,0,0,2,8.624633442061722,7.401256561279297,1.3503141403198242,1.584204912185669,0,0.0,1.352059006690979,0.4918069632545116,0.27886968767341874,0,0
93,0,60,-2.250760078430176,2.1319167613983154,1.5821080207824707,3,0,0,1,0.0,0,0,0,0,7.849999999999999,7.599843978881836,1.399960994720459,1.3371976613998413,0,0.0,1.374987244606018,0.49999471572936194,0.006350664937952555,1,1
93,0,60,-2.250760078430176,2.1319167613983154,1.5821080207824707,3,0,0,1,0.0,0,0,0,1,8.378408067339434,7.40315055847168,1.35078763961792,1.532586693763733,0,0.0,1.3528530597686768,0.4920896819710328,0.2786665218552338,0,0
93,0,60,-2.250760078430176,2.1319167613983154,1.5821080207824707,3,0,0,1,0.0,0,0,0,2,8.378408067339434,7.412445068359375,1.3531112670898438,1.3761976957321167,0,0.0,1.3532387018203735,0.492227168725741,0.2763942743189298,0,0
93,0,70,-2.2523112297058105,2.36670184135437,1.5738880634307861,3,0,0,1,0.0,0,0,0,0,7.649999999999999,7.599958419799805,1.3999896049499512,1.1369653940200806,0,0.0,1.3749923706054688,0.49999793337258663,0.004174772097403857,1,1
93,0,70,-2.2523112297058105,2.36670184135437,1.5738880634307861,3,0,0,1,0.0,0,0,0,1,8.181662445769591,7.388795852661133,1.3471989631652832,1.3810303211212158,0,0.0,1.3521037101745605,0.4918222645547862,0.28218859872557944,0,0
93,0,70,-2.2523112297058105,2.36670184135437,1.5738880634307861,3,0,0,1,0.0,0,0,0,2,8.181662445769591,7.392778396606445,1.3481945991516113,1.1550606489181519,0,0.0,1.352498173713684,0.49196306471009926,0.2798185544817573,0,0
93,0,80,-2.252394437789917,2.602473020553589,1.5669862031936646,3,0,0,1,0.0,0,0,0,0,7.399999999999999,7.549245357513428,1.399991512298584,0.9746395945549011,0,0.0,1.374997615814209,0.4999996510103773,0.002128323340533012,1,1
93,0,80,-2.252394437789917,2.602473020553589,1.5669862031936646,3,0,0,1,0.0,0,0,0,1,7.936060486759423,7.401012420654297,1.3502531051635742,1.2357908487319946,0,0.0,1.353093147277832,0.4921756955967775,0.27722279001770506,0,0
93,0,80,-2.252394437789917,2.602473020553589,1.5669862031936646,3,0,0,1,0.0,0,0,0,2,7.936060486759423,7.302926063537598,1.3497920036315918,0.95187908411026,0,0.0,1.3533076047897339,0.4922520207564577,0.2758291202636001,0,0
93,0,90,-2.250309944152832,2.837897777557373,1.5606001615524292,3,0,1,0,0.12217092514038086,0,0,0,0,7.16210222840309,7.27664041519165,1.3999700546264648,0.8383801579475403,0,0.0,1.374992847442627,0.49999689293120403,0.004996170965016652,1,0
93,0,90,-2.250309944152832,2.837897777557373,1.5606001615524292,3,0,1,0,0.12217092514038086,0,0,0,1,7.7027320783389275,7.398811340332031,1.3497028350830078,1.104203224182129,0,0.0,1.3519537448883057,0.4917685940576903,0.28010947541124326,0,1
93,0,90,-2.250309944152832,2.837897777557373,1.5606001615524292,3,0,1,0,0.12217092514038086,0,0,0,2,7.923388778430084,7.167304992675781,1.2918262481689453,1.3572609424591064,0,0.0,1.3510433435440063,0.4914436831601275,0.30600262559742203,0,0
93,0,100,-2.2479491233825684,3.072680711746216,1.5634490251541138,3,0,1,0,0.3188338279724121,0,0,0,0,6.927319294214247,7.066181182861328,1.399977684020996,0.7331352829933167,0,0.0,1.3749878406524658,0.4999956544555113,0.005887189109686957,1,0
93,0,100,-2.2479491233825684,3.072680711746216,1.5634490251541138,3,0,1,0,0.3188338279724121,0,0,0,1,7.472877736420031,7.38501501083374,1.3512649536132812,0.9899775981903076,0,0.0,1.3536484241485596,0.49237413179674927,0.2780229772235448,0,1
93,0,100,-2.2479491233825684,3.072680711746216,1.5634490251541138,3,0,1,0,0.3188338279724121,0,0,0,2,7.696697940709511,7.16401481628418,1.291003704071045,1.245124101638794,0,0.0,1.351336121559143,0.49154798876848776,0.3048462789942329,0,0
93,0,110,-2.2477169036865234,3.30837082862854,1.5713499784469604,3,0,1,0,0.1837620735168457,0,0,0,0,6.691629147529601,6.990767955780029,1.399998664855957,0.6953867077827454,0,0.0,1.374999761581421,0.49999922909911987,0.0028245375015729093,1,0
93,0,110,-2.2477169036865234,3.30837082862854,1.5713499784469604,3,0,1,0,0.1837620735168457,0,0,0,1,7.2426143363641255,7.174530029296875,1.3503541946411133,0.8865565061569214,0,0.0,1.353568434715271,0.49234612527864696,0.27597760736239474,0,1
93,0,110,-2.2477169036865234,3.30837082862854,1.5713499784469604,3,0,1,0,0.1837620735168457,0,0,0,2,7.469876447808463,7.156158447265625,1.2890396118164062,1.1334314346313477,0,0.0,1.3515563011169434,0.49162708449620923,0.30195075221868223,0,0
93,0,120,-2.2479190826416016,3.5429186820983887,1.5737640857696533,3,0,2,0,0.16188955307006836,0,0,0,0,6.457081294059752,6.989992618560791,1.4000015258789062,0.694993257522583,0,0.0,1.3750048875808716,0.49999968530067906,0.002020319206935936,1,0
93,0,120,-2.2479190826416016,3.5429186820983887,1.5737640857696533,3,0,2,0,0.16188955307006836,0,0,0,1,7.0140151613905,6.985419273376465,1.3499631881713867,0.7927832007408142,0,0.0,1.3535274267196655,0.49233091507445853,0.27571057598755255,0,0
93,0,120,-2.2479190826416016,3.5429186820983887,1.5737640857696533,3,0,2,0,0.16188955307006836,0,0,0,2,7.245000029883672,7.151882171630859,1.2879705429077148,1.0052170753479004,0,0.0,1.351597547531128,0.4916413931771422,0.3010792578214416,0,1
93,0,130,-2.2494518756866455,3.7771811485290527,1.5786328315734863,3,0,0,1,0.0,0,0,0,0,6.222818827629088,6.989885330200195,1.3999824523925781,0.6949777603149414,0,0.0,1.374996542930603,0.4999984283027582,0.0035914016815962978,1,1
93,0,130,-2.2494518756866455,3.7771811485290527,1.5786328315734863,3,0,0,1,0.0,0,0,0,1,6.786326181358476,6.853281021118164,1.3491826057434082,0.7282751798629761,0,0.0,1.3533655405044556,0.49227293621055834,0.2786343143466613,0,0
93,0,130,-2.2494518756866455,3.7771811485290527,1.5786328315734863,3,0,0,1,0.0,0,0,0,2,7.0213632961531705,6.9497880935668945,1.2884430885314941,0.8980077505111694,0,0.0,1.3531752824783325,0.4922051580323113,0.3002710578843401,0,0
93,0,140,-2.250844955444336,4.011508464813232,1.5758455991744995,3,0,0,1,0.0,0,0,0,0,5.988491511344908,6.989903926849365,1.3999972343444824,0.694957435131073,0,0.0,1.3750028610229492,0.49999856448423335,0.0033393572392114886,1,1
93,0,140,-2.250844955444336,4.011508464813232,1.5758455991744995,3,0,0,1,0.0,0,0,0,1,6.559310805312073,6.773246765136719,1.3492393493652344,0.6881446838378906,0,0.0,1.3533105850219727,0.4922535174960929,0.2784534117470678,0,0
93,0,140,-2.250844955444336,4.011508464813232,1.5758455991744995,3,0,0,1,0.0,0,0,0,2,6.559310805312074,6.30837345123291,1.3475193977355957,0.45914793014526367,0,0.0,1.3503036499023438,0.4911793674129307,0.27692529740083743,0,0
93,0,150,-2.2517783641815186,4.247424602508545,1.5730501413345337,3,0,0,1,0.0,0,0,0,0,5.752575373649596,6.989886283874512,1.4000024795532227,0.6949381232261658,0,0.0,1.3750030994415283,0.49999886815657796,0.0031078201083975794,1,1
93,0,150,-2.2517783641815186,4.247424602508545,1.5730501413345337,3,0,0,1,0.0,0,0,0,1,6.331630790249045,6.679980278015137,1.3493165969848633,0.6413568258285522,0,0.0,1.3532882928848267,0.4922450705146864,0.2781949491323488,0,0
93,0,150,-2.2517783641815186,4.247424602508545,1.5730501413345337,3,0,0,1,0.0,0,0,0,2,6.331630790249045,6.4979047775268555,1.3491277694702148,0.5506969690322876,0,0.0,1.3525316715240479,0.49197440634965417,0.27628207013085415,0,0
93,0,160,-2.251976251602173,4.484100818634033,1.5688438415527344,3,0,0,1,0.0,0,0,0,0,5.515899157524108,6.989878177642822,1.4000039100646973,0.6949312686920166,0,0.0,1.375006079673767,0.4999996866601658,0.001948602318891362,1,1
93,0,160,-2.251976251602173,4.484100818634033,1.5688438415527344,3,0,0,1,0.0,0,0,0,1,6.10426299371129,6.663997173309326,1.3495855331420898,0.6328275799751282,0,0.0,1.3533326387405396,0.4922605565620691,0.2770200100371262,0,0
93,0,160,-2.251976251602173,4.484100818634033,1.5688438415527344,3,0,0,1,0.0,0,0,0,2,6.10426299371129,6.6572442054748535,1.3494453430175781,0.6297314167022705,0,0.0,1.3535382747650146,0.49233397736180334,0.2755771910531575,0,0
93,0,170,-2.25166916847229,4.718571186065674,1.5733715295791626,3,0,0,1,0.0,0,0,0,0,5.281428909301757,6.989618301391602,1.4000017642974854,0.6948055028915405,0,0.0,1.3750030994415283,0.4999988448351845,0.0031104855152656588,1,1
93,0,170,-2.25166916847229,4.718571186065674,1.5733715295791626,3,0,0,1,0.0,0,0,0,1,5.880250884919143,6.657254219055176,1.3488974571228027,0.630832314491272,0,0.0,1.3532911539077759,0.4922460908835716,0.2782008314918782,0,0
93,0,170,-2.25166916847229,4.718571186065674,1.5733715295791626,3,0,0,1,0.0,0,0,0,2,5.880250884919143,6.7701191902160645,1.3497285842895508,0.6856024265289307,0,0.0,1.3535728454589844,0.49234681453673546,0.2763437633772804,0,0
93,0,180,-2.252702236175537,4.952610492706299,1.576673150062561,3,0,0,1,0.0,0,0,0,0,5.047389602661132,6.989211082458496,1.3999907970428467,0.6946240067481995,0,0.0,1.3749984502792358,0.49999588517662297,0.005754170990420423,1,1
93,0,180,-2.252702236175537,4.952610492706299,1.576673150062561,3,0,0,1,0.0,0,0,0,1,5.658134346955052,6.667667865753174,1.3481998443603516,0.6374342441558838,0,0.0,1.3531771898269653,0.49220441706057777,0.280829288198647,0,0
93,0,180,-2.252702236175537,4.952610492706299,1.576673150062561,3,0,0,1,0.0,0,0,0,2,5.658134346955052,6.7787766456604,1.3499581813812256,0.6894720196723938,0,0.0,1.3536773920059204,0.49238312318110417,0.27756481128186977,0,0
93,0,190,-2.2534115314483643,5.186468124389648,1.5702052116394043,2,0,0,1,0.0,0,0,0,0,4.813531970977782,6.989616394042969,1.3999974727630615,0.6948132514953613,0,0.0,1.375,0.4999983460491713,0.004099252874607215,1,1
93,0,190,-2.2534115314483643,5.186468124389648,1.5702052116394043,2,0,0,1,0.0,0,0,0,1,5.437999689379794,6.753216743469238,1.3486332893371582,0.6793416738510132,0,0.0,1.353216528892517,0.49222002763011247,0.27914290865430097,0,0
93,0,200,-2.2530717849731445,5.420576572418213,1.5672307014465332,3,0,0,1,0.0,0,0,0,0,4.5794235229492175,6.98984956741333,1.3999934196472168,0.6949378848075867,0,0.0,1.3749992847442627,0.4999993141532911,0.002898782408119857,1,1
93,0,200,-2.2530717849731445,5.420576572418213,1.5672307014465332,3,0,0,1,0.0,0,0,0,1,5.2198705076114145,6.784722805023193,1.3487117290496826,0.6949378848075867,0,0.0,1.353276014328003,0.4922423929455925,0.2779417372401939,0,0
93,0,200,-2.2530717849731445,5.420576572418213,1.5672307014465332,3,0,0,1,0.0,0,0,0,2,5.5030282295701065,6.435832500457764,1.2902522087097168,0.6374118328094482,0,0.0,1.3525851964950562,0.49199434087286864,0.3028967278745621,0,0
93,0,210,-2.251535415649414,5.653675556182861,1.563677430152893,3,0,0,1,0.0,0,0,0,0,4.346324539184568,6.989609718322754,1.3999881744384766,0.6948285698890686,0,0.0,1.3750025033950806,0.49999920780799645,0.0028563806280645127,1,1
93,0,210,-2.251535415649414,5.653675556182861,1.563677430152893,3,0,0,1,0.0,0,0,0,1,5.005476485278788,6.785368919372559,1.3489279747009277,0.6948285698890686,0,0.0,1.353422999382019,0.49229398147661013,0.2776970925068586,0,0
93,0,210,-2.251535415649414,5.653675556182861,1.563677430152893,3,0,0,1,0.0,0,0,0,2,5.292002445434051,6.477360248565674,1.2822556495666504,0.6741688251495361,0,0.0,1.3525952100753784,0.49199778807142386,0.3038928519934444,0,0
93,0,220,-2.2503180503845215,5.88771390914917,1.5688763856887817,3,0,0,1,0.0,0,0,0,0,4.11228618621826,7.009323596954346,1.4000051021575928,0.7046516537666321,0,0.0,1.3750059604644775,0.4999999326754302,0.0007956891124939469,1,1
93,0,220,-2.2503180503845215,5.88771390914917,1.5688763856887817,3,0,0,1,0.0,0,0,0,1,4.793791115177239,6.801400661468506,1.3480243682861328,0.7046516537666321,0,0.0,1.3534400463104248,0.4922988777236038,0.2758122100267522,0,0
93,0,220,-2.2503180503845215,5.88771390914917,1.5688763856887817,3,0,0,1,0.0,0,0,0,2,4.793791115177239,6.7326507568359375,1.3476011753082275,0.6711230874061584,0,0.0,1.3534314632415771,0.4922959786057941,0.2758226953877258,0,0
93,0,230,-2.2497458457946777,6.123561382293701,1.5652174949645996,3,0,0,1,0.0,0,0,0,0,3.8764387130737283,7.15643310546875,1.3999953269958496,0.7782258987426758,0,0.0,1.3750038146972656,0.49999880938836716,0.0030498998867176043,1,1
93,0,230,-2.2497458457946777,6.123561382293701,1.5652174949645996,3,0,0,1,0.0,0,0,0,1,4.585161958494528,6.948704719543457,1.3480632305145264,0.7782258987426758,0,0.0,1.353519082069397,0.4923278305447987,0.2771110395266902,0,0
93,0,230,-2.2497458457946777,6.123561382293701,1.5652174949645996,3,0,0,1,0.0,0,0,0,2,4.585161958494528,6.82733678817749,1.3465964794158936,0.720475435256958,0,0.0,1.35334312915802,0.49226496290817007,0.2781776996572198,0,0
93,0,240,-2.248244047164917,6.35777473449707,1.5637800693511963,3,0,0,1,0.0,0,0,0,0,3.642225360870359,7.388830184936523,1.3999860286712646,0.8944429755210876,0,0.0,1.3749991655349731,0.49999648841444755,0.005268281675501853,1,1
93,0,240,-2.248244047164917,6.35777473449707,1.5637800693511963,3,0,0,1,0.0,0,0,0,1,4.38413026754117,7.180237770080566,1.3478379249572754,0.8944429755210876,0,0.0,1.3536306619644165,0.4923669930319475,0.27775930664467735,0,0
93,0,240,-2.248244047164917,6.35777473449707,1.5637800693511963,3,0,0,1,0.0,0,0,0,2,4.38413026754117,7.026264667510986,1.3456764221191406,0.8217794299125671,0,0.0,1.3532220125198364,0.49222156683269247,0.28036383503490286,0,0
93,0,250,-2.2471368312835693,6.5927934646606445,1.5696395635604858,3,0,0,1,0.0,0,0,0,0,3.407206630706785,7.58983039855957,1.399998664855957,0.9949179291725159,0,0.0,1.3750004768371582,0.4999982600609937,0.0040675005752619986,1,1
93,0,250,-2.2471368312835693,6.5927934646606445,1.5696395635604858,3,0,0,1,0.0,0,0,0,1,4.19069486944792,7.2551069259643555,1.3464999198913574,0.9345535039901733,0,0.0,1.353631615638733,0.4923674385701763,0.27643352377238556,0,0
93,0,250,-2.2471368312835693,6.5927934646606445,1.5696395635604858,3,0,0,1,0.0,0,0,0,2,4.1906948694479205,7.214278697967529,1.3456542491912842,0.9158307909965515,0,0.0,1.353230357170105,0.49222454546747446,0.2791262165971575,0,0
93,0,260,-2.24762225151062,6.827303409576416,1.574222445487976,3,0,0,1,0.0,0,0,0,0,3.1726966857910135,7.5897908210754395,1.3999911546707153,0.9949131608009338,0,0.0,1.3749957084655762,0.4999996348790982,0.002142066389553994,1,1
93,0,260,-2.24762225151062,6.827303409576416,1.574222445487976,3,0,0,1,0.0,0,0,0,1,4.009000959354344,7.120014190673828,1.3449368476867676,0.8701334595680237,0,0.0,1.353538155555725,0.49233648891320136,0.2756247386187959,0,0
93,0,260,-2.24762225151062,6.827303409576416,1.574222445487976,3,0,0,1,0.0,0,0,0,2,4.022112533540501,7.285347938537598,1.3515459299087524,0.9395819902420044,0,0.0,1.3536672592163086,0.49238230520643794,0.26820366685059127,0,0
93,0,270,-2.248527765274048,7.060774803161621,1.5755558013916016,3,0,0,1,0.0,0,0,0,0,2.9392252922058084,7.589766502380371,1.3999863862991333,0.9949104189872742,0,0.0,1.3749940395355225,0.4999997090652621,0.0018515997771939054,1,1
93,0,270,-2.248527765274048,7.060774803161621,1.5755558013916016,3,0,0,1,0.0,0,0,0,1,3.84369822858178,7.00948429107666,1.3435052633285522,0.817731499671936,0,0.0,1.3534654378890991,0.49230947839599704,0.2762758558093477,0,0
93,0,270,-2.248527765274048,7.060774803161621,1.5755558013916016,3,0,0,1,0.0,0,0,0,2,3.84369822858178,7.061952590942383,1.3446497917175293,0.8416767120361328,0,0.0,1.3533976078033447,0.49228506957926493,0.2768512010126023,0,0
93,0,280,-2.2491345405578613,7.295430660247803,1.5710458755493164,3,0,0,1,0.0,0,0,0,0,2.7045694351196268,7.589877605438232,1.3999924659729004,0.9949538111686707,0,0.0,1.3749926090240479,0.49999990238286035,0.0010010731719458275,1,1
93,0,280,-2.2491345405578613,7.295430660247803,1.5710458755493164,3,0,0,1,0.0,0,0,0,1,3.6994075693279944,7.024081230163574,1.3426276445388794,0.8267852067947388,0,0.0,1.353487253189087,0.4923160399034959,0.2753883624498841,0,0
93,0,280,-2.2491345405578613,7.295430660247803,1.5710458755493164,3,0,0,1,0.0,0,0,0,2,3.699407569327995,6.999465465545654,1.3425167798995972,0.814699113368988,0,0.0,1.3533796072006226,0.4922787743631974,0.27610137704154475,0,0
93,1,0,-2.25,1.0,1.5707963267948966,3,0,0,1,0.0,0,0,0,0,9.0,7.150001525878906,1.2875003814697266,1.8949999809265137,0,0.0,1.2850003242492676,0.45982142857142855,0.0,1,1
93,1,0,-2.25,1.0,1.5707963267948966,3,0,0,1,0.0,0,0,0,1,9.513236186146589,6.992805480957031,1.2482013702392578,1.6120399236679077,0,0.0,1.2636055946350098,0.45218076037786004,0.2523747889156115,0,0
93,1,0,-2.25,1.0,1.5707963267948966,3,0,0,1,0.0,0,0,0,2,9.513236186146589,6.992805480957031,1.2482013702392578,1.6120399236679077,0,0.0,1.2636055946350098,0.45218076037786004,0.25237478891561166,0,0
93,1,10,-2.250591278076172,1.053576111793518,1.5873806476593018,3,0,0,1,0.0,0,0,0,0,8.95,7.414575576782227,1.3536438941955566,1.869964361190796,0,0.0,1.3426522016525269,0.483459009075112,0.008363217566113535,1,1
93,1,10,-2.250591278076172,1.053576111793518,1.5873806476593018,3,0,0,1,0.0,0,0,0,1,9.463793281809847,7.233602523803711,1.3084006309509277,1.5634506940841675,0,0.0,1.3220634460449219,0.47610559814381465,0.2745394324794993,0,0
93,1,10,-2.250591278076172,1.053576111793518,1.5873806476593018,3,0,0,1,0.0,0,0,0,2,9.463793281809847,7.244607925415039,1.3111519813537598,1.588507056236267,0,0.0,1.322458267211914,0.47624671710387195,0.2721000494104119,0,0
93,1,20,-2.2535202503204346,1.19688081741333,1.5909217596054077,3,0,0,1,0.0,0,0,0,0,8.799999999999999,7.577840805053711,1.3944602012634277,1.8698365688323975,0,0.0,1.373488426208496,0.49804351910991745,0.013399929919034225,1,1
93,1,20,-2.2535202503204346,1.19688081741333,1.5909217596054077,3,0,0,1,0.0,0,0,0,1,9.31551287810118,7.37835693359375,1.3445892333984375,1.5642735958099365,0,0.0,1.3519752025604248,0.4903602374777711,0.28567044395690555,0,0
93,1,20,-2.2535202503204346,1.19688081741333,1.5909217596054077,3,0,0,1,0.0,0,0,0,2,9.31551287810118,7.395809173583984,1.348952293395996,1.5893524885177612,0,0.0,1.3529138565063477,0.49069571133768225,0.2796028153236298,0,0
93,1,30,-2.256821393966675,1.4221271276474,1.5808827877044678,3,0,0,1,0.0,0,0,0,0,8.599999999999998,7.599733352661133,1.3999333381652832,1.8936327695846558,0,0.0,1.3749544620513916,0.4999807491653266,0.012869715217138302,1,1
93,1,30,-2.256821393966675,1.4221271276474,1.5808827877044678,3,0,0,1,0.0,0,0,0,1,9.117925063475388,7.38197135925293,1.3454928398132324,1.5399121046066284,0,0.0,1.3512688875198364,0.4915209016906922,0.2923729178732534,0,0
93,1,30,-2.256821393966675,1.4221271276474,1.5808827877044678,3,0,0,1,0.0,0,0,0,2,9.117925063475388,7.394426345825195,1.3486065864562988,1.5649731159210205,0,0.0,1.352482795715332,0.4919545989775849,0.28517651877089795,0,0
93,1,40,-2.258023977279663,1.656813144683838,1.5712413787841797,3,0,0,1,0.0,0,0,0,0,8.349999999999998,7.599851608276367,1.3999629020690918,1.7512248754501343,0,0.0,1.3749762773513794,0.49998938911991536,0.010106418022902875,1,1
93,1,40,-2.258023977279663,1.656813144683838,1.5712413787841797,3,0,0,1,0.0,0,0,0,1,8.871149842504158,7.396089553833008,1.349022388458252,1.5645508766174316,0,0.0,1.3523591756820679,0.49191179352082565,0.2864864262333747,0,0
93,1,40,-2.258023977279663,1.656813144683838,1.5712413787841797,3,0,0,1,0.0,0,0,0,2,8.871149842504158,7.400884628295898,1.3502211570739746,1.564829707145691,0,0.0,1.353437900543213,0.49229731119435954,0.2797031687667449,0,0
93,1,50,-2.2566754817962646,1.8915538787841797,1.5589298009872437,3,0,0,1,0.0,0,0,0,0,8.099999999999998,7.599756240844727,1.3999390602111816,1.52919340133667,0,0.0,1.374991774559021,0.49999709188678076,0.006155571252438816,1,1
93,1,50,-2.2566754817962646,1.8915538787841797,1.5589298009872437,3,0,0,1,0.0,0,0,0,1,8.624633442061722,7.4041748046875,1.351043701171875,1.5894683599472046,0,0.0,1.3521665334701538,0.49184513896623067,0.27997174646081346,0,0
93,1,50,-2.2566754817962646,1.8915538787841797,1.5589298009872437,3,0,0,1,0.0,0,0,0,2,8.624633442061722,7.398502349853516,1.349625587463379,1.5646519660949707,0,0.0,1.3527090549468994,0.492038892723109,0.27636027662583507,0,0
93,1,60,-2.252779960632324,2.127171754837036,1.5526738166809082,3,0,0,1,0.0,0,0,0,0,7.849999999999999,7.599618911743164,1.399904727935791,1.3234764337539673,0,0.0,1.3749839067459106,0.4999937647443273,0.007577653251200168,1,1
93,1,60,-2.252779960632324,2.127171754837036,1.5526738166809082,3,0,0,1,0.0,0,0,0,1,8.378408067339434,7.416875839233398,1.3542189598083496,1.5152037143707275,0,0.0,1.3534163236618042,0.49229092727763757,0.2772620625923106,0,0
93,1,60,-2.252779960632324,2.127171754837036,1.5526738166809082,3,0,0,1,0.0,0,0,0,2,8.378408067339434,7.404254913330078,1.3510637283325195,1.3771272897720337,0,0.0,1.353300929069519,0.4922496851858541,0.2778326513917571,0,0
93,1,70,-2.2502496242523193,2.3610618114471436,1.5662494897842407,3,0,0,1,0.0,0,0,0,0,7.649999999999999,7.5999603271484375,1.3999900817871094,1.1561919450759888,0,0.0,1.3749942779541016,0.49999944095166116,0.002135397666068086,1,1
93,1,70,-2.2502496242523193,2.3610618114471436,1.5662494897842407,3,0,0,1,0.0,0,0,0,1,8.181662445769591,7.396583557128906,1.3491458892822266,1.3853158950805664,0,0.0,1.3527125120162964,0.4920403975743377,0.2790819274140451,0,0
93,1,70,-2.2502496242523193,2.3610618114471436,1.5662494897842407,3,0,0,1,0.0,0,0,0,2,8.181662445769591,7.392887115478516,1.348221778869629,1.1572721004486084,0,0.0,1.352623701095581,0.4920086078827032,0.27956771953973086,0,0
93,1,80,-2.2504231929779053,2.5954973697662354,1.5753666162490845,3,0,0,1,0.0,0,0,0,0,7.399999999999999,7.549230575561523,1.3999910354614258,0.9746331572532654,0,0.0,1.3749942779541016,0.49999904666668943,0.002729718271079532,1,1
93,1,80,-2.2504231929779053,2.5954973697662354,1.5753666162490845,3,0,0,1,0.0,0,0,0,1,7.936060486759423,7.396100997924805,1.3490252494812012,1.2401725053787231,0,0.0,1.3520803451538086,0.4918142409661489,0.2776995919812251,0,0
93,1,80,-2.2504231929779053,2.5954973697662354,1.5753666162490845,3,0,0,1,0.0,0,0,0,2,7.936060486759423,7.303793907165527,1.3500266075134277,0.9518436193466187,0,0.0,1.3522593975067139,0.49187829243309233,0.27667368331711467,0,0
93,1,90,-2.2515203952789307,2.8304474353790283,1.5764415264129639,3,0,1,0,0.11517000198364258,0,0,0,0,7.169552570581435,7.2767252922058105,1.3999886512756348,0.8383853435516357,0,0.0,1.3749946355819702,0.4999975003378228,0.004467121701242937,1,0
93,1,90,-2.2515203952789307,2.8304474353790283,1.5764415264129639,3,0,1,0,0.11517000198364258,0,0,0,1,7.710033128467915,7.391895294189453,1.3479738235473633,1.1253267526626587,0,0.0,1.3516536951065063,0.4916616343166356,0.28088683773609696,0,1
93,1,90,-2.2515203952789307,2.8304474353790283,1.5764415264129639,3,0,1,0,0.11517000198364258,0,0,0,2,7.898920314929827,6.665627956390381,1.3036389350891113,0.7255361676216125,0,0.0,1.3514665365219116,0.4915950388848701,0.30215907613858095,0,0
93,1,100,-2.252910852432251,3.06746244430542,1.5751358270645142,3,0,1,0,0.3325324058532715,0,0,0,0,6.932537561655043,7.066235065460205,1.399989128112793,0.7331392168998718,0,0.0,1.374993085861206,0.49999636626432026,0.005553530126059065,1,0
93,1,100,-2.252910852432251,3.06746244430542,1.5751358270645142,3,0,1,0,0.3325324058532715,0,0,0,1,7.47798152721157,7.398767471313477,1.3496918678283691,1.0011564493179321,0,0.0,1.3531832695007324,0.4922078815721966,0.28060342233133573,0,1
93,1,100,-2.252910852432251,3.06746244430542,1.5751358270645142,3,0,1,0,0.3325324058532715,0,0,0,2,7.701728656956435,7.154024124145508,1.288506031036377,1.2541614770889282,0,0.0,1.3511428833007812,0.49147912590909837,0.3054949994916001,0,0
93,1,110,-2.252906322479248,3.3034255504608154,1.5674073696136475,3,0,1,0,0.18380117416381836,0,0,0,0,6.696574425697325,6.990767955780029,1.3999967575073242,0.6953904628753662,0,0.0,1.375002384185791,0.4999993138724492,0.0029348787907007073,1,0
93,1,110,-2.252906322479248,3.3034255504608154,1.5674073696136475,3,0,1,0,0.18380117416381836,0,0,0,1,7.247440353307805,7.174569129943848,1.3504014015197754,0.8864816427230835,0,0.0,1.3532904386520386,0.49224658050152353,0.27797501138074615,0,1
93,1,110,-2.252906322479248,3.3034255504608154,1.5674073696136475,3,0,1,0,0.18380117416381836,0,0,0,2,7.4746272915844525,7.1574554443359375,1.2893638610839844,1.1332767009735107,0,0.0,1.3509621620178223,0.49141522195591775,0.3050983774399287,0,0
93,1,120,-2.2525928020477295,3.538921356201172,1.5696370601654053,3,0,2,0,0.16352081298828125,0,0,0,0,6.461078619956969,6.989969253540039,1.4000005722045898,0.6949834227561951,0,0.0,1.3750028610229492,0.49999913758027104,0.003072167540549274,1,0
93,1,120,-2.2525928020477295,3.538921356201172,1.5696370601654053,3,0,2,0,0.16352081298828125,0,0,0,1,7.017906070418329,6.98565673828125,1.350071907043457,0.7926844358444214,0,0.0,1.353283166885376,0.4922432827471988,0.2781265049232848,0,0
93,1,120,-2.2525928020477295,3.538921356201172,1.5696370601654053,3,0,2,0,0.16352081298828125,0,0,0,2,7.248824805326203,7.15349006652832,1.28837251663208,1.0123264789581299,0,0.0,1.351047396659851,0.4914450145441945,0.3048878903003573,0,1
93,1,130,-2.2518718242645264,3.7738888263702393,1.5653125047683716,3,0,0,1,0.0,0,0,0,0,6.226111149787902,6.98994255065918,1.399993896484375,0.6949835419654846,0,0.0,1.3750029802322388,0.4999996179170723,0.0021306999462843775,1,1
93,1,130,-2.2518718242645264,3.7738888263702393,1.5653125047683716,3,0,0,1,0.0,0,0,0,1,6.789521288481566,6.842846393585205,1.3504462242126465,0.7205307483673096,0,0.0,1.3533790111541748,0.4922794364206471,0.2771186026030497,0,0
93,1,130,-2.2518718242645264,3.7738888263702393,1.5653125047683716,3,0,0,1,0.0,0,0,0,2,7.024498947634221,6.9621171951293945,1.290778636932373,0.8995014429092407,0,0.0,1.352615237236023,0.49200564000030217,0.3033218724250734,0,0
93,1,140,-2.2505929470062256,4.009073257446289,1.5678446292877197,3,0,0,1,0.0,0,0,0,0,5.990926718711852,6.989990234375,1.4000048637390137,0.6949853897094727,0,0.0,1.375006914138794,0.49999985775436884,0.0011921228818217396,1,1
93,1,140,-2.2505929470062256,4.009073257446289,1.5678446292877197,3,0,0,1,0.0,0,0,0,1,6.561665821222018,6.776874542236328,1.3501372337341309,0.6881628632545471,0,0.0,1.353435754776001,0.49229719623856333,0.27618705244102754,0,0
93,1,140,-2.2505929470062256,4.009073257446289,1.5678446292877197,3,0,0,1,0.0,0,0,0,2,6.561665821222018,6.3025288581848145,1.346649169921875,0.45796602964401245,0,0.0,1.3501907587051392,0.4911381230955895,0.2760897327116353,0,0
93,1,150,-2.250622034072876,4.243162155151367,1.574748158454895,3,0,0,1,0.0,0,0,0,0,5.756837821006774,6.989938735961914,1.4000000953674316,0.6949691772460938,0,0.0,1.3750030994415283,0.4999991464706777,0.0025713900079575793,1,1
93,1,150,-2.250622034072876,4.243162155151367,1.574748158454895,3,0,0,1,0.0,0,0,0,1,6.335735747517811,6.679584503173828,1.3492159843444824,0.6413602232933044,0,0.0,1.3533419370651245,0.49226422851848656,0.27768745953571183,0,0
93,1,150,-2.250622034072876,4.243162155151367,1.574748158454895,3,0,0,1,0.0,0,0,0,2,6.335735747517811,6.49830436706543,1.3492274284362793,0.5506972670555115,0,0.0,1.3524765968322754,0.4919556963731688,0.27653482377578215,0,0
93,1,160,-2.2519211769104004,4.477944374084473,1.573309063911438,3,0,0,1,0.0,0,0,0,0,5.522055602073668,6.989718914031982,1.400001049041748,0.6948572993278503,0,0.0,1.3750026226043701,0.49999864939410144,0.0033901848421046946,1,1
93,1,160,-2.2519211769104004,4.477944374084473,1.573309063911438,3,0,0,1,0.0,0,0,0,1,6.110162418365194,6.661466598510742,1.3490972518920898,0.632538914680481,0,0.0,1.3532764911651611,0.4922403892371527,0.27847486461951293,0,0
93,1,160,-2.2519211769104004,4.477944374084473,1.573309063911438,3,0,0,1,0.0,0,0,0,2,6.110162418365194,6.673447608947754,1.3499407768249512,0.6368421316146851,0,0.0,1.3535889387130737,0.49235218426919747,0.276405623397045,0,0
93,1,170,-2.2510316371917725,4.712076663970947,1.5629805326461792,3,0,0,1,0.0,0,0,0,0,5.287923431396483,6.9894118309021,1.3999810218811035,0.694743812084198,0,0.0,1.374996304512024,0.49999874843535264,0.003341302917677613,1,1
93,1,170,-2.2510316371917725,4.712076663970947,1.5629805326461792,3,0,0,1,0.0,0,0,0,1,5.886437023421291,6.662197113037109,1.350104808807373,0.6308888792991638,0,0.0,1.3534618616104126,0.49230836735020883,0.27793684566866117,0,0
93,1,170,-2.2510316371917725,4.712076663970947,1.5629805326461792,3,0,0,1,0.0,0,0,0,2,5.886437023421291,6.756516933441162,1.3484997749328613,0.6812589764595032,0,0.0,1.3533955812454224,0.4922844112308215,0.2782108583300941,0,0
93,1,180,-2.249074697494507,4.946322917938232,1.5653417110443115,3,0,0,1,0.0,0,0,0,0,5.053677177429198,6.989480495452881,1.3999965190887451,0.694747269153595,0,0.0,1.3750032186508179,0.49999831327604216,0.003620869585840931,1,1
93,1,180,-2.249074697494507,4.946322917938232,1.5653417110443115,3,0,0,1,0.0,0,0,0,1,5.664079595062346,6.668451309204102,1.3497819900512695,0.6346616148948669,0,0.0,1.3535594940185547,0.4923423108078492,0.27709612693398566,0,0
93,1,180,-2.249074697494507,4.946322917938232,1.5653417110443115,3,0,0,1,0.0,0,0,0,2,5.664079595062347,6.767840385437012,1.3483943939208984,0.6871312856674194,0,0.0,1.3533011674880981,0.4922495715696956,0.278734211353877,0,0
93,1,190,-2.247083902359009,5.182115077972412,1.5572664737701416,2,0,0,1,0.0,0,0,0,0,4.817885017395018,6.988402366638184,1.3999321460723877,0.6943368911743164,0,0.0,1.3749734163284302,0.49998814560681154,0.0096475999128667,1,1
93,1,190,-2.247083902359009,5.182115077972412,1.5572664737701416,2,0,0,1,0.0,0,0,0,1,5.442078372101788,6.749159812927246,1.3505818843841553,0.6734161376953125,0,0.0,1.3537715673446655,0.4924159868704966,0.2801225563732154,0,0
93,1,200,-2.243661403656006,5.416998386383057,1.5574463605880737,3,0,0,1,0.0,0,0,0,0,4.583001708984374,6.987824440002441,1.3999109268188477,0.6940904855728149,0,0.0,1.3749529123306274,0.49997806583835036,0.01331239404674874,1,1
93,1,200,-2.243661403656006,5.416998386383057,1.5574463605880737,3,0,0,1,0.0,0,0,0,1,5.223184957967108,6.790414810180664,1.3505585193634033,0.6940904855728149,0,0.0,1.3539713621139526,0.49248524633486973,0.2807196543321237,0,0
93,1,200,-2.243661403656006,5.416998386383057,1.5574463605880737,3,0,0,1,0.0,0,0,0,2,5.506200058004673,6.44055700302124,1.2929811477661133,0.6343161463737488,0,0.0,1.3531445264816284,0.49219037967253104,0.3047468273731702,0,0
93,1,210,-2.242461919784546,5.650057315826416,1.573099970817566,3,0,0,1,0.0,0,0,0,0,4.3499427795410135,6.989085674285889,1.3999695777893066,0.6946036219596863,0,0.0,1.374983310699463,0.49999266597795716,0.008691223256369531,1,1
93,1,210,-2.242461919784546,5.650057315826416,1.573099970817566,3,0,0,1,0.0,0,0,0,1,5.0087795330668685,6.7832932472229,1.3485214710235596,0.6946036219596863,0,0.0,1.3538765907287598,0.4924551720691666,0.27735038051914285,0,0
93,1,210,-2.242461919784546,5.650057315826416,1.573099970817566,3,0,0,1,0.0,0,0,0,2,5.295158818642916,6.440995693206787,1.2810218334197998,0.6584541201591492,0,0.0,1.353532075881958,0.49233173428302945,0.2999814393887611,0,0
93,1,220,-2.2463583946228027,5.884787559509277,1.5959542989730835,3,0,0,1,0.0,0,0,0,0,4.115212535858152,6.966379642486572,1.3997950553894043,0.6835997700691223,0,0.0,1.374969482421875,0.49998759448898217,0.010629806797614435,1,1
93,1,220,-2.2463583946228027,5.884787559509277,1.5959542989730835,3,0,0,1,0.0,0,0,0,1,4.796411922409968,6.746452808380127,1.344813346862793,0.6835997700691223,0,0.0,1.353318452835083,0.49225558870022323,0.28477946718300984,0,0
93,1,220,-2.2463583946228027,5.884787559509277,1.5959542989730835,3,0,0,1,0.0,0,0,0,2,4.796411922409968,6.768979549407959,1.350445032119751,0.6835997700691223,0,0.0,1.3534921407699585,0.4923177989038444,0.28418091170330595,0,0
93,1,230,-2.252206802368164,6.12040901184082,1.5926361083984375,3,0,0,1,0.0,0,0,0,0,3.879591083526609,7.153696060180664,1.3998239040374756,0.7772002816200256,0,0.0,1.3749476671218872,0.49997811758598715,0.013004675809977786,1,1
93,1,230,-2.252206802368164,6.12040901184082,1.5926361083984375,3,0,0,1,0.0,0,0,0,1,4.587913474387901,6.931279182434082,1.34421968460083,0.7772002816200256,0,0.0,1.3529633283615112,0.4921264411307792,0.28811425544163,0,0
93,1,230,-2.252206802368164,6.12040901184082,1.5926361083984375,3,0,0,1,0.0,0,0,0,2,4.587913474387902,6.906628608703613,1.3501660823822021,0.7529820203781128,0,0.0,1.3538099527359009,0.4924284201206369,0.28287445878395545,0,0
93,1,240,-2.2561416625976562,6.354998588562012,1.5811480283737183,3,0,0,1,0.0,0,0,0,0,3.645001506805418,7.387213706970215,1.399928331375122,0.8937501311302185,0,0.0,1.37496018409729,0.499983180877187,0.011821424062057275,1,1
93,1,240,-2.2561416625976562,6.354998588562012,1.5811480283737183,3,0,0,1,0.0,0,0,0,1,4.386469770934762,7.166790008544922,1.3448224067687988,0.8937501311302185,0,0.0,1.3528704643249512,0.4920931201954942,0.28681173794188697,0,0
93,1,240,-2.2561416625976562,6.354998588562012,1.5811480283737183,3,0,0,1,0.0,0,0,0,2,4.386469770934762,7.058803558349609,1.348634958267212,0.8321319818496704,0,0.0,1.3539302349090576,0.4924716876761489,0.27984682559416474,0,0
93,1,250,-2.256509780883789,6.589280605316162,1.565518856048584,3,0,0,1,0.0,0,0,0,0,3.4107194900512674,7.589454650878906,1.3999767303466797,0.994773805141449,0,0.0,1.3749933242797852,0.4999961878532013,0.006703926331810965,1,1
93,1,250,-2.256509780883789,6.589280605316162,1.565518856048584,3,0,0,1,0.0,0,0,0,1,4.193511593912247,7.2542009353637695,1.3461964130401611,0.9347076416015625,0,0.0,1.3530737161636353,0.4921684688019143,0.28165894813258435,0,0
93,1,250,-2.256509780883789,6.589280605316162,1.565518856048584,3,0,0,1,0.0,0,0,0,2,4.193511593912248,7.205874919891357,1.3459489345550537,0.9110395908355713,0,0.0,1.3537808656692505,0.49242088509667425,0.27673174652135196,0,0
93,1,260,-2.2534217834472656,6.823507785797119,1.5534334182739258,3,0,0,1,0.0,0,0,0,0,3.1764923095703104,7.588738441467285,1.3998926877975464,0.9945839643478394,0,0.0,1.3749871253967285,0.49999502194920736,0.00702030594066303,1,1
93,1,260,-2.2534217834472656,6.823507785797119,1.5534334182739258,3,0,0,1,0.0,0,0,0,1,4.011830754676432,7.161079406738281,1.3472881317138672,0.885963499546051,0,0.0,1.3534246683120728,0.49229381483568796,0.2813951083295155,0,0
93,1,260,-2.2534217834472656,6.823507785797119,1.5534334182739258,3,0,0,1,0.0,0,0,0,2,4.0248868775453435,7.276334762573242,1.3493046760559082,0.9395580887794495,0,0.0,1.353727102279663,0.49240191458084465,0.2723673551930215,0,0
93,1,270,-2.249819040298462,7.05846643447876,1.557436227798462,3,0,0,1,0.0,0,0,0,0,2.9415336608886697,7.588733196258545,1.3999289274215698,0.9945087432861328,0,0.0,1.3749858140945435,0.4999938814926071,0.006921471197833958,1,1
93,1,270,-2.249819040298462,7.05846643447876,1.557436227798462,3,0,0,1,0.0,0,0,0,1,3.8452382603420885,7.069679260253906,1.346081018447876,0.8426775336265564,0,0.0,1.3536014556884766,0.492357287200467,0.27989447362918585,0,0
93,1,270,-2.249819040298462,7.05846643447876,1.557436227798462,3,0,0,1,0.0,0,0,0,2,3.845238260342089,7.0512614250183105,1.3419901132583618,0.8416504263877869,0,0.0,1.3532366752624512,0.4922265116755972,0.28207254386036035,0,0
93,1,280,-2.2472522258758545,7.294299602508545,1.5620344877243042,3,0,0,1,0.0,0,0,0,0,2.7057004928588846,7.588797569274902,1.3999533653259277,0.9944920539855957,0,0.0,1.3749815225601196,0.4999935564440728,0.0070872963711481685,1,1
93,1,280,-2.2472522258758545,7.294299602508545,1.5620344877243042,3,0,0,1,0.0,0,0,0,1,3.700038142723985,7.070291519165039,1.3442699909210205,0.8466058969497681,0,0.0,1.3537054061889648,0.492393729504263,0.2785070961062926,0,0
93,1,280,-2.2472522258758545,7.294299602508545,1.5620344877243042,3,0,0,1,0.0,0,0,0,2,3.7000381427239852,6.99265718460083,1.3408241271972656,0.814680278301239,0,0.0,1.3531365394592285,0.49218949985738064,0.2821762075134844,0,0
94,0,0,-2.25,1.0,1.5707963267948966,3,0,0,1,0.0,0,0,0,0,9.0,7.150001525878906,1.2875003814697266,1.8949999809265137,0,0.0,1.2850003242492676,0.45982142857142855,0.0,1,1
94,0,0,-2.25,1.0,1.5707963267948966,3,0,0,1,0.0,0,0,0,1,9.513236186146589,6.992805480957031,1.2482013702392578,1.6120399236679077,0,0.0,1.2636055946350098,0.45218076037786004,0.2523747889156115,0,0
94,0,0,-2.25,1.0,1.5707963267948966,3,0,0,1,0.0,0,0,0,2,9.513236186146589,6.992805480957031,1.2482013702392578,1.6120399236679077,0,0.0,1.2636055946350098,0.45218076037786004,0.25237478891561166,0,0
94,0,10,-2.24971604347229,1.0588933229446411,1.5600006580352783,3,0,0,1,0.0,0,0,0,0,8.95,7.434638977050781,1.3586597442626953,1.8946539163589478,0,0.0,1.3468140363693237,0.48524157470932977,0.005436673157160462,1,1
94,0,10,-2.24971604347229,1.0588933229446411,1.5600006580352783,3,0,0,1,0.0,0,0,0,1,9.463793281809847,7.256681442260742,1.3141703605651855,1.5893465280532837,0,0.0,1.3259907960891724,0.47780505995307937,0.2720963136529696,0,0
94,0,10,-2.24971604347229,1.0588933229446411,1.5600006580352783,3,0,0,1,0.0,0,0,0,2,9.463793281809847,7.249261856079102,1.3123154640197754,1.5643153190612793,0,0.0,1.325730562210083,0.4777120918342269,0.27367086333589363,0,0
94,0,20,-2.247821569442749,1.2029353380203247,1.558211326599121,3,0,0,1,0.0,0,0,0,0,8.799999999999999,7.576711654663086,1.3941779136657715,1.894214391708374,0,0.0,1.3733423948287964,0.4979296904460166,0.008401859385953914,1,1
94,0,20,-2.247821569442749,1.2029353380203247,1.558211326599121,3,0,0,1,0.0,0,0,0,1,9.31551287810118,7.387989044189453,1.3469972610473633,1.589424967765808,0,0.0,1.3522498607635498,0.49039635911702245,0.27874173604351304,0,0
94,0,20,-2.247821569442749,1.2029353380203247,1.558211326599121,3,0,0,1,0.0,0,0,0,2,9.31551287810118,7.376941680908203,1.3442354202270508,1.5643774271011353,0,0.0,1.351653814315796,0.4901838182900988,0.28255246952990365,0,0
94,0,30,-2.2460148334503174,1.4257149696350098,1.5659418106079102,3,0,0,1,0.0,0,0,0,0,8.549999999999999,7.599924087524414,1.3999810218811035,1.8943047523498535,0,0.0,1.374985933303833,0.4999946812268128,0.006739646071945936,1,1
94,0,30,-2.2460148334503174,1.4257149696350098,1.5659418106079102,3,0,0,1,0.0,0,0,0,1,9.0685506996768,7.414669036865234,1.3536672592163086,1.5884424448013306,0,0.0,1.3535778522491455,0.4923481472010939,0.2737558781658495,0,0
94,0,30,-2.2460148334503174,1.4257149696350098,1.5659418106079102,3,0,0,1,0.0,0,0,0,2,9.0685506996768,7.409019470214844,1.352254867553711,1.5644583702087402,0,0.0,1.3529798984527588,0.49213458861251513,0.27753477698855045,0,0
94,0,40,-2.246206521987915,1.6611300706863403,1.5760709047317505,3,0,0,1,0.0,0,0,0,0,8.349999999999998,7.599939346313477,1.3999848365783691,1.8947807550430298,0,0.0,1.3749971389770508,0.49999904259266076,0.0034517630342812936,1,1
94,0,40,-2.246206521987915,1.6611300706863403,1.5760709047317505,3,0,0,1,0.0,0,0,0,1,8.871149842504158,7.3942108154296875,1.3485527038574219,1.5646905899047852,0,0.0,1.3528443574905396,0.49208724809087734,0.2781259059307222,0,0
94,0,40,-2.246206521987915,1.6611300706863403,1.5760709047317505,3,0,0,1,0.0,0,0,0,2,8.871149842504158,7.396732330322266,1.3491830825805664,1.564901351928711,0,0.0,1.3524810075759888,0.49195727700191627,0.2808163787840075,0,0
94,0,50,-2.2478456497192383,1.8969690799713135,1.5802242755889893,3,0,0,1,0.0,0,0,0,0,8.099999999999998,7.5998992919921875,1.3999748229980469,1.8947962522506714,0,0.0,1.3749980926513672,0.49999865419197687,0.0038057403828311576,1,1
94,0,50,-2.2478456497192383,1.8969690799713135,1.5802242755889893,3,0,0,1,0.0,0,0,0,1,8.624633442061722,7.394758224487305,1.3486895561218262,1.5647071599960327,0,0.0,1.3520660400390625,0.49180957016261584,0.2786797983057415,0,0
94,0,50,-2.2478456497192383,1.8969690799713135,1.5802242755889893,3,0,0,1,0.0,0,0,0,2,8.624633442061722,7.401256561279297,1.3503141403198242,1.5884149074554443,0,0.0,1.352059006690979,0.4918069632545116,0.27886968767341874,0,0
94,0,60,-2.250760078430176,2.1319167613983154,1.5821080207824707,3,0,0,1,0.0,0,0,0,0,7.849999999999999,7.599843978881836,1.399960994720459,1.894347071647644,0,0.0,1.374987244606018,0.49999471572936194,0.006350664937952555,1,1
94,0,60,-2.250760078430176,2.1319167613983154,1.5821080207824707,3,0,0,1,0.0,0,0,0,1,8.378408067339434,7.40315055847168,1.35078763961792,1.56455397605896,0,0.0,1.3528530597686768,0.4920896819710328,0.2786665218552338,0,0
94,0,60,-2.250760078430176,2.1319167613983154,1.5821080207824707,3,0,0,1,0.0,0,0,0,2,8.378408067339434,7.412445068359375,1.3531112670898438,1.588513731956482,0,0.0,1.3532387018203735,0.492227168725741,0.2763942743189298,0,0
94,0,70,-2.2523112297058105,2.36670184135437,1.5738880634307861,3,0,0,1,0.0,0,0,0,0,7.649999999999999,7.599958419799805,1.3999896049499512,1.8113679885864258,0,0.0,1.3749923706054688,0.49999793337258663,0.004174772097403857,1,1
94,0,70,-2.2523112297058105,2.36670184135437,1.5738880634307861,3,0,0,1,0.0,0,0,0,1,8.181662445769591,7.388795852661133,1.3471989631652832,1.5646535158157349,0,0.0,1.3521037101745605,0.4918222645547862,0.28218859872557944,0,0
94,0,70,-2.2523112297058105,2.36670184135437,1.5738880634307861,3,0,0,1,0.0,0,0,0,2,8.181662445769591,7.392778396606445,1.3481945991516113,1.5646730661392212,0,0.0,1.352498173713684,0.49196306471009926,0.2798185544817573,0,0
94,0,80,-2.252394437789917,2.602473020553589,1.5669862031936646,3,0,0,1,0.0,0,0,0,0,7.399999999999999,7.599966049194336,1.399991512298584,1.595182180404663,0,0.0,1.374997615814209,0.4999996510103773,0.002128323340533012,1,1
94,0,80,-2.252394437789917,2.602473020553589,1.5669862031936646,3,0,0,1,0.0,0,0,0,1,7.936060486759423,7.401012420654297,1.3502531051635742,1.564748764038086,0,0.0,1.353093147277832,0.4921756955967775,0.27722279001770506,0,0
94,0,80,-2.252394437789917,2.602473020553589,1.5669862031936646,3,0,0,1,0.0,0,0,0,2,7.936060486759423,7.399168014526367,1.3497920036315918,1.5647468566894531,0,0.0,1.3533076047897339,0.4922520207564577,0.2758291202636001,0,0
94,0,90,-2.250309705734253,2.837897777557373,1.56059730052948,3,0,0,1,0.0,0,0,0,0,7.16210222840309,7.599880218505859,1.3999700546264648,1.3580695390701294,0,0.0,1.374992847442627,0.4999968908250177,0.004997788580051442,1,1
94,0,90,-2.250309705734253,2.837897777557373,1.56059730052948,3,0,0,1,0.0,0,0,0,1,7.7027320783389275,7.398813247680664,1.349703311920166,1.4229516983032227,0,0.0,1.3519539833068848,0.49176861203462124,0.28011049182435427,0,0
94,0,90,-2.250309705734253,2.837897777557373,1.56059730052948,3,0,0,1,0.0,0,0,0,2,7.7027320783389275,7.390417098999023,1.3476042747497559,1.498512864112854,0,0.0,1.3517035245895386,0.4916794527148207,0.281467097690249,0,0
94,0,100,-2.2479424476623535,3.0726754665374756,1.563402533531189,3,0,0,1,0.0,0,0,0,0,6.927324539422988,7.599908828735352,1.399977207183838,1.1489760875701904,0,0.0,1.3749874830245972,0.49999560944708005,0.005917453446973761,1,1
94,0,100,-2.2479424476623535,3.0726754665374756,1.563402533531189,3,0,0,1,0.0,0,0,0,1,7.472882866443333,7.405080795288086,1.3512701988220215,1.2035822868347168,0,0.0,1.3536494970321655,0.49237445689278847,0.2780400512832915,0,0
94,0,100,-2.2479424476623535,3.0726754665374756,1.563402533531189,3,0,0,1,0.0,0,0,0,2,7.472882866443333,7.397687911987305,1.3494219779968262,1.2952560186386108,0,0.0,1.3531973361968994,0.4922125249547365,0.2809925822926179,0,0
94,0,110,-2.247680187225342,3.308375597000122,1.5710229873657227,3,0,0,1,0.0,0,0,0,0,6.691624379158019,7.492959976196289,1.399998664855957,0.9464825391769409,0,0.0,1.3749995231628418,0.49999912023758775,0.0029549760600810332,1,1
94,0,110,-2.247680187225342,3.308375597000122,1.5710229873657227,3,0,0,1,0.0,0,0,0,1,7.242609683104428,7.395129680633545,1.350390911102295,0.9967830181121826,0,0.0,1.353574275970459,0.49234835469463656,0.2760258386066029,0,0
94,0,110,-2.247680187225342,3.308375597000122,1.5710229873657227,3,0,0,1,0.0,0,0,0,2,7.242609683104428,7.4004364013671875,1.3501091003417969,1.1271342039108276,0,0.0,1.353285312652588,0.492245165996621,0.2780166232165057,0,0
94,0,120,-2.2473080158233643,3.543097496032715,1.5677813291549683,3,0,2,0,0.2584238052368164,0,0,0,0,6.456902480125426,7.0699920654296875,1.399996280670166,0.7350035309791565,0,0.0,1.3749985694885254,0.4999974666093749,0.004653084878659607,1,0
94,0,120,-2.2473080158233643,3.543097496032715,1.5677813291549683,3,0,2,0,0.2584238052368164,0,0,0,1,7.013841112127244,6.955401420593262,1.350642204284668,0.7764163017272949,0,0.0,1.3536378145217896,0.4923701153463828,0.2769042488978467,0,0
94,0,120,-2.2473080158233643,3.543097496032715,1.5677813291549683,3,0,2,0,0.2584238052368164,0,0,0,2,7.013841112127244,7.328415870666504,1.3496127128601074,0.9649824500083923,0,0.0,1.3532191514968872,0.49222037728075435,0.27971386215798405,0,1
94,0,130,-2.245724678039551,3.77754282951355,1.5611954927444458,3,0,2,0,0.416104793548584,0,0,0,0,6.222457146644591,6.7351155281066895,1.3999528884887695,0.5676519274711609,0,0.0,1.374971866607666,0.49998915636820307,0.009296196984279609,1,0
94,0,130,-2.245724678039551,3.77754282951355,1.5611954927444458,3,0,2,0,0.416104793548584,0,0,0,1,6.7859751888546835,7.094768047332764,1.3486275672912598,0.8501288294792175,0,0.0,1.353015422821045,0.49214640503530926,0.28433676052336837,0,0
94,0,130,-2.245724678039551,3.77754282951355,1.5611954927444458,3,0,2,0,0.416104793548584,0,0,0,2,7.021018839737794,7.151220321655273,1.2878050804138184,1.044249176979065,0,0.0,1.3528404235839844,0.49208446006059364,0.3039475650278455,0,1
94,0,140,-2.2426764965057373,4.011551380157471,1.556583046913147,3,0,2,0,0.6085109710693359,0,0,0,0,5.98844859600067,6.5131120681762695,1.3998994827270508,0.4567570984363556,0,0.0,1.3749414682388306,0.49997290712694004,0.014870700610142699,1,0
94,0,140,-2.2426764965057373,4.011551380157471,1.556583046913147,3,0,2,0,0.6085109710693359,0,0,0,1,6.55926930400665,6.837139129638672,1.347701072692871,0.7231675386428833,0,0.0,1.3527235984802246,0.4920388536001138,0.28984340041486395,0,0
94,0,140,-2.2426764965057373,4.011551380157471,1.556583046913147,3,0,2,0,0.6085109710693359,0,0,0,2,6.798738281887873,7.1216230392456055,1.2859382629394531,0.988935112953186,0,0.0,1.3527064323425293,0.4920338045132023,0.30602958816779485,0,1
94,0,150,-2.2390806674957275,4.246691703796387,1.5539950132369995,3,0,2,0,0.42893171310424805,0,0,0,0,5.753308272361754,6.439157009124756,1.3998222351074219,0.41993412375450134,0,0.0,1.3748859167099,0.49995071006100106,0.02032099324683087,1,0
94,0,150,-2.2390806674957275,4.246691703796387,1.5539950132369995,3,0,2,0,0.42893171310424805,0,0,0,1,6.332336585545732,6.603027820587158,1.3469161987304688,0.6076815724372864,0,0.0,1.3524136543273926,0.4919243447924283,0.2951928821128564,0,0
94,0,150,-2.2390806674957275,4.246691703796387,1.5539950132369995,3,0,2,0,0.42893171310424805,0,0,0,2,6.576682737301068,6.868088722229004,1.2843623161315918,0.8653196096420288,0,0.0,1.3524701595306396,0.49194455073994015,0.30851605180985525,0,1
94,0,160,-2.2353177070617676,4.482964515686035,1.5543588399887085,2,0,0,1,0.0,0,0,0,0,5.517035460472106,6.426295757293701,1.3966889381408691,0.4197700321674347,0,0.0,1.371762990951538,0.49883099935556435,0.02480634602366271,1,1
94,0,160,-2.2353177070617676,4.482964515686035,1.5543588399887085,2,0,0,1,0.0,0,0,0,1,6.1053517946355775,6.412918567657471,1.346426010131836,0.5136072635650635,0,0.0,1.3521332740783691,0.49182049619813867,0.2995609378080504,0,0
94,0,170,-2.2327425479888916,4.717435359954834,1.567214012145996,3,0,2,0,0.1024942398071289,0,0,0,0,5.282564735412596,6.276226997375488,1.3717682361602783,0.3945770561695099,0,0.0,1.3468226194381714,0.4899265183733245,0.02318669487847212,1,0
94,0,170,-2.2327425479888916,4.717435359954834,1.567214012145996,3,0,2,0,0.1024942398071289,0,0,0,1,5.881332695996461,6.25088357925415,1.3474924564361572,0.43045687675476074,0,0.0,1.352168321609497,0.4918357706590757,0.29787196957898093,0,0
94,0,170,-2.2327425479888916,4.717435359954834,1.567214012145996,3,0,2,0,0.1024942398071289,0,0,0,2,6.1369868825303975,6.378721237182617,1.2844178676605225,0.6205247640609741,0,0.0,1.351568579673767,0.4916222080435476,0.3143927621148269,0,1
94,0,180,-2.232212543487549,4.952198505401611,1.569088101387024,3,0,1,0,0.0036211013793945312,0,0,0,0,5.047801589965819,6.164247512817383,1.343862533569336,0.39439868927001953,0,0.0,1.3189212083816528,0.4799621040465273,0.02309599501037837,1,0
94,0,180,-2.232212543487549,4.952198505401611,1.569088101387024,3,0,1,0,0.0036211013793945312,0,0,0,1,5.658523863862831,6.167868614196777,1.347377061843872,0.38918012380599976,0,0.0,1.3521236181259155,0.49182040045068565,0.29780370110905935,0,1
94,0,180,-2.232212543487549,4.952198505401611,1.569088101387024,3,0,1,0,0.0036211013793945312,0,0,0,2,5.736578169071059,5.665539741516113,1.274637222290039,0.28349536657333374,0,0.0,1.2580829858779907,0.4582342269175796,0.22660173298052572,0,0
94,0,190,-2.23160982131958,5.185337543487549,1.56749427318573,3,0,0,1,0.0,0,0,0,0,4.814662551879882,6.092612266540527,1.3259048461914062,0.3944963216781616,0,0.0,1.300965666770935,0.47354830329560177,0.02431595491417792,1,1
94,0,190,-2.23160982131958,5.185337543487549,1.56749427318573,3,0,0,1,0.0,0,0,0,1,5.439058938030289,5.263786792755127,1.1699607372283936,0.2919718325138092,0,0.0,1.161603331565857,0.42377616044391525,0.2577838328571072,0,0
94,0,190,-2.23160982131958,5.185337543487549,1.56749427318573,3,0,0,1,0.0,0,0,0,2,5.439058938030289,6.034605979919434,1.329709529876709,0.35788390040397644,0,0.0,1.3338091373443604,0.48527797580123294,0.29438448780477355,0,0
94,0,200,-2.232257843017578,5.419961929321289,1.5750880241394043,3,0,0,1,0.0,0,0,0,0,4.580038166046141,6.085497856140137,1.3241684436798096,0.39441192150115967,0,0.0,1.299239158630371,0.4729357057094518,0.020526825205011645,1,1
94,0,200,-2.232257843017578,5.419961929321289,1.5750880241394043,3,0,0,1,0.0,0,0,0,1,5.220439801075596,5.876277923583984,1.302868127822876,0.3324027955532074,0,0.0,1.3034878969192505,0.47445315088999396,0.2837705121283626,0,0
94,0,200,-2.232257843017578,5.419961929321289,1.5750880241394043,3,0,0,1,0.0,0,0,0,2,5.301075130375553,5.130212306976318,1.117232322692871,0.3306414783000946,0,0.0,1.1149239540100098,0.40710859534136806,0.2614705388483937,0,0
94,0,210,-2.2328097820281982,5.6525774002075195,1.573072910308838,3,0,0,1,0.0,0,0,0,0,4.34742269515991,6.103647232055664,1.3289546966552734,0.39391428232192993,0,0.0,1.3040128946304321,0.4746396321581599,0.020552210325284058,1,1
94,0,210,-2.2328097820281982,5.6525774002075195,1.573072910308838,3,0,0,1,0.0,0,0,0,1,5.006478888900339,5.8217573165893555,1.2584822177886963,0.39391428232192993,0,0.0,1.2557340860366821,0.45739828281739775,0.2599287844969733,0,0
94,0,210,-2.2328097820281982,5.6525774002075195,1.573072910308838,3,0,0,1,0.0,0,0,0,2,5.006478888900339,5.818709373474121,1.2887940406799316,0.33176660537719727,0,0.0,1.2878414392471313,0.46886431716916216,0.28096115119365944,0,0
94,0,220,-2.2329928874969482,5.887423515319824,1.57406485080719,3,0,0,1,0.0,0,0,0,0,4.112576580047605,6.157384872436523,1.3443870544433594,0.3899182975292206,0,0.0,1.3198243379592896,0.48015244595558254,0.01995590820558547,1,1
94,0,220,-2.2329928874969482,5.887423515319824,1.57406485080719,3,0,0,1,0.0,0,0,0,1,4.794051156654939,5.9046854972839355,1.2977783679962158,0.3567860424518585,0,0.0,1.2979528903961182,0.4723416676715904,0.2837996691803749,0,0
94,0,220,-2.2329928874969482,5.887423515319824,1.57406485080719,3,0,0,1,0.0,0,0,0,2,4.881648032300445,5.865418910980225,1.2681148052215576,0.39647990465164185,0,0.0,1.2916842699050903,0.47010237930636123,0.2885504809840945,0,0
94,0,230,-2.2332966327667236,6.12076473236084,1.5681401491165161,3,0,1,0,0.08472108840942383,0,0,0,0,3.8792353630065897,6.000455856323242,1.3733603954315186,0.25350716710090637,0,0.0,1.3499919176101685,0.4904938512930935,0.021781041579827083,1,0
94,0,230,-2.2332966327667236,6.12076473236084,1.5681401491165161,3,0,1,0,0.08472108840942383,0,0,0,1,4.587602932162783,6.085176944732666,1.32275390625,0.397080659866333,0,0.0,1.3280749320983887,0.48266656143847386,0.29177689278316776,0,1
94,0,230,-2.2332966327667236,6.12076473236084,1.5681401491165161,3,0,1,0,0.08472108840942383,0,0,0,2,4.719048591268518,5.309974670410156,1.2424657344818115,0.17005586624145508,0,0.0,1.3055304288864136,0.4746143449696943,0.2975738957223735,0,0
94,0,240,-2.2319209575653076,6.349142074584961,1.5617663860321045,3,0,1,0,0.2292623519897461,0,0,0,0,3.6508580207824686,5.9570817947387695,1.3526172637939453,0.2733062505722046,0,0.0,1.3288390636444092,0.4830874785341472,0.026138710951886527,1,0
94,0,240,-2.2319209575653076,6.349142074584961,1.5617663860321045,3,0,1,0,0.2292623519897461,0,0,0,1,4.39140889537198,6.186344146728516,1.3412494659423828,0.4106731414794922,0,0.0,1.3501455783843994,0.4906968914237293,0.29978927460954125,0,1
94,0,240,-2.2319209575653076,6.349142074584961,1.5617663860321045,3,0,1,0,0.2292623519897461,0,0,0,2,4.514043726491455,4.7242865562438965,1.1656231880187988,0.03089684620499611,0,0.0,1.25295889377594,0.4558290836034794,0.3116807748973871,0,0
94,0,250,-2.228908061981201,6.585880756378174,1.5617506504058838,3,0,1,0,0.36013126373291016,0,0,0,0,3.4141193389892557,5.635694980621338,1.272409200668335,0.27302905917167664,0,0.0,1.2474898099899292,0.4544438941638716,0.029983433691761482,1,0
94,0,250,-2.228908061981201,6.585880756378174,1.5617506504058838,3,0,1,0,0.36013126373291016,0,0,0,1,4.196240085223583,5.995826244354248,1.3398444652557373,0.3182242810726166,0,0.0,1.3486851453781128,0.49058500375630626,0.30402962477148154,0,1
94,0,250,-2.228908061981201,6.585880756378174,1.5617506504058838,3,0,1,0,0.36013126373291016,0,0,0,2,4.487748727998559,-16.12447738647461,1.0023508071899414,-0.06693984568119049,1,0.0,1.1399327516555786,0.41472881686382224,0.40089828300576674,0,0
94,0,260,-2.228489637374878,6.8199920654296875,1.5735756158828735,3,0,2,0,0.715817928314209,0,0,0,0,3.180008029937742,5.176889896392822,1.1702306270599365,0.2479836791753769,0,0.0,1.1453118324279785,0.4179561418700472,0.025811607738457604,1,0
94,0,260,-2.228489637374878,6.8199920654296875,1.5735756158828735,3,0,2,0,0.715817928314209,0,0,0,1,4.014455484474455,5.5012030601501465,1.2490766048431396,0.25244835019111633,0,0.0,1.251094102859497,0.4557363491689842,0.2796051282594647,0,0
94,0,260,-2.228489637374878,6.8199920654296875,1.5735756158828735,3,0,2,0,0.715817928314209,0,0,0,2,4.36094050932513,5.892707824707031,1.2643104791641235,0.417732834815979,0,0.0,1.351019024848938,0.491423235804504,0.31815348728874326,0,1
94,0,270,-2.2302937507629395,7.054333686828613,1.5893176794052124,3,0,2,0,0.9359984397888184,0,0,0,0,2.9456664085388162,4.751997470855713,1.0640480518341064,0.24790267646312714,0,0.0,1.0391994714736938,0.3800666428019502,0.018898913201784173,1,0
94,0,270,-2.2302937507629395,7.054333686828613,1.5893176794052124,3,0,2,0,0.9359984397888184,0,0,0,1,3.8480006560612354,4.955880165100098,1.1201351881027222,0.23766961693763733,0,0.0,1.110595941543579,0.40556597608015515,0.2368112667717671,0,0
94,0,270,-2.2302937507629395,7.054333686828613,1.5893176794052124,3,0,2,0,0.9359984397888184,0,0,0,2,4.207674248372039,5.687995910644531,1.2632455825805664,0.31750690937042236,0,0.0,1.350785732269287,0.4913482477672889,0.3179721517964392,0,1
94,0,280,-2.2386386394500732,7.289093017578125,1.617844820022583,3,0,2,0,0.9198918342590332,0,0,0,0,2.7109070777893045,4.312384128570557,0.9667809009552002,0.22263018786907196,0,0.0,0.9422444701194763,0.3454424929413015,0.017799974551786307,1,0
94,0,280,-2.2386386394500732,7.289093017578125,1.617844820022583,3,0,2,0,0.9198918342590332,0,0,0,1,3.7029498211686263,4.322282314300537,0.9883584976196289,0.18442408740520477,0,0.0,0.9690647125244141,0.3550217946810246,0.18693844399716583,0,0
94,0,280,-2.2386386394500732,7.289093017578125,1.617844820022583,3,0,2,0,0.9198918342590332,0,0,0,2,4.073419901879772,5.23227596282959,1.1898889541625977,0.236360102891922,0,0.0,1.2664507627487183,0.4612315445810388,0.31096225451874177,0,1
94,1,0,-2.25,1.0,1.5707963267948966,3,0,0,1,0.0,0,0,0,0,9.0,7.150001525878906,1.2875003814697266,1.8949999809265137,0,0.0,1.2850003242492676,0.45982142857142855,0.0,1,1
94,1,0,-2.25,1.0,1.5707963267948966,3,0,0,1,0.0,0,0,0,1,9.513236186146589,6.992805480957031,1.2482013702392578,1.6120399236679077,0,0.0,1.2636055946350098,0.45218076037786004,0.2523747889156115,0,0
94,1,0,-2.25,1.0,1.5707963267948966,3,0,0,1,0.0,0,0,0,2,9.513236186146589,6.992805480957031,1.2482013702392578,1.6120399236679077,0,0.0,1.2636055946350098,0.45218076037786004,0.25237478891561166,0,0
94,1,10,-2.250591278076172,1.053576111793518,1.5873806476593018,3,0,0,1,0.0,0,0,0,0,8.95,7.414575576782227,1.3536438941955566,1.869964361190796,0,0.0,1.3426522016525269,0.483459009075112,0.008363217566113535,1,1
94,1,10,-2.250591278076172,1.053576111793518,1.5873806476593018,3,0,0,1,0.0,0,0,0,1,9.463793281809847,7.233602523803711,1.3084006309509277,1.5634506940841675,0,0.0,1.3220634460449219,0.47610559814381465,0.2745394324794993,0,0
94,1,10,-2.250591278076172,1.053576111793518,1.5873806476593018,3,0,0,1,0.0,0,0,0,2,9.463793281809847,7.244607925415039,1.3111519813537598,1.588507056236267,0,0.0,1.322458267211914,0.47624671710387195,0.2721000494104119,0,0
94,1,20,-2.2535202503204346,1.19688081741333,1.5909217596054077,3,0,0,1,0.0,0,0,0,0,8.799999999999999,7.577840805053711,1.3944602012634277,1.8698365688323975,0,0.0,1.373488426208496,0.49804351910991745,0.013399929919034225,1,1
94,1,20,-2.2535202503204346,1.19688081741333,1.5909217596054077,3,0,0,1,0.0,0,0,0,1,9.31551287810118,7.37835693359375,1.3445892333984375,1.5642735958099365,0,0.0,1.3519752025604248,0.4903602374777711,0.28567044395690555,0,0
94,1,20,-2.2535202503204346,1.19688081741333,1.5909217596054077,3,0,0,1,0.0,0,0,0,2,9.31551287810118,7.395809173583984,1.348952293395996,1.5893524885177612,0,0.0,1.3529138565063477,0.49069571133768225,0.2796028153236298,0,0
94,1,30,-2.256821393966675,1.4221271276474,1.5808827877044678,3,0,0,1,0.0,0,0,0,0,8.599999999999998,7.599733352661133,1.3999333381652832,1.8936327695846558,0,0.0,1.3749544620513916,0.4999807491653266,0.012869715217138302,1,1
94,1,30,-2.256821393966675,1.4221271276474,1.5808827877044678,3,0,0,1,0.0,0,0,0,1,9.117925063475388,7.38197135925293,1.3454928398132324,1.5399121046066284,0,0.0,1.3512688875198364,0.4915209016906922,0.2923729178732534,0,0
94,1,30,-2.256821393966675,1.4221271276474,1.5808827877044678,3,0,0,1,0.0,0,0,0,2,9.117925063475388,7.394426345825195,1.3486065864562988,1.5649731159210205,0,0.0,1.352482795715332,0.4919545989775849,0.28517651877089795,0,0
94,1,40,-2.258023977279663,1.656813144683838,1.5712413787841797,3,0,0,1,0.0,0,0,0,0,8.349999999999998,7.599851608276367,1.3999629020690918,1.8939846754074097,0,0.0,1.3749762773513794,0.49998938911991536,0.010106418022902875,1,1
94,1,40,-2.258023977279663,1.656813144683838,1.5712413787841797,3,0,0,1,0.0,0,0,0,1,8.871149842504158,7.396089553833008,1.349022388458252,1.5645508766174316,0,0.0,1.3523591756820679,0.49191179352082565,0.2864864262333747,0,0
94,1,40,-2.258023977279663,1.656813144683838,1.5712413787841797,3,0,0,1,0.0,0,0,0,2,8.871149842504158,7.400884628295898,1.3502211570739746,1.564829707145691,0,0.0,1.353437900543213,0.49229731119435954,0.2797031687667449,0,0
94,1,50,-2.2566754817962646,1.8915538787841797,1.5589298009872437,3,0,0,1,0.0,0,0,0,0,8.099999999999998,7.599756240844727,1.3999390602111816,1.8947120904922485,0,0.0,1.374991774559021,0.49999709188678076,0.006155571252438816,1,1
94,1,50,-2.2566754817962646,1.8915538787841797,1.5589298009872437,3,0,0,1,0.0,0,0,0,1,8.624633442061722,7.4041748046875,1.351043701171875,1.5894683599472046,0,0.0,1.3521665334701538,0.49184513896623067,0.27997174646081346,0,0
94,1,50,-2.2566754817962646,1.8915538787841797,1.5589298009872437,3,0,0,1,0.0,0,0,0,2,8.624633442061722,7.398502349853516,1.349625587463379,1.5646519660949707,0,0.0,1.3527090549468994,0.492038892723109,0.27636027662583507,0,0
94,1,60,-2.252779960632324,2.127171754837036,1.5526738166809082,3,0,0,1,0.0,0,0,0,0,7.849999999999999,7.599618911743164,1.399904727935791,1.869964838027954,0,0.0,1.3749839067459106,0.4999937647443273,0.007577653251200168,1,1
94,1,60,-2.252779960632324,2.127171754837036,1.5526738166809082,3,0,0,1,0.0,0,0,0,1,8.378408067339434,7.416875839233398,1.3542189598083496,1.5895167589187622,0,0.0,1.3534163236618042,0.49229092727763757,0.2772620625923106,0,0
94,1,60,-2.252779960632324,2.127171754837036,1.5526738166809082,3,0,0,1,0.0,0,0,0,2,8.378408067339434,7.404254913330078,1.3510637283325195,1.564469814300537,0,0.0,1.353300929069519,0.4922496851858541,0.2778326513917571,0,0
94,1,70,-2.2502496242523193,2.3610618114471436,1.5662494897842407,3,0,0,1,0.0,0,0,0,0,7.649999999999999,7.5999603271484375,1.3999900817871094,1.835513949394226,0,0.0,1.3749942779541016,0.49999944095166116,0.002135397666068086,1,1
94,1,70,-2.2502496242523193,2.3610618114471436,1.5662494897842407,3,0,0,1,0.0,0,0,0,1,8.181662445769591,7.396583557128906,1.3491458892822266,1.5649062395095825,0,0.0,1.3527125120162964,0.4920403975743377,0.2790819274140451,0,0
94,1,70,-2.2502496242523193,2.3610618114471436,1.5662494897842407,3,0,0,1,0.0,0,0,0,2,8.181662445769591,7.392887115478516,1.348221778869629,1.5646579265594482,0,0.0,1.352623701095581,0.4920086078827032,0.27956771953973086,0,0
94,1,80,-2.2504231929779053,2.5954973697662354,1.5753666162490845,3,0,0,1,0.0,0,0,0,0,7.399999999999999,7.599964141845703,1.3999910354614258,1.595175862312317,0,0.0,1.3749942779541016,0.49999904666668943,0.002729718271079532,1,1
94,1,80,-2.2504231929779053,2.5954973697662354,1.5753666162490845,3,0,0,1,0.0,0,0,0,1,7.936060486759423,7.396100997924805,1.3490252494812012,1.5646964311599731,0,0.0,1.3520803451538086,0.4918142409661489,0.2776995919812251,0,0
94,1,80,-2.2504231929779053,2.5954973697662354,1.5753666162490845,3,0,0,1,0.0,0,0,0,2,7.936060486759423,7.400106430053711,1.3500266075134277,1.564711332321167,0,0.0,1.3522593975067139,0.49187829243309233,0.27667368331711467,0,0
94,1,90,-2.2515201568603516,2.8304474353790283,1.5764408111572266,3,0,0,1,0.0,0,0,0,0,7.169552570581435,7.599954605102539,1.3999886512756348,1.381594181060791,0,0.0,1.3749945163726807,0.49999750102668855,0.0044665049083516,1,1
94,1,90,-2.2515201568603516,2.8304474353790283,1.5764408111572266,3,0,0,1,0.0,0,0,0,1,7.710033128467915,7.391895294189453,1.3479738235473633,1.4393486976623535,0,0.0,1.3516535758972168,0.4916616439340112,0.2808862275042548,0,0
94,1,90,-2.2515201568603516,2.8304474353790283,1.5764408111572266,3,0,0,1,0.0,0,0,0,2,7.710033128467915,7.397502899169922,1.3493757247924805,1.4985380172729492,0,0.0,1.3520070314407349,0.49178746766770337,0.27883767570301293,0,0
94,1,100,-2.2529046535491943,3.067462682723999,1.5750864744186401,3,0,0,1,0.0,0,0,0,0,6.932537323236464,7.599956512451172,1.399989128112793,1.1489801406860352,0,0.0,1.374993085861206,0.4999964072061966,0.005524404620771491,1,1
94,1,100,-2.2529046535491943,3.067462682723999,1.5750864744186401,3,0,0,1,0.0,0,0,0,1,7.477981294017988,7.398792266845703,1.3496980667114258,1.2205733060836792,0,0.0,1.3531850576400757,0.49220828755761215,0.2805744166154905,0,0
94,1,100,-2.2529046535491943,3.067462682723999,1.5750864744186401,3,0,0,1,0.0,0,0,0,2,7.477981294017988,7.404062271118164,1.351015567779541,1.2952797412872314,0,0.0,1.353667140007019,0.49238028095923425,0.27735442549429035,0,0
94,1,110,-2.252882480621338,3.3034207820892334,1.5672937631607056,3,0,0,1,0.0,0,0,0,0,6.6965791940689074,7.492956638336182,1.3999958038330078,0.9464866518974304,0,0.0,1.3750019073486328,0.4999993413471257,0.002889627190672979,1,1
94,1,110,-2.252882480621338,3.3034207820892334,1.5672937631607056,3,0,0,1,0.0,0,0,0,1,7.24744500680133,7.395224571228027,1.3504157066345215,0.9967808127403259,0,0.0,1.3532944917678833,0.4922476653569011,0.2779283268247056,0,0
94,1,110,-2.252882480621338,3.3034207820892334,1.5672937631607056,3,0,0,1,0.0,0,0,0,2,7.24744500680133,7.400331497192383,1.3500828742980957,1.1271363496780396,0,0.0,1.3535696268081665,0.4923464078881751,0.27594543363876145,0,0
94,1,120,-2.252129554748535,3.5388588905334473,1.5645617246627808,3,0,2,0,0.28787899017333984,0,0,0,0,6.461141085624694,7.069981575012207,1.399991512298584,0.7350078225135803,0,0.0,1.3750029802322388,0.49999949717045417,0.002432914317380744,1,0
94,1,120,-2.252129554748535,3.5388588905334473,1.5645617246627808,3,0,2,0,0.28787899017333984,0,0,0,1,7.017966874577612,6.955375671386719,1.3506369590759277,0.7764140367507935,0,0.0,1.3533766269683838,0.49227735145604107,0.2773931772041373,0,0
94,1,120,-2.252129554748535,3.5388588905334473,1.5645617246627808,3,0,2,0,0.28787899017333984,0,0,0,2,7.017966874577612,7.357860565185547,1.3496122360229492,0.9797056913375854,0,0.0,1.3534883260726929,0.4923169290155856,0.27648390144720614,0,1
94,1,130,-2.248816728591919,3.7737226486206055,1.5505017042160034,3,0,2,0,0.37145471572875977,0,0,0,0,6.226277327537535,6.772342205047607,1.3998737335205078,0.5864236950874329,0,0.0,1.3749620914459229,0.49998343249546146,0.011298012919451175,1,0
94,1,130,-2.248816728591919,3.7737226486206055,1.5505017042160034,3,0,2,0,0.37145471572875977,0,0,0,1,6.789682563207009,7.095315933227539,1.3476243019104004,0.8524093627929688,0,0.0,1.3530638217926025,0.4921630029743139,0.28642737179262845,0,0
94,1,130,-2.248816728591919,3.7737226486206055,1.5505017042160034,3,0,2,0,0.37145471572875977,0,0,0,2,7.02465722334728,7.143796920776367,1.2859492301940918,1.0442588329315186,0,0.0,1.3533673286437988,0.49227194803918956,0.3007796779240305,0,1
94,1,140,-2.2434499263763428,4.008367538452148,1.5494661331176758,3,0,2,0,0.5848822593688965,0,0,0,0,5.991632437705992,6.531529426574707,1.3998208045959473,0.46612313389778137,0,0.0,1.3749126195907593,0.49996230103663625,0.01730406814863344,1,0
94,1,140,-2.2434499263763428,4.008367538452148,1.5494661331176758,3,0,2,0,0.5848822593688965,0,0,0,1,6.562348318260678,6.861377239227295,1.346919059753418,0.7368505597114563,0,0.0,1.3526579141616821,0.49201423507852426,0.2923022261556901,0,0
94,1,140,-2.2434499263763428,4.008367538452148,1.5494661331176758,3,0,2,0,0.5848822593688965,0,0,0,2,6.8017543427816705,7.1164116859436035,1.284681797027588,0.9888423085212708,0,0.0,1.3529670238494873,0.4921244674548653,0.3047697630504701,0,1
94,1,150,-2.2393927574157715,4.242475509643555,1.559305191040039,3,0,2,0,0.4260826110839844,0,0,0,0,5.757524466514586,6.439413547515869,1.3998804092407227,0.4199458956718445,0,0.0,1.3749170303344727,0.49996371024982267,0.017782524133097933,1,0
94,1,150,-2.2393927574157715,4.242475509643555,1.559305191040039,3,0,2,0,0.4260826110839844,0,0,0,1,6.336397054245003,6.61253023147583,1.3475708961486816,0.611123263835907,0,0.0,1.3525274991989136,0.4919678044804008,0.29266059055282956,0,0
94,1,150,-2.2393927574157715,4.242475509643555,1.559305191040039,3,0,2,0,0.4260826110839844,0,0,0,2,6.580651624665361,6.8654961585998535,1.2854628562927246,0.8618224263191223,0,0.0,1.3523746728897095,0.4919132139733886,0.3086324735612127,0,1
94,1,160,-2.238321304321289,4.477136611938477,1.5660544633865356,2,0,1,0,0.02534198760986328,0,0,0,0,5.522863364219664,6.377030372619629,1.3968348503112793,0.3948456048965454,0,0.0,1.3718609809875488,0.49887296480894683,0.016587308119444522,1,0
94,1,160,-2.238321304321289,4.477136611938477,1.5660544633865356,2,0,1,0,0.02534198760986328,0,0,0,1,6.110936520525794,6.402372360229492,1.34806489944458,0.5050564408302307,0,0.0,1.3525632619857788,0.49198116385703733,0.2914270938538837,0,1
94,1,170,-2.2358908653259277,4.711489677429199,1.5580286979675293,3,0,2,0,0.09695291519165039,0,0,0,0,5.288510417938231,6.2943315505981445,1.3734893798828125,0.4001869857311249,0,0.0,1.3485430479049683,0.4905411128019087,0.022676378244147637,1,0
94,1,170,-2.2358908653259277,4.711489677429199,1.5580286979675293,3,0,2,0,0.09695291519165039,0,0,0,1,5.886996193520581,6.247788906097412,1.346686840057373,0.4305206835269928,0,0.0,1.3522429466247559,0.49186242923504053,0.2974680170281761,0,0
94,1,170,-2.2358908653259277,4.711489677429199,1.5580286979675293,3,0,2,0,0.09695291519165039,0,0,0,2,6.142492944957581,6.391284465789795,1.2828645706176758,0.6299131512641907,0,0.0,1.3520777225494385,0.4918030242002551,0.3112982156963673,0,1
94,1,180,-2.23287296295166,4.945875644683838,1.5612832307815552,3,0,1,0,0.008355140686035156,0,0,0,0,5.0541244506835925,6.165801048278809,1.3442449569702148,0.39441072940826416,0,0.0,1.3193027973175049,0.4800964541501872,0.02519481043394218,1,0
94,1,180,-2.23287296295166,4.945875644683838,1.5612832307815552,3,0,1,0,0.008355140686035156,0,0,0,1,5.664502565949016,6.174156188964844,1.346553087234497,0.3939720094203949,0,0.0,1.3520724773406982,0.4917991212624115,0.2999551473198149,0,1
94,1,180,-2.23287296295166,4.945875644683838,1.5612832307815552,3,0,1,0,0.008355140686035156,0,0,0,2,5.742595865951756,5.700029373168945,1.275392770767212,0.299229234457016,0,0.0,1.2585197687149048,0.45838774243365255,0.2282592151018017,0,0
94,1,190,-2.229893922805786,5.1817779541015625,1.5527184009552002,3,0,0,1,0.0,0,0,0,0,4.818222141265868,6.137923717498779,1.3247227668762207,0.41951635479927063,0,0.0,1.2998340129852295,0.4731340296719907,0.032028834748991306,1,1
94,1,190,-2.229893922805786,5.1817779541015625,1.5527184009552002,3,0,0,1,0.0,0,0,0,1,5.442394279830658,5.287515640258789,1.1707499027252197,0.3022579550743103,0,0.0,1.161466121673584,0.4237170155209133,0.26137854511031555,0,0
94,1,190,-2.229893922805786,5.1817779541015625,1.5527184009552002,3,0,0,1,0.0,0,0,0,2,5.442394279830658,6.033361434936523,1.327831506729126,0.36101773381233215,0,0.0,1.3334338665008545,0.4851340940217774,0.30215275870407454,0,0
94,1,200,-2.2242541313171387,5.416016578674316,1.5421898365020752,3,0,0,1,0.0,0,0,0,0,4.584569195298647,6.4735612869262695,1.396317720413208,0.4441452622413635,0,0.0,1.3722158670425415,0.49900089090114175,0.02273282853049483,1,1
94,1,200,-2.2242541313171387,5.416016578674316,1.5421898365020752,3,0,0,1,0.0,0,0,0,1,5.243299360475139,6.132951736450195,1.3421850204467773,0.3821059465408325,0,0.0,1.3530024290084839,0.4921393087281351,0.2795590025714277,0,0
94,1,200,-2.2242541313171387,5.416016578674316,1.5421898365020752,3,0,0,1,0.0,0,0,0,2,5.321142071446526,5.175163269042969,1.1194157600402832,0.34875011444091797,0,0.0,1.1219393014907837,0.4096164203076598,0.30538118725798846,0,0
94,1,210,-2.2152366638183594,5.648859977722168,1.52260422706604,3,0,0,1,0.0,0,0,0,0,4.351797504183933,6.471487998962402,1.3958065509796143,0.4441309869289398,0,0.0,1.372238278388977,0.49901343390028235,0.01868240114095935,1,1
94,1,210,-2.2152366638183594,5.648859977722168,1.52260422706604,3,0,0,1,0.0,0,0,0,1,4.989891921853097,6.285414695739746,1.3518929481506348,0.43892133235931396,0,0.0,1.3504931926727295,0.4912478277422103,0.2916994118377633,0,0
94,1,210,-2.2152366638183594,5.648859977722168,1.52260422706604,3,0,0,1,0.0,0,0,0,2,5.0306630279665185,6.1124958992004395,1.3372437953948975,0.3817604184150696,0,0.0,1.3512303829193115,0.49151070905378924,0.28554142870788146,0,0
94,1,220,-2.203540086746216,5.8835673332214355,1.520380973815918,3,0,0,1,0.0,0,0,0,0,4.117182698672682,6.427433013916016,1.395714521408081,0.42228734493255615,0,0.0,1.3721606731414795,0.4989784956067051,0.023050226466695516,1,1
94,1,220,-2.203540086746216,5.8835673332214355,1.520380973815918,3,0,0,1,0.0,0,0,0,1,4.820147005074741,6.15509557723999,1.335214614868164,0.40711861848831177,0,0.0,1.3503707647323608,0.4911954834716759,0.2966981209654292,0,0
94,1,220,-2.203540086746216,5.8835673332214355,1.520380973815918,3,0,0,1,0.0,0,0,0,2,4.899795745908496,6.088103294372559,1.3258452415466309,0.3923611342906952,0,0.0,1.3500970602035522,0.4910988455096269,0.31551771861757366,0,0
94,1,230,-2.1918890476226807,6.11850643157959,1.5261276960372925,3,0,0,1,0.0,0,0,0,0,3.8823666114039144,6.282914638519287,1.3968992233276367,0.3476588726043701,0,0.0,1.373339056968689,0.4993169451460376,0.030106540363599953,1,1
94,1,230,-2.1918890476226807,6.11850643157959,1.5261276960372925,3,0,0,1,0.0,0,0,0,1,4.614377935084455,6.225451469421387,1.3350682258605957,0.4425893723964691,0,0.0,1.3508083820343018,0.49127078879017205,0.30453320665459715,0,0
94,1,230,-2.1918890476226807,6.11850643157959,1.5261276960372925,3,0,0,1,0.0,0,0,0,2,4.74167719157575,5.485575199127197,1.2829194068908691,0.1769486963748932,0,0.0,1.3399688005447388,0.4873998476778127,0.3175836597119215,0,0
94,1,240,-2.1836836338043213,6.352080345153809,1.540622591972351,3,0,1,0,0.09970760345458984,0,0,0,0,3.648962771712226,6.140830039978027,1.374955177307129,0.32050466537475586,0,0.0,1.3507771492004395,0.49132667469633734,0.03248494814371124,1,0
94,1,240,-2.1836836338043213,6.352080345153809,1.540622591972351,3,0,1,0,0.09970760345458984,0,0,0,1,4.416246905567816,6.240537643432617,1.3367915153503418,0.44668591022491455,0,0.0,1.351732850074768,0.4916675502399864,0.3071653974563998,0,1
94,1,240,-2.1836836338043213,6.352080345153809,1.540622591972351,3,0,1,0,0.09970760345458984,0,0,0,2,4.52443005127332,4.774269104003906,1.1782240867614746,0.03068627417087555,0,0.0,1.264236569404602,0.4598974339755036,0.3295177489384008,0,0
94,1,250,-2.1761436462402344,6.58500337600708,1.5283315181732178,3,0,1,0,0.20250511169433594,0,0,0,0,3.4162911923308816,5.886314868927002,1.311931848526001,0.3192937672138214,0,0.0,1.2881925106048584,0.4689506159578251,0.04787929972697251,1,0
94,1,250,-2.1761436462402344,6.58500337600708,1.5283315181732178,3,0,1,0,0.20250511169433594,0,0,0,1,4.227189766523134,6.088819980621338,1.3321409225463867,0.3801281452178955,0,0.0,1.3503793478012085,0.491160955708266,0.3223782493474386,0,1
94,1,250,-2.1761436462402344,6.58500337600708,1.5283315181732178,3,0,1,0,0.20250511169433594,0,0,0,2,4.496711686046787,-16.09604263305664,0.9982209205627441,-0.04446272924542427,1,0.0,1.1446995735168457,0.416421818543255,0.4624298953989693,0,0
94,1,260,-2.159386157989502,6.817050457000732,1.4752590656280518,3,0,1,0,0.09073543548583984,0,0,0,0,3.1897399356408114,5.949679374694824,1.2899976968765259,0.39484429359436035,0,0.0,1.2717610597610474,0.4631060878692444,0.0442406637740845,1,0
94,1,260,-2.159386157989502,6.817050457000732,1.4752590656280518,3,0,1,0,0.09073543548583984,0,0,0,1,4.084733273959533,6.040414810180664,1.3139253854751587,0.39235666394233704,0,0.0,1.3497847318649292,0.49097184055923826,0.31708255637807764,0,1
94,1,260,-2.159386157989502,6.817050457000732,1.4752590656280518,3,0,1,0,0.09073543548583984,0,0,0,2,4.436576524551947,5.8282318115234375,1.2171144485473633,0.4798870384693146,0,0.0,1.3561700582504272,0.4932518251352471,0.28292312446143414,0,0
94,1,270,-2.136774778366089,7.0509161949157715,1.483320951461792,3,0,0,1,0.0,0,0,0,0,2.9590036735525986,5.774702072143555,1.246204137802124,0.3949427306652069,0,0.0,1.227439522743225,0.4472346603566758,0.0550979659065532,1,1
94,1,270,-2.136774778366089,7.0509161949157715,1.483320951461792,3,0,0,1,0.0,0,0,0,1,3.925984349976453,5.762856960296631,1.2673572301864624,0.3467140793800354,0,0.0,1.299727201461792,0.4730520532919901,0.3175947816484467,0,0
94,1,270,-2.136774778366089,7.0509161949157715,1.483320951461792,3,0,0,1,0.0,0,0,0,2,4.289464909851576,5.716297626495361,1.2063971757888794,0.44535452127456665,0,0.0,1.3535099029541016,0.49225952887367846,0.308210155541254,0,0
94,1,280,-2.122026205062866,7.286005020141602,1.533375859260559,3,0,0,1,0.0,0,0,0,0,2.7530108724924642,6.142168045043945,1.338335633277893,0.39441272616386414,0,0.0,1.3205722570419312,0.48056004781932427,0.019446619900888546,1,1
94,1,280,-2.122026205062866,7.286005020141602,1.533375859260559,3,0,0,1,0.0,0,0,0,1,3.792140314842581,5.839735984802246,1.2939759492874146,0.33191612362861633,0,0.0,1.310970664024353,0.4771303548350176,0.2501205887768147,0,0
94,1,280,-2.122026205062866,7.286005020141602,1.533375859260559,3,0,0,1,0.0,0,0,0,2,4.165818902651452,5.683830738067627,1.2249449491500854,0.3920253813266754,0,0.0,1.3539373874664307,0.49247582263606254,0.28793816573947234,0,0
